Date,Time,"Đã cam kết bộ nhớ ảo [MB]","Bộ nhớ ảo có sẵn [MB]","Tải bộ nhớ ảo [%]","Bộ nhớ vật lý được sử dụng [MB]","Bộ nhớ vật lý có sẵn [MB]","Tải bộ nhớ vật lý [%]","Sử dụng tệp trang [%]","Page File Total [MB]","Page File Used [MB]","Core VIDs (avg) [V]","Core 0 VID [V]","Core 1 VID [V]","Core 2 VID [V]","Core 3 VID [V]","Core 4 VID [V]","Core 5 VID [V]","Đồng hồ lõi (avg) [MHz]","Core 0 Đồng [MHz]","Core 1 Đồng [MHz]","Core 2 Đồng [MHz]","Core 3 Đồng [MHz]","Core 4 Đồng [MHz]","Core 5 Đồng [MHz]","Đồng hồ Bus [MHz]","Ring/LLC Đồng [MHz]","Đồng hồ System Agent [MHz]","Đồng hồ hiệu quả cốt lõi (avg) [MHz]","Core 0 T0 Tần suất hiệu quả [MHz]","Core 0 T1 Tần suất hiệu quả [MHz]","Core 1 T0 Tần suất hiệu quả [MHz]","Core 1 T1 Tần suất hiệu quả [MHz]","Core 2 T0 Tần suất hiệu quả [MHz]","Core 2 T1 Tần suất hiệu quả [MHz]","Core 3 T0 Tần suất hiệu quả [MHz]","Core 3 T1 Tần suất hiệu quả [MHz]","Core 4 T0 Tần suất hiệu quả [MHz]","Core 4 T1 Tần suất hiệu quả [MHz]","Core 5 T0 Tần suất hiệu quả [MHz]","Core 5 T1 Tần suất hiệu quả [MHz]","Đồng hồ hiệu quả trung bình [MHz]","Sử dụng cốt lõi (avg) [%]","Core 0 T0 Cách sử dụng [%]","Core 0 T1 Cách sử dụng [%]","Core 1 T0 Cách sử dụng [%]","Core 1 T1 Cách sử dụng [%]","Core 2 T0 Cách sử dụng [%]","Core 2 T1 Cách sử dụng [%]","Core 3 T0 Cách sử dụng [%]","Core 3 T1 Cách sử dụng [%]","Core 4 T0 Cách sử dụng [%]","Core 4 T1 Cách sử dụng [%]","Core 5 T0 Cách sử dụng [%]","Core 5 T1 Cách sử dụng [%]","Sử dụng CPU / luồng tối đa [%]","Tổng mức sử dụng CPU [%]","Điều chế đồng hồ theo yêu cầu [%]","Sử dụng cốt lõi (avg) [%]","Core 0 T0 Sử dụng [%]","Core 0 T1 Sử dụng [%]","Core 1 T0 Sử dụng [%]","Core 1 T1 Sử dụng [%]","Core 2 T0 Sử dụng [%]","Core 2 T1 Sử dụng [%]","Core 3 T0 Sử dụng [%]","Core 3 T1 Sử dụng [%]","Core 4 T0 Sử dụng [%]","Core 4 T1 Sử dụng [%]","Core 5 T0 Sử dụng [%]","Core 5 T1 Sử dụng [%]","Tổng mức sử dụng CPU [%]","Hệ số xung nhịp lõi (avg) [x]","Core 0 Hệ số nhân [x]","Core 1 Hệ số nhân [x]","Core 2 Hệ số nhân [x]","Core 3 Hệ số nhân [x]","Core 4 Hệ số nhân [x]","Core 5 Hệ số nhân [x]","Uncore Hệ số nhân [x]","Nhiệt độ lõi (avg) [°F]","Core 0 [°F]","Core 1 [°F]","Core 2 [°F]","Core 3 [°F]","Core 4 [°F]","Core 5 [°F]","Khoảng cách cốt lõi đến TjMAX (avg) [°F]","Core 0 Khoảng cách đến TjMAX [°F]","Core 1 Khoảng cách đến TjMAX [°F]","Core 2 Khoảng cách đến TjMAX [°F]","Core 3 Khoảng cách đến TjMAX [°F]","Core 4 Khoảng cách đến TjMAX [°F]","Core 5 Khoảng cách đến TjMAX [°F]","Toàn bộ CPU [°F]","Tối đa cốt lõi [°F]","Điều chỉnh nhiệt lõi (avg) [Yes/No]","Core 0 Điều chỉnh nhiệt [Yes/No]","Core 1 Điều chỉnh nhiệt [Yes/No]","Core 2 Điều chỉnh nhiệt [Yes/No]","Core 3 Điều chỉnh nhiệt [Yes/No]","Core 4 Điều chỉnh nhiệt [Yes/No]","Core 5 Điều chỉnh nhiệt [Yes/No]","Nhiệt độ tới hạn cốt lõi (avg) [Yes/No]","Core 0 Nhiệt độ nguy hiểm [Yes/No]","Core 1 Nhiệt độ nguy hiểm [Yes/No]","Core 2 Nhiệt độ nguy hiểm [Yes/No]","Core 3 Nhiệt độ nguy hiểm [Yes/No]","Core 4 Nhiệt độ nguy hiểm [Yes/No]","Core 5 Nhiệt độ nguy hiểm [Yes/No]","Đã vượt quá giới hạn năng lượng lõi (avg) [Yes/No]","Core 0 Đã vượt quá giới hạn công suất [Yes/No]","Core 1 Đã vượt quá giới hạn công suất [Yes/No]","Core 2 Đã vượt quá giới hạn công suất [Yes/No]","Core 3 Đã vượt quá giới hạn công suất [Yes/No]","Core 4 Đã vượt quá giới hạn công suất [Yes/No]","Core 5 Đã vượt quá giới hạn công suất [Yes/No]","Gói / Vòng điều chỉnh nhiệt [Yes/No]","Gói / Vòng nhiệt độ tới hạn [Yes/No]","Đã vượt quá giới hạn công suất của gói / chuông [Yes/No]","Toàn bộ CPU [°F]","CPU IA Cores [°F]","VR VCC Dòng điện (SVID IOUT) [A]","Mức tiêu thụ toàn bộ nguồn của CPU [W]","Các lõi IA Tiêu thụ điện năng [W]","Mức tiêu thụ điện còn lại của chip [W]","Giới hạn nguồn PL1 (Static) [W]","Giới hạn nguồn PL1 (Dynamic) [W]","Giới hạn nguồn PL2 (Static) [W]","Giới hạn nguồn PL2 (Dynamic) [W]","VR VCC Sự tiêu thụ năng lượng (SVID POUT) [W]","Core C0 Người ở (avg) [%]","Core 0 T0 C0 Người ở [%]","Core 0 T1 C0 Người ở [%]","Core 1 T0 C0 Người ở [%]","Core 1 T1 C0 Người ở [%]","Core 2 T0 C0 Người ở [%]","Core 2 T1 C0 Người ở [%]","Core 3 T0 C0 Người ở [%]","Core 3 T1 C0 Người ở [%]","Core 4 T0 C0 Người ở [%]","Core 4 T1 C0 Người ở [%]","Core 5 T0 C0 Người ở [%]","Core 5 T1 C0 Người ở [%]","Core C7 Người ở (avg) [%]","Core 0 C7 Người ở [%]","Core 1 C7 Người ở [%]","Core 2 C7 Người ở [%]","Core 3 C7 Người ở [%]","Core 4 C7 Người ở [%]","Core 5 C7 Người ở [%]","Đồng hồ ghi nhớ [MHz]","Hệ số nhân xung nhịp bộ nhớ [x]","Tcas [T]","Trcd [T]","Trp [T]","Tras [T]","Trc [T]","Trfc [T]","Command Rate [T]","IA Limit Reasons (avg) [Yes/No]","IA: PROCHOT [Yes/No]","IA: Sự kiện nhiệt [Yes/No]","IA: DDR RAPL [Yes/No]","IA: PCS (PECI) [Yes/No]","IA: Residency State Regulation [Yes/No]","IA: Giới hạn nhiệt trung bình đang chạy (RATL) [Yes/No]","IA: Cảnh báo nhiệt VR [Yes/No]","IA: VR TDC [Yes/No]","IA: Điểm thiết kế điện / Khác (ICCmax  PL4  SVID  DDR RAPL) [Yes/No]","IA: Package-Level RAPL/PBM PL1 [Yes/No]","IA: Package-Level RAPL/PBM PL2 PL3 [Yes/No]","IA: Max Turbo Limit [Yes/No]","IA: Suy hao Turbo (MCT) [Yes/No]","IA: Thermal Velocity Boost [Yes/No]","IA: VmaxStress [Yes/No]","GT Limit Reasons (avg) [Yes/No]","GT: PROCHOT [Yes/No]","GT: Sự kiện nhiệt [Yes/No]","GT: DDR RAPL [Yes/No]","GT: Residency State Regulation [Yes/No]","GT: Giới hạn nhiệt trung bình chạy (RATL) [Yes/No]","GT: Cảnh báo nhiệt VR [Yes/No]","GT: VR TDC [Yes/No]","GT: Max VR Voltage  ICCmax  PL4 [Yes/No]","GT: Domain-Level PBM PLGT [Yes/No]","GT: Package-Level RAPL/PBM PL1 [Yes/No]","GT: Package-Level RAPL/PBM PL2 PL3 [Yes/No]","GT: Inefficient Operation [Yes/No]","GT: Giới hạn cầu chì [Yes/No]","Ring Limit Reasons (avg) [Yes/No]","RING: PROCHOT [Yes/No]","RING: Sự kiện nhiệt [Yes/No]","RING: DDR RAPL [Yes/No]","RING: Residency State Regulation [Yes/No]","RING: Giới hạn nhiệt trung bình đang chạy (RATL) [Yes/No]","RING: Cảnh báo nhiệt VR [Yes/No]","RING: VR TDC [Yes/No]","RING: Max VR Voltage  ICCmax  PL4 [Yes/No]","RING: Package-Level RAPL/PBM PL1 [Yes/No]","RING: Package-Level RAPL/PBM PL2 PL3 [Yes/No]","PCH Nhiệt độ [°F]","Hệ thống1 [°F]","PCH [°F]","CPU [°F]","VRM MOS [°F]","Vcore [V]","+3 3V [V]","+12V [V]","+5V [V]","iGPU VAXG [V]","VCCSA [V]","DRAM [V]","3VSB [V]","VBAT [V]","AVCC3 [V]","CPU [RPM]","Hệ thống 1 [RPM]","Hệ thống 2 [RPM]","Xâm nhập khung gầm [Yes/No]","Nhiệt độ đĩa [°F]","Hỏng ổ đĩa [Yes/No]","Cảnh báo đĩa [Yes/No]","Nhiệt độ đĩa [°F]","Đời sống còn lại của đĩa [%]","Hỏng ổ đĩa [Yes/No]","Cảnh báo đĩa [Yes/No]","Tổng số lần ghi [GB]","Tổng số NAND ghi [GB]","Tổng số lần đọc [GB]","Nhiệt độ đĩa [°F]","Đời sống còn lại của đĩa [%]","Drive Available Spare [%]","Hỏng ổ đĩa [Yes/No]","Cảnh báo đĩa [Yes/No]","Tổng số lần ghi [GB]","Tổng số lần đọc [GB]","Hoạt động của Đọc [%]","Hoạt động của Viết [%]","Tổng số hoạt động [%]","Tỷ lệ đọc [MB/s]","Tỷ lệ viết [MB/s]","Đọc tổng cộng [MB]","Viết tổng cộng [MB]","Hoạt động của Đọc [%]","Hoạt động của Viết [%]","Tổng số hoạt động [%]","Tỷ lệ đọc [MB/s]","Tỷ lệ viết [MB/s]","Đọc tổng cộng [MB]","Viết tổng cộng [MB]","Hoạt động của Đọc [%]","Hoạt động của Viết [%]","Tổng số hoạt động [%]","Tỷ lệ đọc [MB/s]","Tỷ lệ viết [MB/s]","Đọc tổng cộng [MB]","Viết tổng cộng [MB]","Nhiệt độ GPU [°F]","Nhiệt độ điểm nóng GPU [°F]","Giới hạn nhiệt GPU [°F]","Điện áp lõi GPU [V]","GPU Sự tiêu thụ năng lượng (Total) [W]","Mức tiêu thụ điện năng của dòng GPU (avg) [W]","Nguồn PP đầu vào GPU Sự tiêu thụ năng lượng (est) [W]","GPU PCIe +3 3V Đầu vào Sự tiêu thụ năng lượng (est) [W]","Nguồn PP đầu vào GPU Sự tiêu thụ năng lượng (sum) [W]","GPU PCIe +12V Đầu vào Sự tiêu thụ năng lượng (sum) [W]","GPU Core (NVVDD) Đầu ra Sự tiêu thụ năng lượng [W]","Giới hạn công suất GPU (định mức) [W]","Giới hạn công suất GPU (tối đa) [W]","Đồng hồ GPU [MHz]","Đồng hồ bộ nhớ GPU [MHz]","Đồng hồ video GPU [MHz]","Đồng hồ hiệu quả GPU [MHz]","Tốc độ xung nhịp bộ nhớ GPU (đo được) [MHz]","Tải trọng lõi GPU [%]","Tải bộ điều khiển bộ nhớ GPU [%]","Tải động cơ video GPU [%]","Tải Bus GPU [%]","Sử dụng bộ nhớ GPU [%]","GPU D3D Cách sử dụng (avg) [%]","Sử dụng GPU D3D [%]","GPU Video Decode 0 Cách sử dụng [%]","GPU Máy thở [%]","GPU Giới hạn hiệu suất (avg) [Yes/No]","Giới hạn hiệu suất - Sự tiêu thụ năng lượng [Yes/No]","Giới hạn hiệu suất - Nhiệt [Yes/No]","Giới hạn hiệu suất - Điện áp độ tin cậy [Yes/No]","Giới hạn hiệu suất - Điện áp hoạt động tối đa [Yes/No]","Giới hạn hiệu suất - Sử dụng [Yes/No]","Giới hạn hiệu suất - SLI GPUBoost Sync [Yes/No]","PCI Express Error Counters (avg) []","Receiver Errors []","Replay Count []","Replay Rollover Count []","Bad DLLP Count []","Bad TLP Count []","LCRC Error Count []","NAKs Sent Count []","NAKs Received Count []","Recovery Count []","Correctable Error Count []","Non-Fatal Error Count []","Fatal Error Count []","Unsupported Request Count []","PCIe Lane 0 Errors []","PCIe Lane 1 Errors []","PCIe Lane 2 Errors []","PCIe Lane 3 Errors []","PCIe Lane 4 Errors []","PCIe Lane 5 Errors []","PCIe Lane 6 Errors []","PCIe Lane 7 Errors []","PCIe Lane 8 Errors []","PCIe Lane 9 Errors []","PCIe Lane 10 Errors []","PCIe Lane 11 Errors []","PCIe Lane 12 Errors []","PCIe Lane 13 Errors []","PCIe Lane 14 Errors []","PCIe Lane 15 Errors []","GPU Memory Available [MB]","Bộ nhớ GPU được phân bổ [MB]","Bộ nhớ GPU D3D Chuyên dụng [MB]","Bộ nhớ GPU D3D động [MB]","Tốc độ liên kết PCIe [GT/s]","Tỷ lệ khung hình Presented (avg) [FPS]","Tỷ lệ khung hình Presented (99%) [FPS]","Tỷ lệ khung hình Presented (1%) [FPS]","Tỷ lệ khung hình Presented (0.1%) [FPS]","Tỷ lệ khung hình Presented (1% low) [FPS]","Tỷ lệ khung hình Presented (0.1% low) [FPS]","Tỷ lệ khung hình Displayed (avg) [FPS]","Tỷ lệ khung hình Displayed (99%) [FPS]","Tỷ lệ khung hình Displayed (1%) [FPS]","Tỷ lệ khung hình Displayed (0.1%) [FPS]","Tỷ lệ khung hình Displayed (1% low) [FPS]","Tỷ lệ khung hình Displayed (0.1% low) [FPS]","Frame Time Presented (avg) [ms]","Frame Time Presented (99%) [ms]","Frame Time Presented (1%) [ms]","Frame Time Presented (0.1%) [ms]","Frame Time Displayed (1% high) [ms]","Frame Time Displayed (0.1% high) [ms]","GPU Busy (avg) [ms]","GPU Wait (avg) [ms]","CPU Busy (avg) [ms]","CPU Wait (avg) [ms]","Animation Error (avg) [ms]","Tổng số đã tải xuống [MB]","Tổng số đã tải lên [MB]","Tỷ lệ tải xuống hiện tại [KB/s]","Tỷ lệ tải lên hiện tại [KB/s]","Lỗi hoàn toàn []","Vcore VR Nhiệt độ [°F]","VR VCC Nhiệt độ (SVID) [°F]",
8.10.2026,19:48:18.004,29627,66491,30.8,23558,25456,48.0,1.0,47104,468,1.051,1.052,1.048,1.048,1.058,1.048,1.050,3984.3,3984.3,3984.3,3984.3,3984.3,3984.3,3984.3,99.6,3685.5,996.1,1652.4,1756.5,1215.3,2044.1,1255.3,1527.0,1101.3,2474.4,1412.6,1835.3,1184.4,1823.3,2199.1,1652.4,42.8,47.9,31.7,52.2,32.4,39.9,28.3,63.5,41.6,46.8,29.9,46.3,52.7,63.5,42.8,100.0,60.8,68.5,45.2,74.3,46.5,57.6,40.9,89.1,58.4,66.8,42.8,65.7,74.0,60.8,40.0,40.0,40.0,40.0,40.0,40.0,40.0,37.0,134,131,149,127,127,131,136,78,81,63,85,85,81,76,147,149,Không,Không,Không,Không,Không,Không,Không,Không,Không,Không,Không,Không,Không,Không,Không,Không,Không,Không,Không,Không,Không,Không,Không,Không,140,140,28.829,30.816,28.539,2.306,65.0,85.0,134.0,134.0,29.000,41.4,44.5,30.5,51.2,31.5,38.3,27.6,62.0,35.4,46.0,29.7,45.7,55.1,16.8,21.9,19.3,28.1,3.3,20.9,7.3,1593.7,16.00,22,22,22,52,74,880,2,Đúng,Không,Không,Không,Không,Không,Không,Không,Không,Không,Không,Không,Đúng,Đúng,Không,Không,Không,Không,Không,Không,Không,Không,Không,Không,Không,Không,Không,Không,Không,Không,Không,Không,Không,Không,Không,Không,Không,Không,Không,Không,Không,168.8,115,135,138,147,1.020,3.245,11.952,5.010,0.024,1.308,1.212,3.360,3.144,3.072,1534,0,0,Đúng,113,Không,Không,111,92.0,Không,Không,8827,12972,45315,138,87.0,100.0,Không,Không,46181,41440,100.0,100.0,100.0,24.477,1.271,9027,19918,0.0,0.2,0.2,0.000,0.143,341,628,0.2,3.6,3.8,0.102,16.802,22086,75787,111.9,126.3,181.4,0.675,6.271,4.893,12.000,0.076,6.024,6.195,0.171,19.600,19.600,139.0,405.0,544.0,134.0,400.9,9.0,15.0,0.0,4.0,47.3,4.4,8.9,0.0,50,Đúng,Không,Không,Không,Không,Đúng,Không,5,0,0,0,0,0,0,0,0,150,0,0,0,0,0,0,0,0,0,0,0,0,0,0,0,0,0,0,0,0,2157,1939,1863,136,2.5,15.2,77.5,2.0,1.8,1.8,1.8,15.2,75.2,2.0,1.8,1.8,1.8,65.66,498.63,12.90,12.89,545.78,545.78,2.33,63.44,65.66,0.00,41.26,16542,1497,285.4,11.0,0,32.0,52,
8.10.2026,19:48:41.226,29481,66637,30.6,23599,25415,48.1,1.0,47104,468,1.051,1.051,1.052,1.055,1.051,1.051,1.049,3984.3,3984.3,3984.3,3984.3,3984.3,3984.3,3984.3,99.6,3685.5,996.1,1299.1,1400.9,914.7,1489.3,1030.0,1164.1,1151.0,1004.0,2931.7,1165.5,948.5,1325.6,1063.5,1299.1,34.2,36.7,23.8,38.3,26.7,30.2,32.2,25.4,71.7,30.1,23.7,48.0,23.4,71.7,34.2,100.0,48.6,52.8,33.8,54.7,38.2,43.6,45.8,36.1,99.6,43.7,34.0,67.8,33.4,48.6,40.0,40.0,40.0,40.0,40.0,40.0,40.0,37.0,133,133,136,133,138,129,129,79,79,76,79,74,83,83,138,138,Không,Không,Không,Không,Không,Không,Không,Không,Không,Không,Không,Không,Không,Không,Không,Không,Không,Không,Không,Không,Không,Không,Không,Không,138,138,49.009,32.280,29.898,2.410,65.0,85.0,134.0,134.0,50.000,32.6,35.1,22.9,37.3,25.8,29.2,28.8,25.2,73.5,29.2,23.8,33.2,26.6,35.9,38.3,39.1,40.3,11.2,44.6,41.9,1593.7,16.00,22,22,22,52,74,880,2,Đúng,Không,Không,Không,Không,Không,Không,Không,Không,Không,Không,Không,Đúng,Đúng,Không,Không,Không,Không,Không,Không,Không,Không,Không,Không,Không,Không,Không,Không,Không,Không,Không,Không,Không,Không,Không,Không,Không,Không,Không,Không,Không,168.8,115,135,138,149,1.032,3.285,11.880,4.980,0.024,1.308,1.212,3.360,3.144,3.072,1520,0,0,Đúng,113,Không,Không,111,92.0,Không,Không,8827,12972,45315,131,87.0,100.0,Không,Không,46181,41440,100.0,100.0,100.0,34.749,0.458,9944,19950,0.0,0.1,0.1,0.000,0.070,341,629,0.6,0.3,0.8,0.224,0.226,22090,75952,112.2,126.6,181.4,0.675,6.281,4.897,12.000,0.076,6.024,6.205,0.182,19.600,19.600,151.5,405.0,544.0,134.0,402.0,16.0,17.0,0.0,6.0,41.3,4.9,9.7,0.0,50,Đúng,Không,Không,Không,Không,Đúng,Không,5,0,0,0,0,0,0,0,0,153,0,0,0,0,0,0,0,0,0,0,0,0,0,0,0,0,0,0,0,0,2405,1691,1614,137,2.5,75.0,76.2,73.6,73.6,73.6,73.6,1.9,1.9,1.9,1.9,1.9,1.9,13.34,13.63,13.09,13.02,13.63,13.63,0.70,0.49,13.21,0.12,0.12,16544,1497,158.0,12.8,0,32.0,52,
8.10.2026,19:48:52.099,29452,66666,30.6,23576,25438,48.1,1.0,47104,468,1.040,1.036,1.048,1.013,1.057,1.046,1.042,3984.3,3984.3,3984.3,3984.3,3984.3,3984.3,3984.3,99.6,3685.5,996.1,1297.2,1576.5,560.2,1231.9,746.5,968.9,1335.6,1762.3,1484.3,1736.6,1655.3,1259.2,1249.4,1297.2,33.1,40.2,14.3,31.2,19.1,24.6,30.1,42.8,40.2,47.9,43.8,32.6,30.6,47.9,33.1,100.0,47.0,57.5,20.7,45.2,27.5,35.6,42.7,60.2,56.4,67.0,61.0,46.6,43.1,47.0,40.0,40.0,40.0,40.0,40.0,40.0,40.0,37.0,130,122,124,144,138,127,126,82,90,88,68,74,85,86,144,144,Không,Không,Không,Không,Không,Không,Không,Không,Không,Không,Không,Không,Không,Không,Không,Không,Không,Không,Không,Không,Không,Không,Không,Không,138,138,37.477,32.473,30.101,2.392,65.0,85.0,134.0,134.0,22.000,32.5,39.5,14.0,30.9,18.7,24.3,33.5,44.2,37.2,43.5,41.5,31.6,31.3,35.6,39.8,49.0,45.2,26.1,18.7,34.8,1593.7,16.00,22,22,22,52,74,880,2,Đúng,Không,Không,Không,Không,Không,Không,Không,Không,Không,Không,Không,Đúng,Đúng,Không,Không,Không,Không,Không,Không,Không,Không,Không,Không,Không,Không,Không,Không,Không,Không,Không,Không,Không,Không,Không,Không,Không,Không,Không,Không,Không,168.8,115,135,136,149,1.020,3.285,11.952,5.010,0.024,1.308,1.212,3.360,3.144,3.072,1530,0,0,Đúng,113,Không,Không,111,92.0,Không,Không,8827,12972,45315,131,87.0,100.0,Không,Không,46181,41440,100.0,100.0,100.0,22.868,1.570,10265,19965,0.0,0.2,0.2,0.000,0.091,341,629,0.6,0.5,1.1,0.395,0.729,22093,75960,112.0,126.4,181.4,0.675,6.277,4.896,12.000,0.076,6.024,6.201,0.178,19.600,19.600,139.0,405.0,544.0,134.0,402.1,14.0,17.0,0.0,5.0,41.3,4.8,9.6,0.0,50,Đúng,Không,Không,Không,Không,Đúng,Không,5,0,0,0,0,0,0,0,0,153,0,0,0,0,0,0,0,0,0,0,0,0,0,0,0,0,0,0,0,0,2405,1691,1614,136,2.5,75.0,76.6,73.3,73.3,73.2,73.2,1.9,1.9,1.9,1.9,1.9,1.9,13.34,13.70,13.00,12.97,13.71,13.71,0.63,0.33,13.22,0.12,0.25,16545,1497,80.8,18.1,0,32.0,52,
8.10.2026,19:49:4.535,29467,66652,30.6,23600,25414,48.1,1.0,47104,468,1.043,1.046,1.041,1.042,1.042,1.043,1.045,3984.3,3984.3,3984.3,3984.3,3984.3,3984.3,3984.3,99.6,3685.5,996.1,1533.9,1721.6,1021.7,1887.2,1238.1,1604.4,1628.0,1621.6,1321.4,1507.1,1418.6,1968.0,1468.9,1533.9,40.8,46.0,26.8,49.0,32.3,41.8,42.6,42.7,39.1,40.1,32.5,49.5,47.3,49.5,40.8,100.0,58.3,66.1,38.7,69.9,46.4,59.6,60.4,60.9,55.6,57.8,46.6,70.4,66.8,58.2,40.0,40.0,40.0,40.0,40.0,40.0,40.0,37.0,131,124,136,133,127,136,129,81,88,76,79,85,76,83,136,136,Không,Không,Không,Không,Không,Không,Không,Không,Không,Không,Không,Không,Không,Không,Không,Không,Không,Không,Không,Không,Không,Không,Không,Không,136,136,45.165,31.328,28.965,2.391,65.0,85.0,134.0,134.0,44.000,38.4,43.2,25.6,47.3,31.0,40.2,40.8,40.6,33.1,37.8,35.5,49.2,36.8,22.6,26.4,24.5,25.3,24.5,28.0,6.8,1593.7,16.00,22,22,22,52,74,880,2,Đúng,Không,Không,Không,Không,Không,Không,Không,Không,Không,Không,Không,Đúng,Đúng,Không,Không,Không,Không,Không,Không,Không,Không,Không,Không,Không,Không,Không,Không,Không,Không,Không,Không,Không,Không,Không,Không,Không,Không,Không,Không,Không,168.8,115,135,140,149,1.044,3.285,11.880,4.980,0.024,1.296,1.212,3.360,3.144,3.072,1520,0,0,Đúng,113,Không,Không,111,92.0,Không,Không,8827,12972,45315,129,87.0,100.0,Không,Không,46181,41440,100.0,100.0,100.0,44.325,1.629,10592,19986,0.0,0.1,0.1,0.000,0.081,341,630,0.6,0.2,0.8,0.276,0.187,22099,75968,112.0,126.4,181.4,0.675,6.283,4.898,12.000,0.076,6.024,6.207,0.184,19.600,19.600,139.0,405.0,544.0,134.0,403.0,14.0,17.0,0.0,5.0,40.8,4.9,9.7,0.0,50,Đúng,Không,Không,Không,Không,Đúng,Không,5,0,0,0,0,0,0,0,0,153,0,0,0,0,0,0,0,0,0,0,0,0,0,0,0,0,0,0,0,0,2423,1673,1596,138,2.5,75.0,76.6,73.2,73.1,73.1,73.1,0.0,0.0,0.0,0.0,0.0,0.0,13.33,13.71,13.02,13.02,13.73,13.73,0.63,0.75,13.21,0.12,0.00,16547,1497,296.1,14.7,0,32.0,52,
8.10.2026,19:49:15.152,29310,66808,30.4,23500,25514,47.9,1.0,47104,468,1.050,1.049,1.045,1.048,1.048,1.056,1.054,3984.3,3984.3,3984.3,3984.3,3984.3,3984.3,3984.3,99.6,3685.5,996.1,1165.3,2209.9,455.2,1105.4,839.6,1299.5,573.3,1257.3,1081.3,1587.6,822.9,1960.4,790.5,1165.3,29.7,57.4,11.7,28.3,21.6,33.3,14.9,32.0,29.9,41.1,18.9,49.4,18.2,57.4,29.7,100.0,42.4,80.7,17.0,41.2,31.0,47.7,22.0,45.8,42.4,58.4,27.0,69.3,26.1,42.4,40.0,40.0,40.0,40.0,40.0,40.0,40.0,37.0,134,136,136,136,135,124,135,78,76,76,76,77,88,77,138,136,Không,Không,Không,Không,Không,Không,Không,Không,Không,Không,Không,Không,Không,Không,Không,Không,Không,Không,Không,Không,Không,Không,Không,Không,138,138,47.087,30.812,28.479,2.370,65.0,85.0,134.0,134.0,48.000,29.2,55.4,11.4,27.7,21.0,32.6,14.4,31.5,27.1,39.8,20.6,49.1,19.8,38.9,25.0,49.9,47.2,38.0,40.0,33.1,1593.7,16.00,22,22,22,52,74,880,2,Đúng,Không,Không,Không,Không,Không,Không,Không,Không,Không,Không,Không,Đúng,Đúng,Không,Không,Không,Không,Không,Không,Không,Không,Không,Không,Không,Không,Không,Không,Không,Không,Không,Không,Không,Không,Không,Không,Không,Không,Không,Không,Không,170.6,115,135,136,149,1.008,3.285,11.880,4.950,0.024,1.296,1.212,3.360,3.144,3.072,1510,0,0,Đúng,113,Không,Không,111,92.0,Không,Không,8827,12972,45315,129,87.0,100.0,Không,Không,46181,41440,100.0,100.0,100.0,46.618,1.018,10885,20007,0.0,0.0,0.0,0.000,0.021,341,631,0.4,0.3,0.7,0.192,0.152,22101,75984,111.8,126.2,181.4,0.675,6.287,4.900,12.000,0.076,6.024,6.211,0.188,19.600,19.600,139.0,405.0,544.0,134.0,401.6,14.0,17.0,0.0,4.0,40.9,5.0,10.1,0.0,50,Đúng,Không,Không,Không,Không,Đúng,Không,5,0,0,0,0,0,0,0,0,153,0,0,0,0,0,0,0,0,0,0,0,0,0,0,0,0,0,0,0,0,2421,1675,1596,137,2.5,75.0,76.2,73.6,73.5,73.5,73.5,0.0,0.0,0.0,0.0,0.0,0.0,13.34,13.62,13.11,13.09,13.63,13.63,0.69,0.36,13.22,0.12,0.00,16548,1497,4.6,8.9,0,32.0,52,
8.10.2026,19:49:21.521,29244,66874,30.4,23484,25530,47.9,1.0,47104,468,1.047,1.058,1.050,1.049,1.042,1.038,1.046,3984.3,3984.3,3984.3,3984.3,3984.3,3984.3,3984.3,99.6,3685.5,996.1,1295.1,1622.7,681.8,1236.5,907.0,1142.8,3049.8,1271.1,1202.0,1278.1,840.5,1467.3,841.9,1295.1,33.8,42.7,18.0,32.1,23.5,29.8,76.7,33.0,31.5,34.0,22.9,38.7,22.6,76.7,33.8,100.0,48.1,61.0,25.9,46.5,33.8,42.0,106.4,47.5,44.7,49.0,33.0,55.2,32.4,48.1,40.0,40.0,40.0,40.0,40.0,40.0,40.0,37.0,127,122,127,144,124,122,122,85,90,85,68,88,90,90,144,144,Không,Không,Không,Không,Không,Không,Không,Không,Không,Không,Không,Không,Không,Không,Không,Không,Không,Không,Không,Không,Không,Không,Không,Không,142,142,43.243,33.030,30.643,2.407,65.0,85.0,134.0,134.0,45.000,32.5,40.7,17.1,31.0,22.7,28.6,76.4,31.8,30.1,32.0,21.1,36.8,21.1,30.6,30.0,44.9,1.5,32.9,38.0,36.6,1593.7,16.00,22,22,22,52,74,880,2,Đúng,Không,Không,Không,Không,Không,Không,Không,Không,Không,Không,Không,Đúng,Đúng,Không,Không,Không,Không,Không,Không,Không,Không,Không,Không,Không,Không,Không,Không,Không,Không,Không,Không,Không,Không,Không,Không,Không,Không,Không,Không,Không,168.8,115,135,140,149,1.032,3.285,11.880,5.010,0.024,1.308,1.212,3.360,3.144,3.072,1523,0,0,Đúng,113,Không,Không,111,92.0,Không,Không,8827,12972,45315,129,87.0,100.0,Không,Không,46182,41440,100.0,100.0,100.0,60.786,1.562,11168,20014,0.0,0.1,0.1,0.000,0.062,341,631,0.4,0.6,1.0,0.426,2.533,22103,75991,111.9,126.3,181.4,0.675,6.294,4.903,12.000,0.076,6.024,6.218,0.194,19.600,19.600,139.0,405.0,544.0,134.0,402.0,14.0,16.0,0.0,5.0,40.8,4.8,9.6,0.0,50,Đúng,Không,Không,Không,Không,Đúng,Không,5,0,0,0,0,0,0,0,0,153,0,0,0,0,0,0,0,0,0,0,0,0,0,0,0,0,0,0,0,0,2423,1673,1596,136,2.5,75.0,76.5,73.8,73.6,73.5,73.5,1.9,1.9,1.9,1.9,1.9,1.9,13.33,13.59,13.04,12.97,13.65,13.65,0.72,0.80,13.21,0.12,0.16,16548,1497,4.0,6.5,0,32.0,52,
8.10.2026,19:49:28.538,29326,66792,30.5,23523,25491,47.9,1.0,47104,468,1.052,1.054,1.053,1.050,1.049,1.061,1.044,3984.3,3984.3,3984.3,3984.3,3984.3,3984.3,3984.3,99.6,3685.5,996.1,1283.2,1342.8,1167.9,1288.6,773.6,1508.6,875.6,2611.7,1490.1,1403.3,841.5,1336.3,758.3,1283.2,32.0,35.0,29.9,33.1,20.0,38.7,22.3,66.1,31.3,34.8,20.4,32.8,19.3,66.1,32.0,100.0,45.2,50.0,41.8,47.4,28.3,54.8,31.6,91.7,43.5,49.6,29.0,47.0,27.4,45.2,40.0,40.0,40.0,40.0,40.0,40.0,40.0,37.0,124,122,126,124,133,118,122,88,90,86,88,79,94,90,136,133,Không,Không,Không,Không,Không,Không,Không,Không,Không,Không,Không,Không,Không,Không,Không,Không,Không,Không,Không,Không,Không,Không,Không,Không,136,136,23.063,34.497,33.155,1.358,65.0,85.0,134.0,134.0,34.000,32.2,33.7,29.3,32.3,19.4,37.8,21.9,65.4,37.3,35.2,21.1,33.5,19.0,33.4,28.2,43.4,36.4,13.8,37.0,41.4,1593.7,16.00,22,22,22,52,74,880,2,Đúng,Không,Không,Không,Không,Không,Không,Không,Không,Không,Không,Không,Đúng,Đúng,Không,Không,Không,Không,Không,Không,Không,Không,Không,Không,Không,Không,Không,Không,Không,Không,Không,Không,Không,Không,Không,Không,Không,Không,Không,Không,Không,168.8,115,135,138,149,1.020,3.324,11.808,4.950,0.024,1.308,1.212,3.360,3.144,3.072,1527,0,0,Đúng,113,Không,Không,111,92.0,Không,Không,8827,12972,45315,129,87.0,100.0,Không,Không,46182,41440,100.0,100.0,100.0,46.259,1.080,11539,20025,0.2,0.0,0.2,0.102,0.020,341,631,0.6,0.1,0.8,0.838,0.162,22108,75998,112.5,127.0,181.4,0.694,6.304,4.906,12.000,0.076,6.024,6.228,0.204,19.600,19.600,860.5,1050.0,772.0,1044.4,1047.5,5.0,7.0,0.0,1.0,40.8,1.5,3.0,0.0,50,Đúng,Không,Không,Không,Không,Đúng,Không,5,0,0,0,0,0,0,0,0,154,0,0,0,0,0,0,0,0,0,0,0,0,0,0,0,0,0,0,0,0,2424,1672,1595,137,8.0,75.0,76.8,73.3,73.2,73.1,73.1,48.2,75.4,5.2,3.3,3.1,3.1,13.33,13.68,13.01,12.96,13.69,13.69,0.31,1.30,13.21,0.12,0.10,16550,1497,84.0,10.9,0,32.0,52,
8.10.2026,19:49:35.335,29296,66822,30.4,23523,25491,47.9,1.0,47104,468,1.052,1.055,1.042,1.043,1.056,1.055,1.059,3984.3,3984.3,3984.3,3984.3,3984.3,3984.3,3984.3,99.6,3685.5,996.1,1516.5,2428.9,957.5,1775.0,1180.8,1434.8,1061.7,1337.4,1718.1,1713.2,1226.0,2062.9,1302.1,1516.5,39.2,63.8,25.9,46.2,30.8,37.6,27.8,35.5,47.3,45.8,29.6,50.3,29.4,63.8,39.2,100.0,56.3,90.0,37.4,66.6,44.5,55.0,40.6,51.5,66.9,65.7,42.7,71.8,42.4,56.3,40.0,40.0,40.0,40.0,40.0,40.0,40.0,37.0,131,126,135,133,133,127,131,81,86,77,79,79,85,81,140,135,Không,Không,Không,Không,Không,Không,Không,Không,Không,Không,Không,Không,Không,Không,Không,Không,Không,Không,Không,Không,Không,Không,Không,Không,145,145,23.063,35.944,33.525,2.458,65.0,85.0,134.0,134.0,24.000,38.0,60.9,24.0,44.5,29.6,36.0,26.6,33.5,43.0,42.9,30.7,51.7,32.6,19.6,6.7,22.6,28.1,20.4,21.9,17.7,1593.7,16.00,22,22,22,52,74,880,2,Đúng,Không,Không,Không,Không,Không,Không,Không,Không,Không,Không,Không,Đúng,Đúng,Không,Không,Không,Không,Không,Không,Không,Không,Không,Không,Không,Không,Không,Không,Không,Không,Không,Không,Không,Không,Không,Không,Không,Không,Không,Không,Không,168.8,115,135,140,149,1.032,3.285,11.880,5.010,0.024,1.320,1.212,3.360,3.144,3.072,1510,0,0,Đúng,113,Không,Không,111,92.0,Không,Không,8827,12972,45315,129,87.0,100.0,Không,Không,46182,41440,100.0,93.8,100.0,42.950,1.285,11778,20031,0.3,0.1,0.3,0.130,0.062,342,632,0.6,0.2,0.8,0.572,0.444,22111,76003,112.9,127.3,181.4,0.781,6.361,4.929,12.000,0.076,6.024,6.285,0.262,19.600,19.600,1151.5,1050.0,1025.0,546.0,1047.7,9.0,11.0,0.0,2.0,40.8,7.4,14.9,0.0,50,Đúng,Không,Không,Không,Không,Đúng,Không,5,0,0,0,0,0,0,0,0,157,0,0,0,0,0,0,0,0,0,0,0,0,0,0,0,0,0,0,0,0,2424,1672,1595,131,8.0,75.0,76.0,73.9,73.7,73.7,73.7,13.7,75.4,2.2,2.1,2.1,2.1,13.33,13.54,13.15,13.15,13.56,13.56,0.78,1.26,13.21,0.13,2.12,16550,1497,74.0,9.9,0,32.0,52,
8.10.2026,19:49:42.013,29310,66808,30.4,23528,25486,48.0,1.0,47104,468,1.047,1.047,1.051,1.051,1.046,1.036,1.048,3984.3,3984.3,3984.3,3984.3,3984.3,3984.3,3984.3,99.6,3685.5,996.1,1280.4,2253.0,725.0,1271.4,924.3,1258.9,861.0,1310.3,1433.6,1892.5,608.7,2203.3,622.8,1280.4,32.4,56.9,18.1,31.7,22.8,31.3,21.2,32.6,35.7,47.3,32.8,41.5,16.6,56.9,32.4,100.0,46.6,80.3,26.5,46.4,33.4,45.8,31.2,47.1,50.7,66.9,46.7,59.5,24.6,46.6,40.0,40.0,40.0,40.0,40.0,40.0,40.0,37.0,127,126,127,124,124,126,135,85,86,85,88,88,86,77,135,135,Không,Không,Không,Không,Không,Không,Không,Không,Không,Không,Không,Không,Không,Không,Không,Không,Không,Không,Không,Không,Không,Không,Không,Không,136,136,22.102,32.359,31.103,1.287,65.0,85.0,134.0,134.0,23.000,32.1,56.4,18.2,31.9,23.2,31.5,21.6,32.8,35.9,47.4,15.3,55.2,15.6,32.2,22.9,42.8,43.4,33.7,18.5,31.8,1593.7,16.00,22,22,22,52,74,880,2,Đúng,Không,Không,Không,Không,Không,Không,Không,Không,Không,Không,Không,Đúng,Đúng,Không,Không,Không,Không,Không,Không,Không,Không,Không,Không,Không,Không,Không,Không,Không,Không,Không,Không,Không,Không,Không,Không,Không,Không,Không,Không,Không,168.8,115,135,136,149,1.008,3.285,11.952,4.980,0.024,1.308,1.212,3.360,3.144,3.072,1527,0,0,Đúng,113,Không,Không,111,92.0,Không,Không,8827,12972,45315,129,87.0,100.0,Không,Không,46182,41440,100.0,100.0,100.0,45.119,1.182,12001,20039,0.1,0.0,0.1,0.040,0.018,342,632,0.7,1.3,2.0,0.670,2.460,22116,76024,113.2,127.6,181.4,0.781,6.354,4.927,12.000,0.076,6.024,6.279,0.255,19.600,19.600,1151.5,1050.0,1025.0,1143.0,1048.2,4.0,7.0,0.0,1.0,40.8,2.4,4.8,0.0,50,Đúng,Không,Không,Không,Không,Đúng,Không,5,0,0,0,0,0,0,0,0,157,0,0,0,0,0,0,0,0,0,0,0,0,0,0,0,0,0,0,0,0,2424,1672,1595,132,8.0,75.0,75.7,74.1,74.1,74.1,74.1,75.0,75.1,74.9,74.9,74.9,74.9,13.34,13.54,13.20,13.20,13.54,13.54,0.31,0.03,13.22,0.12,0.08,16551,1497,177.5,12.4,0,32.0,52,
8.10.2026,19:49:49.976,29421,66697,30.6,23656,25358,48.2,1.0,47104,468,1.046,1.063,1.036,1.039,1.039,1.049,1.047,3984.3,3984.3,3984.3,3984.3,3984.3,3984.3,3984.3,99.6,3685.5,996.1,2200.5,2592.8,1767.8,2404.1,2158.7,2200.8,1706.2,2147.6,2185.1,3135.8,1426.6,3092.3,1588.4,2200.5,55.9,66.3,44.8,60.9,54.4,55.7,43.2,54.5,55.3,78.0,37.2,76.5,44.6,78.0,55.9,100.0,78.7,92.9,63.2,85.6,76.6,79.0,61.3,76.9,77.5,108.7,53.0,106.4,62.9,78.7,40.0,40.0,40.0,40.0,40.0,40.0,40.0,37.0,134,131,140,127,129,140,136,78,81,72,85,83,72,76,144,140,Không,Không,Không,Không,Không,Không,Không,Không,Không,Không,Không,Không,Không,Không,Không,Không,Không,Không,Không,Không,Không,Không,Không,Không,144,144,40.360,44.369,42.930,1.474,65.0,85.0,134.0,134.0,44.000,55.1,65.0,44.3,60.2,54.1,55.1,42.8,53.8,54.7,78.6,35.7,77.5,39.8,4.9,0.0,3.3,12.8,11.8,0.8,0.5,1593.7,16.00,22,22,22,52,74,880,2,Đúng,Không,Không,Không,Không,Không,Không,Không,Không,Không,Không,Không,Đúng,Đúng,Không,Không,Không,Không,Không,Không,Không,Không,Không,Không,Không,Không,Không,Không,Không,Không,Không,Không,Không,Không,Không,Không,Không,Không,Không,Không,Không,168.8,115,135,140,149,1.008,3.285,11.880,4.980,0.024,1.320,1.212,3.360,3.144,3.072,1558,0,0,Đúng,113,Không,Không,111,92.0,Không,Không,8827,12972,45315,129,87.0,100.0,Không,Không,46182,41440,100.0,100.0,100.0,32.749,1.240,12294,20047,0.2,0.1,0.3,0.126,0.133,343,633,12.5,4.6,17.1,18.165,8.420,22192,76046,113.5,127.8,181.4,0.781,6.349,4.925,12.000,0.076,6.024,6.273,0.250,19.600,19.600,1151.5,1050.0,1025.0,1143.1,1049.9,4.0,7.0,0.0,1.0,40.9,1.3,2.7,0.0,50,Đúng,Không,Không,Không,Không,Đúng,Không,5,0,0,0,0,0,0,0,0,157,0,0,0,0,0,0,0,0,0,0,0,0,0,0,0,0,0,0,0,0,2421,1675,1598,131,8.0,75.0,75.9,74.3,74.3,74.3,74.3,0.0,0.0,0.0,0.0,0.0,0.0,13.33,13.46,13.17,13.17,13.46,13.46,0.24,1.64,13.22,0.11,0.00,16552,1497,125.7,13.0,0,32.0,52,
8.10.2026,19:49:56.273,29388,66730,30.5,23643,25371,48.2,1.0,47104,468,1.048,1.052,1.050,1.050,1.047,1.048,1.042,3984.3,3984.3,3984.3,3984.3,3984.3,3984.3,3984.3,99.6,3685.5,996.1,1380.4,1407.9,1031.1,1625.0,938.1,1366.9,1177.7,2604.5,1444.9,1485.6,1138.5,1357.8,986.9,1380.4,36.3,37.8,26.9,42.3,24.7,36.2,30.8,66.6,37.7,41.4,29.3,35.7,25.8,66.6,36.3,100.0,51.8,54.6,38.5,60.5,35.7,52.1,43.9,93.0,53.3,59.3,42.0,51.7,37.1,51.8,40.0,40.0,40.0,40.0,40.0,40.0,40.0,37.0,131,126,135,135,140,126,126,81,86,77,77,72,86,86,140,140,Không,Không,Không,Không,Không,Không,Không,Không,Không,Không,Không,Không,Không,Không,Không,Không,Không,Không,Không,Không,Không,Không,Không,Không,142,142,37.477,33.099,31.800,1.336,65.0,85.0,134.0,134.0,41.000,34.6,35.3,25.8,40.7,23.5,34.3,29.5,65.3,36.2,37.2,28.5,34.0,24.7,27.4,30.6,34.6,32.9,5.8,26.0,34.6,1593.7,16.00,22,22,22,52,74,880,2,Đúng,Không,Không,Không,Không,Không,Không,Không,Không,Không,Không,Không,Đúng,Đúng,Không,Không,Không,Không,Không,Không,Không,Không,Không,Không,Không,Không,Không,Không,Không,Không,Không,Không,Không,Không,Không,Không,Không,Không,Không,Không,Không,168.8,115,135,140,149,1.020,3.285,11.952,5.010,0.024,1.296,1.212,3.360,3.144,3.072,1541,0,0,Đúng,113,Không,Không,111,92.0,Không,Không,8827,12972,45315,131,87.0,100.0,Không,Không,46182,41440,100.0,100.0,100.0,30.006,1.894,12504,20053,0.2,0.0,0.2,0.103,0.037,343,633,0.5,2.5,3.0,0.584,3.172,22196,76057,113.7,128.1,181.4,0.781,6.349,4.924,12.000,0.076,6.024,6.273,0.249,19.600,19.600,1151.5,1050.0,1025.0,1143.1,1049.3,3.0,7.0,0.0,1.0,40.8,1.4,2.7,0.0,50,Đúng,Không,Không,Không,Không,Đúng,Không,5,0,0,0,0,0,0,0,0,157,0,0,0,0,0,0,0,0,0,0,0,0,0,0,0,0,0,0,0,0,2424,1672,1595,131,8.0,75.0,76.0,73.8,73.7,73.7,73.7,0.0,0.0,0.0,0.0,0.0,0.0,13.34,13.60,13.13,13.13,13.61,13.61,0.27,1.60,13.21,0.13,0.00,16553,1498,344.1,13.8,0,32.0,52,
8.10.2026,19:50:3.672,29406,66712,30.5,23637,25377,48.2,1.0,47104,468,1.053,1.067,1.053,1.042,1.046,1.057,1.052,3984.3,3984.3,3984.3,3984.3,3984.3,3984.3,3984.3,99.6,3685.5,996.1,1250.3,1393.3,859.6,1168.9,889.8,1331.8,1035.2,1393.8,1380.2,3002.3,558.3,1162.1,828.9,1250.3,32.8,37.3,22.4,31.8,23.6,34.5,27.4,36.9,35.7,71.2,17.9,31.1,23.8,71.2,32.8,100.0,47.1,54.0,32.4,46.4,34.3,49.5,39.4,52.8,50.7,99.7,26.0,45.3,34.5,47.1,40.0,40.0,40.0,40.0,40.0,40.0,40.0,37.0,126,120,126,124,124,140,120,86,92,86,88,88,72,92,142,140,Không,Không,Không,Không,Không,Không,Không,Không,Không,Không,Không,Không,Không,Không,Không,Không,Không,Không,Không,Không,Không,Không,Không,Không,142,142,20.180,31.463,30.195,1.308,65.0,85.0,134.0,134.0,21.000,31.3,34.9,21.5,29.3,22.3,33.4,25.9,34.9,34.6,75.2,14.0,29.1,20.8,32.9,32.1,42.7,37.1,30.9,9.4,45.1,1593.7,16.00,22,22,22,52,74,880,2,Đúng,Không,Không,Không,Không,Không,Không,Không,Không,Không,Không,Không,Đúng,Đúng,Không,Không,Không,Không,Không,Không,Không,Không,Không,Không,Không,Không,Không,Không,Không,Không,Không,Không,Không,Không,Không,Không,Không,Không,Không,Không,Không,168.8,115,135,140,149,1.020,3.285,11.952,4.980,0.024,1.320,1.212,3.360,3.144,3.072,1527,0,0,Đúng,113,Không,Không,111,92.0,Không,Không,8827,12972,45315,129,87.0,100.0,Không,Không,46182,41440,100.0,100.0,100.0,41.611,1.057,12816,20062,0.1,0.0,0.2,0.066,0.064,344,633,0.9,0.5,1.4,1.014,0.802,22204,76065,113.7,128.1,181.4,0.781,6.355,4.927,12.000,0.076,6.024,6.279,0.255,19.600,19.600,1151.5,1050.0,1025.0,1143.0,1046.2,4.0,7.0,0.0,1.0,40.8,1.3,2.7,0.0,50,Đúng,Không,Không,Không,Không,Đúng,Không,5,0,0,0,0,0,0,0,0,157,0,0,0,0,0,0,0,0,0,0,0,0,0,0,0,0,0,0,0,0,2424,1672,1595,132,8.0,75.0,76.0,73.8,73.7,73.7,73.7,0.0,0.0,0.0,0.0,0.0,0.0,13.34,13.60,13.13,13.13,13.61,13.61,0.27,1.60,13.21,0.13,0.00,16553,1498,9.6,10.9,0,32.0,52,
8.10.2026,19:50:12.125,29402,66716,30.5,23636,25378,48.2,1.0,47104,468,1.047,1.060,1.042,1.031,1.051,1.050,1.049,3984.3,3984.3,3984.3,3984.3,3984.3,3984.3,3984.3,99.6,3685.5,996.1,1256.6,1353.8,718.0,1125.1,912.3,1155.3,1347.1,1613.9,2726.5,1448.0,657.4,1207.7,814.3,1256.6,31.9,36.2,19.0,29.7,23.5,30.1,34.4,41.9,64.3,31.9,18.7,30.0,22.7,64.3,31.9,100.0,45.4,52.0,27.2,43.3,33.7,43.2,48.6,58.7,89.4,46.2,27.1,43.4,32.6,45.4,40.0,40.0,40.0,40.0,40.0,40.0,40.0,37.0,125,120,127,124,135,120,122,87,92,85,88,77,92,90,136,135,Không,Không,Không,Không,Không,Không,Không,Không,Không,Không,Không,Không,Không,Không,Không,Không,Không,Không,Không,Không,Không,Không,Không,Không,144,144,17.297,30.571,29.300,1.297,65.0,85.0,134.0,134.0,20.000,31.5,34.0,18.0,28.2,22.9,28.9,33.8,40.4,68.3,36.3,16.5,30.3,20.4,34.5,38.4,46.0,32.4,5.1,39.0,45.9,1593.7,16.00,22,22,22,52,74,880,2,Đúng,Không,Không,Không,Không,Không,Không,Không,Không,Không,Không,Không,Đúng,Đúng,Không,Không,Không,Không,Không,Không,Không,Không,Không,Không,Không,Không,Không,Không,Không,Không,Không,Không,Không,Không,Không,Không,Không,Không,Không,Không,Không,167.0,115,135,136,149,0.996,3.324,11.880,4.980,0.024,1.308,1.212,3.360,3.144,3.072,1510,0,0,Đúng,113,Không,Không,113,92.0,Không,Không,8827,12973,45315,129,87.0,100.0,Không,Không,46182,41440,100.0,100.0,100.0,20.797,0.649,12970,20067,0.1,0.0,0.2,0.053,0.042,344,634,0.6,0.6,1.2,0.415,0.761,22207,76094,113.7,128.1,181.4,0.781,6.347,4.924,12.000,0.076,6.024,6.272,0.248,19.600,19.600,1151.5,1050.0,1025.0,1143.1,1046.0,4.0,7.0,0.0,1.0,40.8,1.3,2.7,0.0,50,Đúng,Không,Không,Không,Không,Đúng,Không,5,0,0,0,0,0,0,0,0,157,0,0,0,0,0,0,0,0,0,0,0,0,0,0,0,0,0,0,0,0,2424,1672,1595,132,8.0,75.0,76.0,73.8,73.7,73.7,73.7,0.0,0.0,0.0,0.0,0.0,0.0,13.34,13.60,13.13,13.13,13.61,13.61,0.27,1.60,13.21,0.13,0.00,16555,1498,48.4,6.9,0,32.0,52,
8.10.2026,19:50:19.519,29346,66772,30.5,23603,25412,48.1,1.0,47104,468,1.051,1.069,1.040,1.038,1.059,1.064,1.035,3984.3,3984.3,3984.3,3984.3,3984.3,3984.3,3984.3,99.6,3685.5,996.1,1229.5,1372.2,716.0,1428.2,772.2,2409.6,1024.7,922.1,2040.3,1187.7,611.9,1557.1,712.0,1229.5,30.5,35.0,18.0,36.5,19.7,56.9,27.5,23.3,54.0,28.8,16.8,31.0,18.4,56.9,30.5,100.0,44.0,51.0,26.2,52.6,29.1,80.0,39.5,34.2,75.4,42.5,25.0,45.1,27.2,44.0,40.0,40.0,40.0,40.0,40.0,40.0,40.0,37.0,130,120,122,144,126,129,136,82,92,90,68,86,83,76,144,144,Không,Không,Không,Không,Không,Không,Không,Không,Không,Không,Không,Không,Không,Không,Không,Không,Không,Không,Không,Không,Không,Không,Không,Không,145,145,44.204,30.478,28.992,1.522,65.0,85.0,134.0,134.0,41.000,30.8,34.5,17.9,35.8,19.3,60.4,25.6,23.1,51.1,29.7,15.3,39.0,17.8,34.0,38.8,36.0,15.3,26.9,48.0,39.0,1593.7,16.00,22,22,22,52,74,880,2,Đúng,Không,Không,Không,Không,Không,Không,Không,Không,Không,Không,Không,Đúng,Đúng,Không,Không,Không,Không,Không,Không,Không,Không,Không,Không,Không,Không,Không,Không,Không,Không,Không,Không,Không,Không,Không,Không,Không,Không,Không,Không,Không,168.8,115,135,140,149,0.996,3.324,11.880,4.980,0.024,1.296,1.212,3.360,3.144,3.072,1520,0,0,Đúng,113,Không,Không,113,92.0,Không,Không,8827,12973,45315,129,87.0,100.0,Không,Không,46182,41440,100.0,96.3,100.0,44.229,1.354,13195,20077,0.2,0.0,0.3,0.114,0.057,345,634,6.2,0.3,6.5,8.204,0.773,22229,76101,112.9,127.3,181.4,0.675,6.278,4.896,12.000,0.076,6.024,6.202,0.179,19.600,19.600,696.0,810.0,658.0,696.1,805.6,6.0,8.0,0.0,2.0,40.8,2.1,4.3,0.0,50,Đúng,Không,Không,Không,Không,Đúng,Không,5,0,0,0,0,0,0,0,0,158,0,0,0,0,0,0,0,0,0,0,0,0,0,0,0,0,0,0,0,0,2424,1672,1595,133,5.0,75.0,76.0,73.8,73.7,73.7,73.7,0.0,0.0,0.0,0.0,0.0,0.0,13.34,13.60,13.13,13.13,13.61,13.61,0.27,1.60,13.21,0.13,0.00,16557,1498,56.6,6.6,0,32.0,52,
8.10.2026,19:50:24.253,29386,66732,30.5,23635,25379,48.2,1.0,47104,468,1.043,1.051,1.042,1.049,1.039,1.043,1.035,3984.3,3984.3,3984.3,3984.3,3984.3,3984.3,3984.3,99.6,3685.5,996.1,1165.2,1706.7,685.1,1584.2,725.4,2151.4,783.1,1215.3,726.7,1056.7,1322.5,1463.4,562.5,1165.2,28.1,43.3,17.2,39.7,18.4,52.1,20.1,23.7,19.9,21.0,39.1,28.6,14.4,52.1,28.1,100.0,40.5,61.7,25.0,56.8,26.9,73.2,29.1,35.2,29.1,31.0,55.0,41.7,21.4,40.5,40.0,40.0,40.0,40.0,40.0,40.0,40.0,37.0,133,124,124,144,136,138,135,79,88,88,68,76,74,77,142,144,Không,Không,Không,Không,Không,Không,Không,Không,Không,Không,Không,Không,Không,Không,Không,Không,Không,Không,Không,Không,Không,Không,Không,Không,135,135,34.594,30.083,27.748,2.360,65.0,85.0,134.0,134.0,36.000,29.2,42.8,17.2,39.7,18.2,53.9,19.6,30.5,18.2,26.5,33.1,36.7,14.1,36.1,24.3,37.6,25.4,45.4,36.1,47.9,1593.7,16.00,22,22,22,52,74,880,2,Đúng,Không,Không,Không,Không,Không,Không,Không,Không,Không,Không,Không,Đúng,Đúng,Không,Không,Không,Không,Không,Không,Không,Không,Không,Không,Không,Không,Không,Không,Không,Không,Không,Không,Không,Không,Không,Không,Không,Không,Không,Không,Không,168.8,115,135,140,149,1.020,3.324,11.808,4.980,0.024,1.296,1.212,3.360,3.144,3.072,1541,0,0,Đúng,113,Không,Không,113,92.0,Không,Không,8827,12973,45315,129,87.0,100.0,Không,Không,46182,41440,100.0,100.0,100.0,35.259,1.782,13348,20083,0.2,0.0,0.2,0.083,0.061,345,635,0.5,1.0,1.5,0.364,1.514,22231,76106,112.5,126.9,181.4,0.675,6.282,4.898,12.000,0.076,6.024,6.206,0.182,19.600,19.600,151.5,405.0,544.0,134.0,402.3,18.0,18.0,0.0,5.0,40.8,4.7,9.4,0.0,50,Đúng,Không,Không,Không,Không,Đúng,Không,5,0,0,0,0,0,0,0,0,159,0,0,0,0,0,0,0,0,0,0,0,0,0,0,0,0,0,0,0,0,2424,1672,1595,132,2.5,75.0,76.0,73.8,73.7,73.7,73.7,0.0,0.0,0.0,0.0,0.0,0.0,13.34,13.60,13.13,13.13,13.61,13.61,0.27,1.60,13.21,0.13,0.00,16557,1498,5.0,8.5,0,32.0,52,
8.10.2026,19:50:29.066,29420,66699,30.6,23665,25349,48.2,1.0,47104,468,1.048,1.068,1.042,1.032,1.048,1.063,1.035,3984.3,3984.3,3984.3,3984.3,3984.3,3984.3,3984.3,99.6,3685.5,996.1,1400.2,1629.0,1215.8,1586.8,1068.8,1363.9,2266.5,1580.0,1303.9,1406.9,889.5,1344.0,1148.1,1400.2,37.1,43.4,30.0,41.0,28.6,36.3,58.8,41.4,33.0,37.4,31.2,34.6,29.1,58.8,37.1,100.0,53.2,62.4,42.8,59.0,41.3,52.3,82.5,59.5,47.1,54.0,44.8,50.3,41.9,53.2,40.0,40.0,40.0,40.0,40.0,40.0,40.0,37.0,130,144,133,131,129,122,124,82,68,79,81,83,90,88,144,144,Không,Không,Không,Không,Không,Không,Không,Không,Không,Không,Không,Không,Không,Không,Không,Không,Không,Không,Không,Không,Không,Không,Không,Không,140,140,46.126,34.894,32.517,2.418,65.0,85.0,134.0,134.0,35.000,35.1,40.8,30.4,39.8,26.8,34.1,56.8,39.6,32.7,35.2,22.3,33.7,28.8,25.7,24.9,32.8,9.8,27.4,25.2,34.0,1593.7,16.00,22,22,22,52,74,880,2,Đúng,Không,Không,Không,Không,Không,Không,Không,Không,Không,Không,Không,Đúng,Đúng,Không,Không,Không,Không,Không,Không,Không,Không,Không,Không,Không,Không,Không,Không,Không,Không,Không,Không,Không,Không,Không,Không,Không,Không,Không,Không,Không,168.8,115,135,140,149,1.044,3.285,11.952,5.010,0.024,1.308,1.212,3.360,3.144,3.072,1530,0,0,Đúng,113,Không,Không,113,92.0,Không,Không,8827,12973,45315,129,87.0,100.0,Không,Không,46182,41440,100.0,100.0,100.0,26.610,1.673,13472,20091,0.2,0.2,0.4,0.109,0.045,346,635,0.6,0.4,1.0,0.779,1.044,22233,76108,112.6,127.0,181.4,0.675,6.281,4.897,12.000,0.076,6.024,6.205,0.182,19.600,19.600,139.0,405.0,544.0,134.0,402.6,18.0,17.0,0.0,5.0,40.8,5.0,10.0,0.0,50,Đúng,Không,Không,Không,Không,Đúng,Không,5,0,0,0,0,0,0,0,0,159,0,0,0,0,0,0,0,0,0,0,0,0,0,0,0,0,0,0,0,0,2424,1672,1595,132,2.5,75.0,76.0,73.8,73.7,73.7,73.7,0.0,0.0,0.0,0.0,0.0,0.0,13.34,13.60,13.13,13.13,13.61,13.61,0.27,1.60,13.21,0.13,0.00,16557,1498,146.3,8.0,0,32.0,52,
8.10.2026,19:50:35.605,29421,66697,30.6,23663,25351,48.2,1.0,47104,468,1.039,1.028,1.050,1.039,1.014,1.048,1.055,3984.3,3984.3,3984.3,3984.3,3984.3,3984.3,3984.3,99.6,3685.5,996.1,1114.6,1353.1,579.2,910.3,2010.4,1191.5,1042.6,850.8,1400.6,1504.6,602.9,1176.5,753.1,1114.6,28.9,34.3,14.5,22.9,50.5,29.8,26.1,21.3,48.2,31.8,18.1,29.8,19.7,50.5,28.9,100.0,41.4,49.7,21.2,33.3,70.6,43.0,37.2,31.0,67.4,45.8,26.1,43.1,28.4,41.4,40.0,40.0,40.0,40.0,40.0,40.0,40.0,37.0,128,122,124,124,135,140,124,84,90,88,88,77,72,88,135,140,Không,Không,Không,Không,Không,Không,Không,Không,Không,Không,Không,Không,Không,Không,Không,Không,Không,Không,Không,Không,Không,Không,Không,Không,138,138,43.243,30.271,27.942,2.364,65.0,85.0,134.0,134.0,47.000,27.9,33.9,14.5,22.8,50.4,29.9,26.1,21.3,35.1,37.7,15.1,29.5,18.9,40.3,41.5,30.0,44.6,32.7,45.3,48.0,1593.7,16.00,22,22,22,52,74,880,2,Đúng,Không,Không,Không,Không,Không,Không,Không,Không,Không,Không,Không,Đúng,Đúng,Không,Không,Không,Không,Không,Không,Không,Không,Không,Không,Không,Không,Không,Không,Không,Không,Không,Không,Không,Không,Không,Không,Không,Không,Không,Không,Không,168.8,115,135,136,149,0.996,3.285,11.952,4.980,0.024,1.308,1.212,3.360,3.144,3.072,1534,0,0,Đúng,113,Không,Không,113,92.0,Không,Không,8827,12973,45315,129,87.0,100.0,Không,Không,46182,41440,100.0,89.3,100.0,53.753,1.098,13732,20099,0.1,0.0,0.2,0.071,0.026,346,635,0.4,1.6,2.0,0.546,0.295,22238,76112,112.7,127.1,181.4,0.675,6.276,4.895,12.000,0.076,6.024,6.200,0.176,19.600,19.600,139.0,405.0,544.0,134.0,402.4,15.0,17.0,0.0,5.0,40.8,4.9,9.8,0.0,50,Đúng,Không,Không,Không,Không,Đúng,Không,5,0,0,0,0,0,0,0,0,159,0,0,0,0,0,0,0,0,0,0,0,0,0,0,0,0,0,0,0,0,2424,1672,1595,132,2.5,75.0,76.0,73.8,73.7,73.7,73.7,0.0,0.0,0.0,0.0,0.0,0.0,13.34,13.60,13.13,13.13,13.61,13.61,0.27,1.60,13.21,0.13,0.00,16558,1498,62.6,5.3,0,32.0,52,
8.10.2026,19:50:40.814,29477,66641,30.6,23691,25323,48.3,1.0,47104,468,1.044,1.061,1.032,1.047,1.034,1.045,1.045,3984.3,3984.3,3984.3,3984.3,3984.3,3984.3,3984.3,99.6,3685.5,996.1,1883.2,1980.6,1378.7,2014.8,1580.7,1850.9,2147.6,2072.2,1931.8,2794.3,1371.4,1822.9,1652.6,1883.2,49.3,53.1,36.3,53.4,41.0,48.9,56.2,56.9,49.1,67.7,39.1,50.7,39.5,67.7,49.3,100.0,69.8,75.4,51.6,75.7,58.2,69.2,78.9,80.4,69.1,95.1,55.5,72.3,56.1,69.8,40.0,40.0,40.0,40.0,40.0,40.0,40.0,37.0,130,124,131,127,127,140,129,82,88,81,85,85,72,83,142,140,Không,Không,Không,Không,Không,Không,Không,Không,Không,Không,Không,Không,Không,Không,Không,Không,Không,Không,Không,Không,Không,Không,Không,Không,144,144,45.165,30.371,28.031,2.363,65.0,85.0,134.0,134.0,47.000,47.2,49.6,34.5,50.5,39.6,46.4,53.8,51.9,48.4,70.0,34.4,45.7,41.4,14.7,18.1,19.4,11.6,11.9,6.7,20.6,1593.7,16.00,22,22,22,52,74,880,2,Đúng,Không,Không,Không,Không,Không,Không,Không,Không,Không,Không,Không,Đúng,Đúng,Không,Không,Không,Không,Không,Không,Không,Không,Không,Không,Không,Không,Không,Không,Không,Không,Không,Không,Không,Không,Không,Không,Không,Không,Không,Không,Không,168.8,115,135,140,149,1.020,3.285,11.952,4.980,0.024,1.296,1.212,3.360,3.144,3.072,1534,0,0,Đúng,113,Không,Không,113,92.0,Không,Không,8827,12973,45315,129,87.0,100.0,Không,Không,46182,41440,100.0,98.4,100.0,45.877,0.527,13989,20106,0.2,0.0,0.2,0.100,0.071,347,635,0.6,0.6,1.2,0.724,1.217,22241,76133,112.4,126.8,181.4,0.675,6.280,4.897,12.000,0.076,6.024,6.204,0.180,19.600,19.600,139.0,405.0,544.0,134.0,402.8,15.0,17.0,0.0,5.0,40.8,4.7,9.4,0.0,50,Đúng,Không,Không,Không,Không,Đúng,Không,5,0,0,0,0,0,0,0,0,159,0,0,0,0,0,0,0,0,0,0,0,0,0,0,0,0,0,0,0,0,2424,1672,1595,132,2.5,75.0,76.0,73.8,73.7,73.7,73.7,0.0,0.0,0.0,0.0,0.0,0.0,13.34,13.60,13.13,13.13,13.61,13.61,0.27,1.60,13.21,0.13,0.00,16559,1498,18.2,15.4,0,32.0,52,
8.10.2026,19:50:47.333,29388,66730,30.5,23652,25362,48.2,1.0,47104,468,1.051,1.058,1.049,1.052,1.052,1.048,1.047,3984.3,3984.3,3984.3,3984.3,3984.3,3984.3,3984.3,99.6,3685.5,996.1,1222.2,3362.8,675.3,1638.2,779.7,1161.3,805.5,1327.1,902.1,1266.8,875.7,1037.0,835.4,1222.2,31.3,85.2,17.1,41.1,19.7,29.3,20.1,34.0,22.6,31.7,21.5,32.5,20.8,85.2,31.3,100.0,44.4,118.0,24.4,58.5,27.8,41.7,29.2,48.7,32.6,45.6,30.3,46.4,29.2,44.4,40.0,40.0,40.0,40.0,40.0,40.0,40.0,37.0,131,144,126,129,127,133,126,81,68,86,83,85,79,86,144,144,Không,Không,Không,Không,Không,Không,Không,Không,Không,Không,Không,Không,Không,Không,Không,Không,Không,Không,Không,Không,Không,Không,Không,Không,142,142,49.009,31.225,28.866,2.395,65.0,85.0,134.0,134.0,50.000,30.6,84.3,16.9,41.0,19.5,29.1,20.2,33.3,22.6,31.7,21.9,26.0,20.9,40.3,7.4,42.1,51.1,44.0,45.1,52.0,1593.7,16.00,22,22,22,52,74,880,2,Đúng,Không,Không,Không,Không,Không,Không,Không,Không,Không,Không,Không,Đúng,Đúng,Không,Không,Không,Không,Không,Không,Không,Không,Không,Không,Không,Không,Không,Không,Không,Không,Không,Không,Không,Không,Không,Không,Không,Không,Không,Không,Không,168.8,115,135,140,149,1.020,3.285,11.952,5.010,0.024,1.308,1.212,3.360,3.144,3.072,1548,0,0,Đúng,113,Không,Không,113,92.0,Không,Không,8827,12973,45315,129,87.0,100.0,Không,Không,46182,41440,100.0,94.1,100.0,45.275,1.262,14245,20113,0.1,0.0,0.1,0.057,0.043,347,636,0.6,0.3,1.0,0.854,0.232,22265,76140,112.4,126.8,181.4,0.675,6.283,4.898,12.000,0.076,6.024,6.207,0.184,19.600,19.600,139.0,405.0,544.0,134.0,402.2,14.0,17.0,0.0,4.0,40.9,4.8,9.7,0.0,50,Đúng,Không,Không,Không,Không,Đúng,Không,5,0,0,0,0,0,0,0,0,159,0,0,0,0,0,0,0,0,0,0,0,0,0,0,0,0,0,0,0,0,2421,1675,1598,132,2.5,75.0,76.0,73.8,73.7,73.7,73.7,0.0,0.0,0.0,0.0,0.0,0.0,13.34,13.60,13.13,13.13,13.61,13.61,0.27,1.60,13.21,0.13,0.00,16560,1498,128.5,9.3,0,32.0,52,
8.10.2026,19:50:54.826,29346,66772,30.5,23616,25398,48.1,1.0,47104,468,1.040,1.047,1.035,1.022,1.041,1.047,1.048,3984.3,3984.3,3984.3,3984.3,3984.3,3984.3,3984.3,99.6,3685.5,996.1,1494.2,1715.1,1268.8,1838.1,1057.9,2538.8,907.9,1728.1,1412.5,1736.9,1114.0,1607.5,1005.0,1494.2,40.1,46.1,34.0,50.1,29.2,63.2,26.2,45.0,37.7,42.8,32.5,46.6,28.4,63.2,40.1,100.0,57.1,65.9,48.1,71.1,41.8,89.0,37.7,63.7,53.3,61.2,46.1,66.2,40.5,57.1,40.0,40.0,40.0,40.0,40.0,40.0,40.0,37.0,130,124,127,144,122,136,124,82,88,85,68,90,76,88,142,144,Không,Không,Không,Không,Không,Không,Không,Không,Không,Không,Không,Không,Không,Không,Không,Không,Không,Không,Không,Không,Không,Không,Không,Không,144,142,24.024,36.013,33.592,2.457,65.0,85.0,134.0,134.0,24.000,37.4,43.0,31.8,46.1,26.5,63.6,22.7,43.3,35.4,43.5,27.9,40.3,25.2,25.1,23.7,26.7,16.8,21.4,28.3,33.7,1593.7,16.00,22,22,22,52,74,880,2,Đúng,Không,Không,Không,Không,Không,Không,Không,Không,Không,Không,Không,Đúng,Đúng,Không,Không,Không,Không,Không,Không,Không,Không,Không,Không,Không,Không,Không,Không,Không,Không,Không,Không,Không,Không,Không,Không,Không,Không,Không,Không,Không,168.8,115,135,138,149,0.996,3.285,11.952,5.010,0.024,1.308,1.212,3.360,3.144,3.072,1534,0,0,Đúng,113,Không,Không,113,92.0,Không,Không,8827,12973,45315,129,87.0,100.0,Không,Không,46182,41440,100.0,100.0,100.0,51.228,1.104,14534,20119,0.1,0.0,0.2,0.067,0.036,348,636,1.5,1.2,2.7,0.838,1.760,22293,76154,112.4,126.8,181.4,0.675,6.282,4.898,12.000,0.076,6.024,6.206,0.182,19.600,19.600,139.0,405.0,544.0,134.0,403.1,17.0,18.0,0.0,6.0,40.8,5.0,10.0,0.0,50,Đúng,Không,Không,Không,Không,Đúng,Không,5,0,0,0,0,0,0,0,0,159,0,0,0,0,0,0,0,0,0,0,0,0,0,0,0,0,0,0,0,0,2424,1672,1595,132,2.5,75.0,76.0,73.8,73.7,73.7,73.7,0.0,0.0,0.0,0.0,0.0,0.0,13.34,13.60,13.13,13.13,13.61,13.61,0.27,1.60,13.21,0.13,0.00,16560,1498,128.1,9.1,0,32.0,52,
8.10.2026,19:50:59.854,29352,66766,30.5,23534,25480,48.0,1.0,47104,468,1.044,1.053,1.049,1.049,1.040,1.037,1.037,3984.3,3984.3,3984.3,3984.3,3984.3,3984.3,3984.3,99.6,3685.5,996.1,1501.4,1837.1,937.9,1666.0,1194.6,1055.7,2697.3,1713.1,1483.5,1651.9,986.8,1755.8,1037.1,1501.4,39.2,46.9,24.1,42.2,30.2,26.6,68.1,43.3,36.1,41.3,25.1,44.2,42.0,68.1,39.2,100.0,55.4,66.6,34.4,60.1,42.8,37.9,94.4,61.3,50.9,58.9,35.9,62.3,58.8,55.4,40.0,40.0,40.0,40.0,40.0,40.0,40.0,37.0,133,127,138,136,136,131,129,79,85,74,76,76,81,83,138,138,Không,Không,Không,Không,Không,Không,Không,Không,Không,Không,Không,Không,Không,Không,Không,Không,Không,Không,Không,Không,Không,Không,Không,Không,140,140,47.087,36.323,33.890,2.456,65.0,85.0,134.0,134.0,50.000,37.6,46.0,23.5,41.7,29.9,26.5,67.6,42.9,37.2,41.4,24.7,44.0,26.0,22.9,23.0,29.6,15.2,24.2,30.4,15.1,1593.7,16.00,22,22,22,52,74,880,2,Đúng,Không,Không,Không,Không,Không,Không,Không,Không,Không,Không,Không,Đúng,Đúng,Không,Không,Không,Không,Không,Không,Không,Không,Không,Không,Không,Không,Không,Không,Không,Không,Không,Không,Không,Không,Không,Không,Không,Không,Không,Không,Không,170.6,115,135,140,149,1.032,3.285,11.880,4.950,0.024,1.308,1.212,3.360,3.144,3.072,1523,0,0,Đúng,113,Không,Không,113,92.0,Không,Không,8827,12973,45315,131,87.0,100.0,Không,Không,46182,41440,100.0,87.0,100.0,24.708,1.519,14763,20125,0.2,0.0,0.2,0.075,0.015,349,636,1.0,1.3,2.3,1.568,2.768,22297,76159,112.4,126.8,181.4,0.675,6.278,4.896,12.000,0.076,6.024,6.202,0.178,19.600,19.600,139.0,405.0,544.0,134.0,402.5,16.0,18.0,0.0,6.0,40.9,4.9,9.8,0.0,50,Đúng,Không,Không,Không,Không,Đúng,Không,5,0,0,0,0,0,0,0,0,159,0,0,0,0,0,0,0,0,0,0,0,0,0,0,0,0,0,0,0,0,2421,1675,1595,124,2.5,75.0,76.0,73.8,73.7,73.7,73.7,0.0,0.0,0.0,0.0,0.0,0.0,13.34,13.60,13.13,13.13,13.61,13.61,0.27,1.60,13.21,0.13,0.00,16561,1498,26.7,25.7,0,32.0,52,
8.10.2026,19:51:3.775,29380,66738,30.5,23411,25604,47.7,1.0,47104,468,1.052,1.048,1.051,1.049,1.060,1.051,1.052,3984.3,3984.3,3984.3,3984.3,3984.3,3984.3,3984.3,99.6,3685.5,996.1,1497.6,1788.6,1205.1,2027.1,1021.6,1891.9,1034.1,2203.3,1081.0,1704.5,1068.7,1808.9,1136.1,1497.6,38.0,45.9,29.3,52.4,25.9,47.8,25.7,55.6,29.3,43.2,27.0,45.5,28.3,55.6,38.0,100.0,53.8,65.2,41.3,74.1,36.9,67.6,36.8,78.2,41.6,61.4,38.4,64.3,40.1,53.8,40.0,40.0,40.0,40.0,40.0,40.0,40.0,37.0,136,142,140,136,138,127,131,76,70,72,76,74,85,81,142,142,Không,Không,Không,Không,Không,Không,Không,Không,Không,Không,Không,Không,Không,Không,Không,Không,Không,Không,Không,Không,Không,Không,Không,Không,145,145,49.970,35.648,33.246,2.443,65.0,85.0,134.0,134.0,51.000,37.5,44.8,30.2,50.8,25.6,47.4,25.9,55.2,27.1,42.7,26.8,45.3,28.5,26.3,22.0,24.8,30.6,19.5,32.6,28.4,1593.7,16.00,22,22,22,52,74,880,2,Đúng,Không,Không,Không,Không,Không,Không,Không,Không,Không,Không,Không,Đúng,Đúng,Không,Không,Không,Không,Không,Không,Không,Không,Không,Không,Không,Không,Không,Không,Không,Không,Không,Không,Không,Không,Không,Không,Không,Không,Không,Không,Không,168.8,115,135,138,149,1.020,3.285,11.952,5.010,0.024,1.296,1.212,3.360,3.144,3.072,1541,0,0,Đúng,113,Không,Không,113,92.0,Không,Không,8827,12973,45315,131,87.0,100.0,Không,Không,46182,41440,100.0,93.0,100.0,11.447,2.225,14815,20132,0.2,0.0,0.2,0.113,0.010,349,637,1.3,1.0,2.3,1.459,6.618,22308,76177,112.2,126.6,181.4,0.675,6.276,4.895,12.000,0.076,6.024,6.200,0.176,19.600,19.600,139.0,405.0,544.0,134.0,402.6,17.0,18.0,0.0,6.0,40.8,4.9,9.7,0.0,50,Đúng,Không,Không,Không,Không,Đúng,Không,5,0,0,0,0,0,0,0,0,159,0,0,0,0,0,0,0,0,0,0,0,0,0,0,0,0,0,0,0,0,2424,1672,1595,125,2.5,75.0,76.2,73.5,73.4,73.4,73.4,0.0,0.0,0.0,0.0,0.0,0.0,13.34,13.69,13.03,12.93,13.69,13.69,0.73,0.01,13.20,0.13,0.11,16562,1498,272.4,6.5,0,32.0,52,
8.10.2026,19:51:8.019,29352,66767,30.5,23383,25631,47.7,1.0,47104,468,1.045,1.040,1.053,1.047,1.048,1.039,1.042,3984.3,3984.3,3984.3,3984.3,3984.3,3984.3,3984.3,99.6,3685.5,996.1,1833.9,2172.8,1180.0,1943.4,1434.9,1944.2,1317.2,1873.5,1486.0,3697.2,1089.4,2244.8,1623.0,1833.9,46.7,55.6,29.9,49.3,36.4,49.4,33.6,47.5,37.7,93.6,28.3,57.5,41.2,93.6,46.7,100.0,65.9,78.6,42.6,70.0,51.7,70.0,48.0,67.5,53.4,129.5,40.2,80.6,58.2,65.9,40.0,40.0,40.0,40.0,40.0,40.0,40.0,37.0,135,138,144,135,135,133,127,77,74,68,77,77,79,85,144,144,Không,Không,Không,Không,Không,Không,Không,Không,Không,Không,Không,Không,Không,Không,Không,Không,Không,Không,Không,Không,Không,Không,Không,Không,145,145,44.204,41.083,38.645,2.473,65.0,85.0,134.0,134.0,44.000,45.9,54.4,29.6,48.7,35.9,48.7,33.0,46.9,37.2,92.6,27.3,56.2,40.6,15.3,18.3,21.7,21.1,22.8,0.0,8.0,1593.7,16.00,22,22,22,52,74,880,2,Đúng,Không,Không,Không,Không,Không,Không,Không,Không,Không,Không,Không,Đúng,Đúng,Không,Không,Không,Không,Không,Không,Không,Không,Không,Không,Không,Không,Không,Không,Không,Không,Không,Không,Không,Không,Không,Không,Không,Không,Không,Không,Không,168.8,115,135,140,149,1.032,3.324,11.880,4.980,0.024,1.308,1.212,3.360,3.144,3.072,1534,0,0,Đúng,113,Không,Không,113,92.0,Không,Không,8827,12973,45315,131,87.0,100.0,Không,Không,46182,41440,100.0,92.0,100.0,6.414,2.318,14870,20139,0.1,0.0,0.1,0.052,0.041,349,637,0.9,3.7,4.6,1.416,11.185,22312,76205,112.1,126.5,181.4,0.675,6.282,4.898,12.000,0.076,6.024,6.206,0.182,19.600,19.600,139.0,405.0,544.0,134.0,402.6,17.0,18.0,0.0,6.0,40.8,4.9,9.8,0.0,50,Đúng,Không,Không,Không,Không,Đúng,Không,5,0,0,0,0,0,0,0,0,159,0,0,0,0,0,0,0,0,0,0,0,0,0,0,0,0,0,0,0,0,2424,1672,1595,125,2.5,75.0,76.2,73.5,73.4,73.4,73.4,0.0,0.0,0.0,0.0,0.0,0.0,13.34,13.69,13.03,12.93,13.69,13.69,0.73,0.01,13.20,0.13,0.11,16562,1498,2.8,5.0,0,32.0,52,
8.10.2026,19:51:11.374,29380,66738,30.5,23394,25621,47.7,1.0,47104,468,1.049,1.053,1.047,1.048,1.047,1.050,1.050,3984.3,3984.3,3984.3,3984.3,3984.3,3984.3,3984.3,99.6,3685.5,996.1,1459.3,2182.7,1191.7,2132.4,1262.2,1599.1,1080.8,1665.2,1250.6,1577.3,1120.2,1352.3,1097.0,1459.3,40.1,56.1,30.6,54.0,32.1,41.1,27.8,43.0,31.6,40.7,28.9,34.7,60.6,60.6,40.1,100.0,56.8,79.1,43.1,75.9,45.5,58.7,39.9,61.3,44.9,58.0,41.3,49.3,84.5,56.8,40.0,40.0,40.0,40.0,40.0,40.0,40.0,37.0,132,144,133,129,127,127,129,80,68,79,83,85,85,83,144,144,Không,Không,Không,Không,Không,Không,Không,Không,Không,Không,Không,Không,Không,Không,Không,Không,Không,Không,Không,Không,Không,Không,Không,Không,144,144,34.594,36.776,34.344,2.459,65.0,85.0,134.0,134.0,36.000,36.6,54.7,29.9,53.4,31.6,40.1,27.1,41.7,31.3,39.5,28.1,33.9,27.5,26.8,22.2,21.4,33.8,30.4,34.7,18.1,1593.7,16.00,22,22,22,52,74,880,2,Đúng,Không,Không,Không,Không,Không,Không,Không,Không,Không,Không,Không,Đúng,Đúng,Không,Không,Không,Không,Không,Không,Không,Không,Không,Không,Không,Không,Không,Không,Không,Không,Không,Không,Không,Không,Không,Không,Không,Không,Không,Không,Không,168.8,115,135,140,149,1.020,3.265,11.880,4.980,0.024,1.308,1.212,3.360,3.144,3.072,1527,0,0,Đúng,113,Không,Không,113,92.0,Không,Không,8827,12973,45315,133,87.0,100.0,Không,Không,46182,41440,100.0,100.0,100.0,5.015,2.845,14943,20147,0.2,0.0,0.2,0.108,0.018,349,637,0.8,0.1,0.9,1.502,0.083,22316,76207,112.0,126.4,181.4,0.675,6.276,4.895,12.000,0.076,6.024,6.200,0.176,19.600,19.600,139.0,405.0,544.0,134.0,402.4,17.0,18.0,0.0,5.0,40.8,4.8,9.7,0.0,50,Đúng,Không,Không,Không,Không,Đúng,Không,5,0,0,0,0,0,0,0,0,159,0,0,0,0,0,0,0,0,0,0,0,0,0,0,0,0,0,0,0,0,2424,1672,1595,124,2.5,75.0,76.2,73.5,73.4,73.4,73.4,0.0,0.0,0.0,0.0,0.0,0.0,13.34,13.69,13.03,12.93,13.69,13.69,0.73,0.01,13.20,0.13,0.11,16562,1498,3.5,4.5,0,32.0,52,
8.10.2026,19:51:15.216,29360,66759,30.5,23393,25621,47.7,1.0,47104,468,1.049,1.047,1.049,1.051,1.047,1.049,1.049,3984.3,3984.3,3984.3,3984.3,3984.3,3984.3,3984.3,99.6,3685.5,996.1,1403.9,2467.0,1046.1,1776.3,1096.4,1773.6,1146.1,1462.2,1433.9,1257.0,1013.2,1348.2,1026.2,1403.9,36.3,63.8,27.6,45.2,28.4,45.9,29.5,37.4,36.5,33.0,26.3,35.7,26.5,63.8,36.3,100.0,51.5,89.4,38.9,64.2,40.3,64.9,41.9,53.2,51.3,47.5,37.4,51.1,37.7,51.5,40.0,40.0,40.0,40.0,40.0,40.0,40.0,37.0,131,133,136,129,135,126,126,81,79,76,83,77,86,86,136,136,Không,Không,Không,Không,Không,Không,Không,Không,Không,Không,Không,Không,Không,Không,Không,Không,Không,Không,Không,Không,Không,Không,Không,Không,144,144,49.009,34.701,32.337,2.412,65.0,85.0,134.0,134.0,49.000,35.2,61.8,26.2,44.5,27.5,44.4,28.7,36.6,35.9,31.5,25.4,33.8,25.7,29.3,13.4,29.2,26.4,25.3,40.7,40.6,1593.7,16.00,22,22,22,52,74,880,2,Đúng,Không,Không,Không,Không,Không,Không,Không,Không,Không,Không,Không,Đúng,Đúng,Không,Không,Không,Không,Không,Không,Không,Không,Không,Không,Không,Không,Không,Không,Không,Không,Không,Không,Không,Không,Không,Không,Không,Không,Không,Không,Không,168.8,115,135,138,149,1.032,3.324,11.880,4.980,0.024,1.308,1.212,3.360,3.144,3.072,1544,0,0,Đúng,113,Không,Không,113,92.0,Không,Không,8827,12973,45315,131,87.0,100.0,Không,Không,46182,41440,100.0,94.6,100.0,56.625,1.612,15071,20155,0.2,0.0,0.2,0.101,0.014,350,637,0.5,0.2,0.8,0.701,0.350,22320,76211,112.0,126.4,181.4,0.675,6.275,4.895,12.000,0.076,6.024,6.199,0.175,19.600,19.600,139.0,405.0,544.0,134.0,402.2,15.0,17.0,0.0,5.0,40.8,4.9,9.8,0.0,50,Đúng,Không,Không,Không,Không,Đúng,Không,5,0,0,0,0,0,0,0,0,159,0,0,0,0,0,0,0,0,0,0,0,0,0,0,0,0,0,0,0,0,2424,1672,1595,124,2.5,75.0,76.2,73.5,73.4,73.4,73.4,0.0,0.0,0.0,0.0,0.0,0.0,13.34,13.69,13.03,12.93,13.69,13.69,0.73,0.01,13.20,0.13,0.11,16563,1498,3.3,4.8,0,32.0,52,
8.10.2026,19:51:18.393,29310,66808,30.4,23372,25642,47.6,1.0,47104,468,1.052,1.062,1.055,1.043,1.049,1.051,1.050,3984.3,3984.3,3984.3,3984.3,3984.3,3984.3,3984.3,99.6,3685.5,996.1,1788.4,2130.1,1139.1,2546.5,1807.9,2054.6,1504.1,1822.8,1421.6,1795.0,1672.0,2270.5,1296.3,1788.4,46.8,55.1,29.3,64.5,41.2,54.8,41.1,49.2,38.3,48.0,46.3,61.3,32.4,64.5,46.8,100.0,66.3,78.2,41.7,90.8,58.5,77.6,58.1,70.3,54.5,68.3,65.2,86.6,46.2,66.3,40.0,40.0,40.0,40.0,40.0,40.0,40.0,37.0,132,135,145,126,131,126,131,80,77,67,86,81,86,81,145,145,Không,Không,Không,Không,Không,Không,Không,Không,Không,Không,Không,Không,Không,Không,Không,Không,Không,Không,Không,Không,Không,Không,Không,Không,138,138,45.165,40.750,38.257,2.511,65.0,85.0,134.0,134.0,47.000,44.8,53.4,28.5,63.8,45.3,51.5,37.7,45.7,35.6,45.0,41.9,56.9,32.5,14.3,14.2,5.9,10.6,20.9,20.3,13.7,1593.7,16.00,22,22,22,52,74,880,2,Đúng,Không,Không,Không,Không,Không,Không,Không,Không,Không,Không,Không,Đúng,Đúng,Không,Không,Không,Không,Không,Không,Không,Không,Không,Không,Không,Không,Không,Không,Không,Không,Không,Không,Không,Không,Không,Không,Không,Không,Không,Không,Không,168.8,115,135,144,149,1.020,3.285,11.952,4.980,0.024,1.320,1.212,3.360,3.144,3.072,1544,0,0,Đúng,113,Không,Không,113,92.0,Không,Không,8827,12973,45315,131,87.0,100.0,Không,Không,46182,41440,100.0,65.4,100.0,10.378,2.021,15094,20159,0.1,0.2,0.3,0.036,0.102,350,637,0.7,0.9,1.6,1.153,1.920,22322,76215,112.2,126.6,181.4,0.675,6.275,4.895,12.000,0.076,6.024,6.199,0.175,19.600,19.600,139.0,405.0,544.0,134.0,402.5,15.0,17.0,0.0,5.0,40.8,4.9,9.9,0.0,50,Đúng,Không,Không,Không,Không,Đúng,Không,5,0,0,0,0,0,0,0,0,159,0,0,0,0,0,0,0,0,0,0,0,0,0,0,0,0,0,0,0,0,2424,1672,1595,124,2.5,75.0,76.2,73.5,73.4,73.4,73.4,0.0,0.0,0.0,0.0,0.0,0.0,13.34,13.69,13.03,12.93,13.69,13.69,0.73,0.01,13.20,0.13,0.11,16563,1498,15.0,12.1,0,32.0,52,
8.10.2026,19:51:25.907,29323,66795,30.5,23393,25621,47.7,1.0,47104,468,1.040,1.023,1.034,1.038,1.048,1.048,1.048,3984.3,3984.3,3984.3,3984.3,3984.3,3984.3,3984.3,99.6,3685.5,996.1,1262.6,1863.3,929.8,1179.1,1025.4,860.9,1421.9,1470.6,1155.4,2451.8,630.1,1200.2,962.4,1262.6,31.3,47.4,23.1,29.9,25.8,22.0,35.9,37.3,24.2,59.6,15.0,30.4,25.5,59.6,31.3,100.0,44.7,67.3,32.8,43.3,36.9,32.3,50.7,53.2,34.6,83.5,22.0,43.8,36.4,44.7,40.0,40.0,40.0,40.0,40.0,40.0,40.0,37.0,131,138,127,124,135,138,126,81,74,85,88,77,74,86,138,138,Không,Không,Không,Không,Không,Không,Không,Không,Không,Không,Không,Không,Không,Không,Không,Không,Không,Không,Không,Không,Không,Không,Không,Không,142,142,33.633,32.143,29.805,2.369,65.0,85.0,134.0,134.0,36.000,31.6,46.7,23.3,29.5,25.7,21.6,35.6,36.8,28.9,61.4,15.8,30.1,24.1,35.7,30.5,42.3,39.8,31.5,22.8,47.5,1593.7,16.00,22,22,22,52,74,880,2,Đúng,Không,Không,Không,Không,Không,Không,Không,Không,Không,Không,Không,Đúng,Đúng,Không,Không,Không,Không,Không,Không,Không,Không,Không,Không,Không,Không,Không,Không,Không,Không,Không,Không,Không,Không,Không,Không,Không,Không,Không,Không,Không,170.6,115,135,138,149,0.996,3.285,11.952,5.010,0.024,1.296,1.212,3.360,3.144,3.072,1516,0,0,Đúng,113,Không,Không,113,92.0,Không,Không,8827,12973,45315,129,87.0,100.0,Không,Không,46182,41440,100.0,100.0,100.0,9.492,1.757,15189,20174,0.1,0.0,0.1,0.033,0.079,350,638,0.5,0.5,1.0,0.513,0.986,22347,76222,111.9,126.3,181.4,0.675,6.280,4.897,12.000,0.076,6.024,6.204,0.180,19.600,19.600,139.0,405.0,544.0,134.0,402.4,14.0,17.0,0.0,5.0,40.8,4.7,9.4,0.0,50,Đúng,Không,Không,Không,Không,Đúng,Không,5,0,0,0,0,0,0,0,0,159,0,0,0,0,0,0,0,0,0,0,0,0,0,0,0,0,0,0,0,0,2424,1672,1595,125,2.5,75.0,76.2,73.5,73.4,73.4,73.4,0.0,0.0,0.0,0.0,0.0,0.0,13.34,13.69,13.03,12.93,13.69,13.69,0.73,0.01,13.20,0.13,0.11,16564,1499,386.6,7.8,0,32.0,52,
8.10.2026,19:51:31.086,29325,66793,30.5,23384,25630,47.7,1.0,47104,468,1.046,1.053,1.035,1.030,1.054,1.048,1.054,3984.3,3984.3,3984.3,3984.3,3984.3,3984.3,3984.3,99.6,3685.5,996.1,1248.0,1630.2,792.8,1373.3,1057.6,1297.0,975.5,1714.6,1056.6,1238.9,708.5,1765.4,1365.7,1248.0,34.5,43.9,21.4,36.4,27.9,34.3,25.9,39.8,29.5,34.7,19.9,75.2,25.0,75.2,34.5,100.0,49.0,62.6,30.5,52.4,39.6,49.0,36.8,56.5,41.7,50.0,28.5,104.8,35.2,48.9,40.0,40.0,40.0,40.0,40.0,40.0,40.0,37.0,127,129,127,126,138,122,120,85,83,85,86,74,90,92,140,138,Không,Không,Không,Không,Không,Không,Không,Không,Không,Không,Không,Không,Không,Không,Không,Không,Không,Không,Không,Không,Không,Không,Không,Không,136,136,24.985,29.472,27.162,2.340,65.0,85.0,134.0,134.0,27.000,31.3,40.9,19.9,34.4,26.5,32.5,24.4,43.0,26.5,31.0,17.8,44.2,34.2,31.0,24.8,36.6,39.0,30.5,42.8,12.4,1593.7,16.00,22,22,22,52,74,880,2,Đúng,Không,Không,Không,Không,Không,Không,Không,Không,Không,Không,Không,Đúng,Đúng,Không,Không,Không,Không,Không,Không,Không,Không,Không,Không,Không,Không,Không,Không,Không,Không,Không,Không,Không,Không,Không,Không,Không,Không,Không,Không,Không,168.8,115,135,136,149,1.008,3.285,11.880,4.980,0.024,1.308,1.212,3.360,3.144,3.072,1510,0,0,Đúng,113,Không,Không,113,92.0,Không,Không,8827,12973,45315,129,87.0,100.0,Không,Không,46182,41440,100.0,100.0,100.0,29.897,2.019,15307,20182,0.1,0.1,0.2,0.067,0.057,350,638,0.5,0.2,0.7,0.519,0.409,22349,76224,111.8,126.2,181.4,0.675,6.280,4.897,12.000,0.076,6.024,6.204,0.181,19.600,19.600,139.0,405.0,544.0,134.0,402.8,14.0,17.0,0.0,5.0,40.8,4.8,9.7,0.0,50,Đúng,Không,Không,Không,Không,Đúng,Không,5,0,0,0,0,0,0,0,0,159,0,0,0,0,0,0,0,0,0,0,0,0,0,0,0,0,0,0,0,0,2424,1672,1595,125,2.5,75.0,76.2,73.5,73.4,73.4,73.4,0.0,0.0,0.0,0.0,0.0,0.0,13.34,13.69,13.03,12.93,13.69,13.69,0.73,0.01,13.20,0.13,0.11,16565,1499,2.8,5.7,0,32.0,52,
8.10.2026,19:51:35.111,29339,66779,30.5,23398,25616,47.7,1.0,47104,468,1.050,1.048,1.054,1.039,1.055,1.049,1.056,3984.3,3984.3,3984.3,3984.3,3984.3,3984.3,3984.3,99.6,3685.5,996.1,1608.6,1772.4,1108.6,1659.1,1591.5,1304.0,1765.6,1233.7,2192.3,1747.2,1354.3,1908.3,1665.7,1608.6,41.1,47.1,28.9,43.7,41.6,35.2,43.9,32.4,66.5,41.6,28.4,48.2,35.8,66.5,41.1,100.0,58.7,67.5,41.6,62.5,59.1,51.0,62.2,46.7,92.9,59.9,41.0,68.6,51.2,58.7,40.0,40.0,40.0,40.0,40.0,40.0,40.0,37.0,130,126,135,142,126,126,126,82,86,77,70,86,86,86,144,142,Không,Không,Không,Không,Không,Không,Không,Không,Không,Không,Không,Không,Không,Không,Không,Không,Không,Không,Không,Không,Không,Không,Không,Không,138,138,37.477,31.986,29.643,2.372,65.0,85.0,134.0,134.0,34.000,40.3,44.4,27.8,41.6,39.9,32.7,44.2,30.9,54.9,43.8,33.9,47.8,41.7,18.5,19.2,21.2,25.6,11.5,22.6,11.0,1593.7,16.00,22,22,22,52,74,880,2,Đúng,Không,Không,Không,Không,Không,Không,Không,Không,Không,Không,Không,Đúng,Đúng,Không,Không,Không,Không,Không,Không,Không,Không,Không,Không,Không,Không,Không,Không,Không,Không,Không,Không,Không,Không,Không,Không,Không,Không,Không,Không,Không,168.8,115,135,142,149,1.008,3.344,11.880,4.980,0.024,1.308,1.212,3.360,3.144,3.072,1516,0,0,Đúng,113,Không,Không,113,92.0,Không,Không,8827,12973,45315,129,87.0,100.0,Không,Không,46182,41440,100.0,98.1,100.0,14.902,2.276,15381,20190,0.1,0.1,0.1,0.028,0.107,350,638,0.8,2.8,3.7,0.904,13.548,22351,76243,111.9,126.3,181.4,0.675,6.275,4.895,12.000,0.076,6.024,6.199,0.175,19.600,19.600,139.0,405.0,544.0,134.0,402.3,14.0,17.0,0.0,5.0,40.8,4.8,9.6,0.0,50,Đúng,Không,Không,Không,Không,Đúng,Không,5,0,0,0,0,0,0,0,0,159,0,0,0,0,0,0,0,0,0,0,0,0,0,0,0,0,0,0,0,0,2424,1672,1595,125,2.5,75.0,76.2,73.5,73.4,73.4,73.4,0.0,0.0,0.0,0.0,0.0,0.0,13.34,13.69,13.03,12.93,13.69,13.69,0.73,0.01,13.20,0.13,0.11,16565,1499,3.3,6.4,0,32.0,52,
8.10.2026,19:51:37.898,29363,66756,30.5,23417,25598,47.7,1.0,47104,468,1.043,1.034,1.042,1.040,1.050,1.049,1.045,3984.3,3984.3,3984.3,3984.3,3984.3,3984.3,3984.3,99.6,3685.5,996.1,1684.0,2106.9,985.6,1861.5,1089.3,1776.7,1189.8,1686.4,1478.3,3189.8,978.6,2584.5,1280.1,1684.0,41.6,53.4,24.6,46.7,27.3,44.5,30.7,41.7,39.9,77.1,24.5,49.6,39.0,77.1,41.6,100.0,59.2,75.7,35.5,67.0,39.8,63.9,44.3,59.8,56.7,107.2,35.4,70.3,55.4,59.2,40.0,40.0,40.0,40.0,40.0,40.0,40.0,37.0,127,124,124,126,133,122,136,85,88,88,86,79,90,76,140,136,Không,Không,Không,Không,Không,Không,Không,Không,Không,Không,Không,Không,Không,Không,Không,Không,Không,Không,Không,Không,Không,Không,Không,Không,136,136,43.243,39.192,36.785,2.440,65.0,85.0,134.0,134.0,47.000,42.2,52.8,24.7,46.6,27.3,44.5,29.8,42.3,37.0,79.9,24.5,64.8,32.1,16.8,14.6,27.4,23.1,22.8,4.3,8.3,1593.7,16.00,22,22,22,52,74,880,2,Đúng,Không,Không,Không,Không,Không,Không,Không,Không,Không,Không,Không,Đúng,Đúng,Không,Không,Không,Không,Không,Không,Không,Không,Không,Không,Không,Không,Không,Không,Không,Không,Không,Không,Không,Không,Không,Không,Không,Không,Không,Không,Không,168.8,115,135,138,149,1.020,3.285,11.952,5.010,0.024,1.308,1.212,3.360,3.144,3.072,1544,0,0,Đúng,113,Không,Không,113,92.0,Không,Không,8827,12973,45315,129,87.0,100.0,Không,Không,46182,41440,100.0,83.4,100.0,15.544,2.778,15420,20197,0.1,0.0,0.2,0.062,0.039,351,638,1.2,2.5,3.8,0.643,10.343,22353,76269,111.8,126.2,181.4,0.675,6.282,4.898,12.000,0.076,6.024,6.206,0.182,19.600,19.600,139.0,405.0,544.0,134.0,402.2,14.0,17.0,0.0,5.0,40.8,4.9,9.7,0.0,50,Đúng,Không,Không,Không,Không,Đúng,Không,5,0,0,0,0,0,0,0,0,159,0,0,0,0,0,0,0,0,0,0,0,0,0,0,0,0,0,0,0,0,2424,1672,1595,125,2.5,75.0,76.2,73.5,73.4,73.4,73.4,0.0,0.0,0.0,0.0,0.0,0.0,13.34,13.69,13.03,12.93,13.69,13.69,0.73,0.01,13.20,0.13,0.11,16565,1499,115.6,19.4,0,32.0,52,
8.10.2026,19:51:41.691,29335,66783,30.5,23376,25638,47.6,1.0,47104,468,1.049,1.057,1.056,1.049,1.041,1.041,1.050,3984.3,3984.3,3984.3,3984.3,3984.3,3984.3,3984.3,99.6,3685.5,996.1,1191.3,1578.3,729.0,2122.9,995.7,1203.6,636.3,1744.9,706.4,1518.6,893.4,1059.3,1106.8,1191.3,30.2,40.0,18.4,53.3,24.9,30.2,13.7,42.8,24.5,40.2,21.8,24.4,28.1,53.3,30.2,100.0,43.1,57.3,26.3,74.8,35.4,43.6,20.4,60.5,35.0,57.1,31.2,35.6,39.9,43.1,40.0,40.0,40.0,40.0,40.0,40.0,40.0,37.0,131,120,133,142,140,124,127,81,92,79,70,72,88,85,140,142,Không,Không,Không,Không,Không,Không,Không,Không,Không,Không,Không,Không,Không,Không,Không,Không,Không,Không,Không,Không,Không,Không,Không,Không,140,140,35.555,31.583,29.248,2.370,65.0,85.0,134.0,134.0,40.000,29.8,39.5,18.3,53.2,24.9,30.2,15.9,43.7,17.7,38.1,22.4,26.5,27.7,37.2,32.2,26.8,50.1,32.0,37.1,45.0,1593.7,16.00,22,22,22,52,74,880,2,Đúng,Không,Không,Không,Không,Không,Không,Không,Không,Không,Không,Không,Đúng,Đúng,Không,Không,Không,Không,Không,Không,Không,Không,Không,Không,Không,Không,Không,Không,Không,Không,Không,Không,Không,Không,Không,Không,Không,Không,Không,Không,Không,168.8,115,135,140,149,1.008,3.285,11.880,5.010,0.024,1.308,1.212,3.360,3.144,3.072,1527,0,0,Đúng,113,Không,Không,113,92.0,Không,Không,8827,12973,45315,129,87.0,100.0,Không,Không,46182,41440,100.0,97.9,100.0,12.142,2.302,15451,20205,0.0,0.0,0.0,0.000,0.017,351,639,0.8,2.2,3.0,0.839,1.681,22356,76272,111.9,126.3,181.4,0.675,6.281,4.897,12.000,0.076,6.024,6.205,0.182,19.600,19.600,139.0,405.0,544.0,134.0,402.1,14.0,17.0,0.0,5.0,40.8,4.9,9.7,0.0,50,Đúng,Không,Không,Không,Không,Đúng,Không,5,0,0,0,0,0,0,0,0,159,0,0,0,0,0,0,0,0,0,0,0,0,0,0,0,0,0,0,0,0,2424,1672,1595,125,2.5,75.0,76.2,73.5,73.4,73.4,73.4,0.0,0.0,0.0,0.0,0.0,0.0,13.34,13.69,13.03,12.93,13.69,13.69,0.73,0.01,13.20,0.13,0.11,16566,1499,85.0,11.0,0,32.0,52,
8.10.2026,19:51:44.967,29359,66759,30.5,23399,25615,47.7,1.0,47104,468,1.046,1.063,1.028,1.051,1.052,1.052,1.032,3984.3,3984.3,3984.3,3984.3,3984.3,3984.3,3984.3,99.6,3685.5,996.1,1299.0,1712.4,736.6,1552.7,724.2,1210.2,1210.0,1569.2,1822.9,1586.8,948.7,1585.0,929.2,1299.0,33.8,44.1,18.8,39.2,18.3,30.6,26.3,40.4,47.0,45.8,21.1,54.9,19.2,54.9,33.8,100.0,47.9,62.7,26.7,56.1,26.4,44.0,37.4,56.8,65.4,64.6,30.0,77.0,27.3,47.9,40.0,40.0,40.0,40.0,40.0,40.0,40.0,37.0,128,124,129,142,124,127,122,84,88,83,70,88,85,90,140,142,Không,Không,Không,Không,Không,Không,Không,Không,Không,Không,Không,Không,Không,Không,Không,Không,Không,Không,Không,Không,Không,Không,Không,Không,140,140,37.477,39.190,36.689,2.530,65.0,85.0,134.0,134.0,19.000,32.5,42.9,18.5,38.9,18.1,30.3,30.3,39.3,45.7,39.8,23.8,39.7,23.3,33.5,29.9,42.2,43.4,18.3,31.9,35.0,1593.7,16.00,22,22,22,52,74,880,2,Đúng,Không,Không,Không,Không,Không,Không,Không,Không,Không,Không,Không,Đúng,Đúng,Không,Không,Không,Không,Không,Không,Không,Không,Không,Không,Không,Không,Không,Không,Không,Không,Không,Không,Không,Không,Không,Không,Không,Không,Không,Không,Không,168.8,115,135,138,149,1.020,3.285,11.880,4.980,0.024,1.308,1.212,3.360,3.144,3.072,1527,0,0,Đúng,113,Không,Không,113,92.0,Không,Không,8827,12973,45315,129,87.0,100.0,Không,Không,46182,41440,100.0,95.3,100.0,17.918,2.339,15505,20213,0.1,0.0,0.1,0.055,0.047,351,639,0.7,0.9,1.7,1.448,0.260,22361,76278,111.8,126.2,181.4,0.675,6.278,4.896,12.000,0.076,6.024,6.202,0.179,19.600,19.600,139.0,405.0,544.0,134.0,400.6,14.0,17.0,0.0,5.0,40.8,5.0,10.0,0.0,50,Đúng,Không,Không,Không,Không,Đúng,Không,5,0,0,0,0,0,0,0,0,159,0,0,0,0,0,0,0,0,0,0,0,0,0,0,0,0,0,0,0,0,2424,1672,1595,125,2.5,75.0,76.2,73.5,73.4,73.4,73.4,0.0,0.0,0.0,0.0,0.0,0.0,13.34,13.69,13.03,12.93,13.69,13.69,0.73,0.01,13.20,0.13,0.11,16567,1499,219.9,12.7,0,32.0,52,
8.10.2026,19:51:47.482,29317,66802,30.5,23385,25629,47.7,1.0,47104,468,1.045,1.049,1.044,1.049,1.047,1.045,1.036,3984.3,3984.3,3984.3,3984.3,3984.3,3984.3,3984.3,99.6,3685.5,996.1,2048.8,2368.3,1590.3,2239.5,2278.5,2714.1,1625.5,2108.4,1843.7,2210.4,1732.6,2156.6,1717.5,2048.8,54.3,61.9,41.5,57.8,58.6,66.3,49.1,55.4,50.6,57.6,48.5,57.0,46.8,66.3,54.3,100.0,77.1,87.6,59.4,82.3,82.9,93.5,69.8,79.0,72.0,81.8,69.0,81.2,66.8,77.1,40.0,40.0,40.0,40.0,40.0,40.0,40.0,37.0,135,133,144,142,136,129,127,77,79,68,70,76,83,85,145,144,Không,Không,Không,Không,Không,Không,Không,Không,Không,Không,Không,Không,Không,Không,Không,Không,Không,Không,Không,Không,Không,Không,Không,Không,142,142,41.321,43.003,40.436,2.599,65.0,85.0,134.0,134.0,42.000,51.3,59.3,39.8,56.1,57.1,68.0,40.7,52.8,46.2,55.4,43.4,54.0,43.0,10.2,10.1,6.8,4.4,15.7,11.4,13.1,1593.7,16.00,22,22,22,52,74,880,2,Đúng,Không,Không,Không,Không,Không,Không,Không,Không,Không,Không,Không,Đúng,Đúng,Không,Không,Không,Không,Không,Không,Không,Không,Không,Không,Không,Không,Không,Không,Không,Không,Không,Không,Không,Không,Không,Không,Không,Không,Không,Không,Không,168.8,115,135,142,149,0.996,3.285,11.880,4.980,0.024,1.308,1.212,3.360,3.144,3.072,1534,0,0,Đúng,113,Không,Không,113,92.0,Không,Không,8827,12973,45315,131,87.0,100.0,Không,Không,46182,41440,100.0,72.1,100.0,13.941,2.754,15534,20219,0.1,0.1,0.2,0.056,0.045,351,639,1.1,0.1,1.2,1.697,0.058,22365,76278,111.8,126.2,181.4,0.675,6.275,4.895,12.000,0.076,6.024,6.199,0.175,19.600,19.600,139.0,405.0,544.0,134.0,403.1,14.0,17.0,0.0,5.0,40.8,5.1,10.1,0.0,50,Đúng,Không,Không,Không,Không,Đúng,Không,5,0,0,0,0,0,0,0,0,159,0,0,0,0,0,0,0,0,0,0,0,0,0,0,0,0,0,0,0,0,2424,1672,1595,125,2.5,75.0,76.2,73.5,73.4,73.4,73.4,0.0,0.0,0.0,0.0,0.0,0.0,13.34,13.69,13.03,12.93,13.69,13.69,0.73,0.01,13.20,0.13,0.11,16567,1499,149.6,7.8,0,32.0,52,
8.10.2026,19:51:51.019,29350,66768,30.5,23417,25597,47.7,1.0,47104,468,1.046,1.047,1.043,1.045,1.048,1.050,1.045,3984.3,3984.3,3984.3,3984.3,3984.3,3984.3,3984.3,99.6,3685.5,996.1,1749.3,1980.8,1193.5,2205.4,1350.2,1745.8,1214.8,972.2,3951.7,1983.3,1053.4,1954.1,1386.1,1749.3,43.5,50.7,30.6,55.8,34.1,50.6,28.9,26.6,88.6,48.1,26.9,47.0,33.8,88.6,43.5,100.0,61.3,71.8,43.2,78.7,48.2,71.7,41.0,37.7,122.4,68.1,38.2,66.5,47.7,61.3,40.0,40.0,40.0,40.0,40.0,40.0,40.0,37.0,137,133,140,136,138,140,136,75,79,72,76,74,72,76,140,140,Không,Không,Không,Không,Không,Không,Không,Không,Không,Không,Không,Không,Không,Không,Không,Không,Không,Không,Không,Không,Không,Không,Không,Không,136,136,45.165,37.795,35.346,2.482,65.0,85.0,134.0,134.0,40.000,43.8,49.7,29.9,55.3,33.8,43.7,30.4,24.4,99.0,49.7,26.4,49.0,34.7,19.1,21.7,16.5,32.0,0.2,22.2,21.8,1593.7,16.00,22,22,22,52,74,880,2,Đúng,Không,Không,Không,Không,Không,Không,Không,Không,Không,Không,Không,Đúng,Đúng,Không,Không,Không,Không,Không,Không,Không,Không,Không,Không,Không,Không,Không,Không,Không,Không,Không,Không,Không,Không,Không,Không,Không,Không,Không,Không,Không,168.8,115,135,140,149,1.008,3.285,11.952,4.980,0.024,1.308,1.212,3.360,3.144,3.072,1548,0,0,Đúng,113,Không,Không,113,92.0,Không,Không,8827,12973,45315,131,87.0,100.0,Không,Không,46182,41440,100.0,69.7,100.0,15.750,2.232,15563,20223,0.1,0.0,0.1,0.042,0.008,351,639,9.3,0.6,9.9,18.821,1.499,22399,76281,111.9,126.3,181.4,0.675,6.278,4.896,12.000,0.076,6.024,6.202,0.178,19.600,19.600,139.0,405.0,544.0,134.0,402.7,14.0,17.0,0.0,5.0,40.8,4.9,9.9,0.0,50,Đúng,Không,Không,Không,Không,Đúng,Không,5,0,0,0,0,0,0,0,0,159,0,0,0,0,0,0,0,0,0,0,0,0,0,0,0,0,0,0,0,0,2424,1672,1595,125,2.5,75.0,76.2,73.5,73.4,73.4,73.4,0.0,0.0,0.0,0.0,0.0,0.0,13.34,13.69,13.03,12.93,13.69,13.69,0.73,0.01,13.20,0.13,0.11,16567,1499,51.5,13.3,0,32.0,52,
8.10.2026,19:51:53.692,29339,66779,30.5,23397,25617,47.7,1.0,47104,468,1.049,1.059,1.048,1.050,1.042,1.037,1.061,3984.3,3984.3,3984.3,3984.3,3984.3,3984.3,3984.3,99.6,3685.5,996.1,1461.2,1955.7,714.2,1738.7,1016.7,1520.1,964.4,1223.6,974.4,3786.5,819.5,1594.1,1226.3,1461.2,37.5,51.4,19.4,44.2,27.9,39.3,24.5,31.3,30.8,94.2,17.1,39.9,29.7,94.2,37.5,100.0,53.3,72.9,28.0,63.4,40.1,56.4,35.3,45.5,43.9,130.3,24.7,57.2,42.2,53.3,40.0,40.0,40.0,40.0,40.0,40.0,40.0,37.0,131,133,135,135,124,136,126,81,79,77,77,88,76,86,140,136,Không,Không,Không,Không,Không,Không,Không,Không,Không,Không,Không,Không,Không,Không,Không,Không,Không,Không,Không,Không,Không,Không,Không,Không,144,144,31.711,35.442,33.038,2.438,65.0,85.0,134.0,134.0,32.000,36.6,49.0,17.9,43.6,25.5,38.1,24.2,30.7,24.4,94.8,20.5,39.9,30.7,25.7,26.3,26.9,36.4,34.1,0.0,30.5,1593.7,16.00,22,22,22,52,74,880,2,Đúng,Không,Không,Không,Không,Không,Không,Không,Không,Không,Không,Không,Đúng,Đúng,Không,Không,Không,Không,Không,Không,Không,Không,Không,Không,Không,Không,Không,Không,Không,Không,Không,Không,Không,Không,Không,Không,Không,Không,Không,Không,Không,168.8,115,135,138,149,1.008,3.285,11.952,4.980,0.024,1.308,1.212,3.360,3.144,3.072,1530,0,0,Đúng,113,Không,Không,113,92.0,Không,Không,8827,12973,45315,131,87.0,100.0,Không,Không,46182,41440,100.0,98.2,100.0,6.718,3.227,15601,20232,0.0,0.0,0.0,0.000,0.021,351,639,0.7,0.1,0.8,1.121,0.065,22402,76282,111.7,126.1,181.4,0.675,6.275,4.895,12.000,0.076,6.024,6.199,0.175,19.600,19.600,139.0,405.0,544.0,134.0,402.5,16.0,18.0,0.0,5.0,40.8,5.0,10.0,0.0,50,Đúng,Không,Không,Không,Không,Đúng,Không,5,0,0,0,0,0,0,0,0,159,0,0,0,0,0,0,0,0,0,0,0,0,0,0,0,0,0,0,0,0,2424,1672,1595,125,2.5,75.0,76.2,73.5,73.4,73.4,73.4,0.0,0.0,0.0,0.0,0.0,0.0,13.34,13.69,13.03,12.93,13.69,13.69,0.73,0.01,13.20,0.13,0.11,16568,1499,645.9,19.6,0,32.0,52,
8.10.2026,19:51:57.127,29346,66772,30.5,23413,25601,47.7,1.0,47104,468,1.047,1.040,1.053,1.052,1.042,1.050,1.043,3984.3,3984.3,3984.3,3984.3,3984.3,3984.3,3984.3,99.6,3685.5,996.1,1702.8,2113.2,1757.7,2184.5,1392.4,1903.2,1036.8,1035.0,2369.4,2269.1,1297.3,2002.3,1073.0,1702.8,46.3,53.8,44.5,55.0,34.9,66.6,28.3,39.0,62.5,50.1,41.6,45.6,33.9,66.6,46.3,100.0,65.6,76.0,62.7,77.8,49.8,93.3,40.7,55.5,87.2,71.1,58.9,65.3,48.6,65.6,40.0,40.0,40.0,40.0,40.0,40.0,40.0,37.0,131,133,127,133,127,127,140,81,79,85,79,85,85,72,136,140,Không,Không,Không,Không,Không,Không,Không,Không,Không,Không,Không,Không,Không,Không,Không,Không,Không,Không,Không,Không,Không,Không,Không,Không,144,144,41.321,41.156,38.649,2.547,65.0,85.0,134.0,134.0,41.000,42.7,52.9,44.0,54.7,34.9,47.7,26.0,25.9,59.4,56.9,32.5,50.2,26.9,16.3,6.6,10.1,26.3,13.8,14.0,27.1,1593.7,16.00,22,22,22,52,74,880,2,Đúng,Không,Không,Không,Không,Không,Không,Không,Không,Không,Không,Không,Đúng,Đúng,Không,Không,Không,Không,Không,Không,Không,Không,Không,Không,Không,Không,Không,Không,Không,Không,Không,Không,Không,Không,Không,Không,Không,Không,Không,Không,Không,168.8,115,135,142,149,1.020,3.285,11.880,4.950,0.024,1.308,1.212,3.360,3.144,3.072,1527,0,0,Đúng,113,Không,Không,113,92.0,Không,Không,8827,12973,45315,131,87.0,100.0,Không,Không,46182,41440,100.0,86.9,100.0,8.431,1.920,15648,20242,0.1,0.0,0.1,0.042,0.017,351,639,0.8,0.1,0.9,1.102,0.102,22406,76286,111.8,126.2,181.4,0.675,6.280,4.897,12.000,0.076,6.024,6.204,0.180,19.600,19.600,139.0,405.0,544.0,134.0,404.8,14.0,17.0,0.0,5.0,40.8,5.0,9.9,0.0,50,Đúng,Không,Không,Không,Không,Đúng,Không,5,0,0,0,0,0,0,0,0,159,0,0,0,0,0,0,0,0,0,0,0,0,0,0,0,0,0,0,0,0,2424,1672,1595,125,2.5,75.0,76.2,73.5,73.4,73.4,73.4,0.0,0.0,0.0,0.0,0.0,0.0,13.34,13.69,13.03,12.93,13.69,13.69,0.73,0.01,13.20,0.13,0.11,16568,1499,9.9,7.6,0,32.0,52,
8.10.2026,19:51:59.909,29343,66776,30.5,23412,25603,47.7,1.0,47104,468,1.055,1.054,1.060,1.045,1.057,1.066,1.048,3984.3,3984.3,3984.3,3984.3,3984.3,3984.3,3984.3,99.6,3685.5,996.1,2007.5,2189.3,1535.3,2140.2,1894.7,2200.0,1625.9,1895.3,2723.6,2410.2,1518.9,2011.5,1944.9,2007.5,52.3,58.3,40.2,55.7,48.8,57.1,42.4,49.6,70.0,59.4,42.4,59.4,44.8,70.0,52.3,100.0,74.2,82.7,57.4,79.3,69.3,81.1,60.4,70.0,98.0,84.1,60.3,84.1,63.5,74.2,40.0,40.0,40.0,40.0,40.0,40.0,40.0,37.0,135,136,135,135,129,142,131,77,76,77,77,83,70,81,136,142,Không,Không,Không,Không,Không,Không,Không,Không,Không,Không,Không,Không,Không,Không,Không,Không,Không,Không,Không,Không,Không,Không,Không,Không,140,140,21.141,41.524,38.993,2.562,65.0,85.0,134.0,134.0,22.000,50.3,54.8,38.5,53.6,47.5,55.1,40.7,47.5,68.1,60.4,38.1,50.4,48.7,14.9,13.3,15.9,20.6,4.3,14.7,20.6,1593.7,16.00,22,22,22,52,74,880,2,Đúng,Không,Không,Không,Không,Không,Không,Không,Không,Không,Không,Không,Đúng,Đúng,Không,Không,Không,Không,Không,Không,Không,Không,Không,Không,Không,Không,Không,Không,Không,Không,Không,Không,Không,Không,Không,Không,Không,Không,Không,Không,Không,168.8,115,135,140,151,1.008,3.285,11.880,4.980,0.024,1.308,1.212,3.360,3.144,3.072,1541,0,0,Đúng,113,Không,Không,113,92.0,Không,Không,8827,12973,45315,133,87.0,100.0,Không,Không,46182,41440,100.0,69.9,100.0,8.544,2.264,15667,20247,0.1,0.0,0.2,0.053,0.050,351,640,0.7,0.3,1.0,1.223,0.659,22409,76288,111.7,126.0,181.4,0.675,6.280,4.897,12.000,0.076,6.024,6.204,0.181,19.600,19.600,139.0,405.0,544.0,134.0,402.7,15.0,17.0,0.0,5.0,40.8,4.9,9.8,0.0,50,Đúng,Không,Không,Không,Không,Đúng,Không,5,0,0,0,0,0,0,0,0,159,0,0,0,0,0,0,0,0,0,0,0,0,0,0,0,0,0,0,0,0,2424,1672,1595,125,2.5,75.0,76.0,73.9,73.8,73.8,73.8,0.1,72.1,0.0,0.0,0.0,0.0,13.33,13.57,13.12,13.12,13.59,13.59,0.72,0.53,13.21,0.12,0.05,16568,1499,61.1,7.2,0,32.0,52,
8.10.2026,19:52:2.205,29375,66743,30.5,23438,25577,47.8,1.0,47104,468,1.050,1.056,1.044,1.050,1.047,1.056,1.044,3984.3,3984.3,3984.3,3984.3,3984.3,3984.3,3984.3,99.6,3685.5,996.1,1704.3,2268.9,855.7,2140.1,1215.4,1597.0,2457.2,1792.2,1211.8,1871.4,1115.9,2658.8,1267.0,1704.3,43.1,57.7,21.7,53.7,30.3,40.1,61.5,44.9,30.2,51.5,27.5,60.2,37.6,61.5,43.1,100.0,61.5,82.0,31.9,77.0,43.8,57.3,86.0,64.9,43.6,73.7,39.8,85.0,53.5,61.5,40.0,40.0,40.0,40.0,40.0,40.0,40.0,37.0,135,135,142,138,131,129,135,77,77,70,74,81,83,77,140,142,Không,Không,Không,Không,Không,Không,Không,Không,Không,Không,Không,Không,Không,Không,Không,Không,Không,Không,Không,Không,Không,Không,Không,Không,140,140,38.438,38.457,36.144,2.356,65.0,85.0,134.0,134.0,40.000,42.7,56.9,21.4,53.6,30.5,40.0,61.6,44.9,30.4,46.9,28.0,66.6,31.7,12.1,10.3,14.7,8.1,17.0,19.6,2.9,1593.7,16.00,22,22,22,52,74,880,2,Đúng,Không,Không,Không,Không,Không,Không,Không,Không,Không,Không,Không,Đúng,Đúng,Không,Không,Không,Không,Không,Không,Không,Không,Không,Không,Không,Không,Không,Không,Không,Không,Không,Không,Không,Không,Không,Không,Không,Không,Không,Không,Không,168.8,115,135,140,151,1.020,3.265,11.880,4.950,0.024,1.320,1.212,3.360,3.144,3.072,1523,0,0,Đúng,113,Không,Không,113,92.0,Không,Không,8827,12973,45315,133,87.0,100.0,Không,Không,46182,41440,100.0,66.6,100.0,9.213,3.415,15682,20252,0.2,0.0,0.2,0.096,0.067,352,640,0.8,0.2,1.0,1.446,0.300,22411,76288,112.8,127.2,181.4,0.781,6.354,4.927,12.000,0.076,6.024,6.279,0.255,19.600,19.600,1151.5,1050.0,1025.0,828.4,1046.6,4.0,7.0,0.0,1.0,40.8,5.5,10.9,0.0,50,Đúng,Không,Không,Không,Không,Đúng,Không,6,0,0,0,0,0,0,0,0,160,0,0,0,0,0,0,0,0,0,0,0,0,0,0,0,0,0,0,0,0,2424,1672,1595,127,8.0,75.0,76.2,74.1,74.0,74.0,74.0,46.9,75.3,5.2,4.2,4.2,4.2,13.33,13.53,13.05,13.03,13.55,13.55,0.64,0.56,13.20,0.13,1.26,16568,1499,5.9,6.6,0,32.0,52,
8.10.2026,19:52:6.133,29390,66728,30.5,23457,25557,47.8,1.0,47104,468,1.045,1.051,1.046,1.045,1.045,1.040,1.040,3984.3,3984.3,3984.3,3984.3,3984.3,3984.3,3984.3,99.6,3685.5,996.1,1716.5,1923.4,1108.3,1707.3,1714.9,2061.5,1222.4,2168.4,2321.9,1614.7,1422.0,1665.8,1667.4,1716.5,43.0,48.8,27.3,42.9,42.9,51.8,30.6,54.6,58.4,40.2,35.3,43.3,40.2,58.4,43.0,100.0,61.3,69.7,39.6,61.6,61.0,73.6,44.2,76.5,81.7,57.9,50.7,61.8,57.1,61.3,40.0,40.0,40.0,40.0,40.0,40.0,40.0,37.0,139,142,140,138,140,136,136,73,70,72,74,72,76,76,142,142,Không,Không,Không,Không,Không,Không,Không,Không,Không,Không,Không,Không,Không,Không,Không,Không,Không,Không,Không,Không,Không,Không,Không,Không,145,145,45.165,37.350,35.695,1.683,65.0,85.0,134.0,134.0,47.000,43.0,48.2,27.8,42.8,43.0,51.7,30.6,54.3,58.2,40.5,35.6,41.7,41.8,21.9,26.6,23.1,19.3,9.0,31.2,22.4,1593.7,16.00,22,22,22,52,74,880,2,Đúng,Không,Không,Không,Không,Không,Không,Không,Không,Không,Không,Không,Đúng,Đúng,Không,Không,Không,Không,Không,Không,Không,Không,Không,Không,Không,Không,Không,Không,Không,Không,Không,Không,Không,Không,Không,Không,Không,Không,Không,Không,Không,168.8,115,135,142,151,1.020,3.285,11.880,4.980,0.024,1.308,1.212,3.360,3.144,3.072,1530,0,0,Đúng,113,Không,Không,113,92.0,Không,Không,8827,12973,45315,133,87.0,100.0,Không,Không,46182,41440,100.0,100.0,100.0,11.730,2.859,15716,20261,0.2,0.0,0.2,0.113,0.026,352,640,1.0,1.4,2.4,1.414,6.157,22416,76301,112.3,126.7,181.4,0.675,6.278,4.896,12.000,0.076,6.024,6.202,0.179,19.600,19.600,772.0,810.0,696.0,768.3,805.1,7.0,9.0,0.0,3.0,40.8,2.3,4.6,0.0,50,Đúng,Không,Không,Không,Không,Đúng,Không,6,0,0,0,0,0,0,0,0,161,0,0,0,0,0,0,0,0,0,0,0,0,0,0,0,0,0,0,0,0,2424,1672,1595,127,5.0,75.0,76.7,73.3,72.9,72.9,72.9,1.9,1.9,1.9,1.9,1.9,1.9,13.33,13.67,13.03,13.01,13.74,13.74,0.37,1.51,13.21,0.12,0.12,16568,1499,12.2,22.9,0,32.0,52,
8.10.2026,19:52:10.059,29395,66723,30.5,23454,25560,47.8,1.0,47104,468,1.046,1.048,1.041,1.042,1.043,1.049,1.054,3984.3,3984.3,3984.3,3984.3,3984.3,3984.3,3984.3,99.6,3685.5,996.1,1419.7,1368.2,1249.6,2092.2,1112.7,2966.8,870.2,1388.2,1168.8,1501.5,971.3,1346.4,1000.4,1419.7,35.4,35.3,31.4,51.9,27.4,74.4,21.3,34.3,28.7,36.2,23.4,36.0,24.6,74.4,35.4,100.0,50.7,51.3,44.9,73.5,39.6,103.9,31.0,49.9,41.5,52.3,34.3,51.3,35.0,50.7,40.0,40.0,40.0,40.0,40.0,40.0,40.0,37.0,139,140,145,144,138,140,129,73,72,67,68,74,72,83,144,145,Không,Không,Không,Không,Không,Không,Không,Không,Không,Không,Không,Không,Không,Không,Không,Không,Không,Không,Không,Không,Không,Không,Không,Không,140,140,44.204,34.031,31.641,2.406,65.0,85.0,134.0,134.0,43.000,35.6,34.7,31.3,52.4,27.9,74.3,21.8,34.8,29.3,37.6,24.3,33.7,25.1,31.0,31.0,26.9,10.5,35.9,39.3,42.7,1593.7,16.00,22,22,22,52,74,880,2,Đúng,Không,Không,Không,Không,Không,Không,Không,Không,Không,Không,Không,Đúng,Đúng,Không,Không,Không,Không,Không,Không,Không,Không,Không,Không,Không,Không,Không,Không,Không,Không,Không,Không,Không,Không,Không,Không,Không,Không,Không,Không,Không,168.8,115,135,142,151,1.032,3.324,11.808,4.950,0.024,1.308,1.212,3.360,3.144,3.072,1541,0,0,Đúng,113,Không,Không,113,92.0,Không,Không,8827,12973,45315,133,87.0,100.0,Không,Không,46182,41440,100.0,100.0,100.0,3.960,3.814,15790,20272,0.0,0.0,0.1,0.020,0.034,352,640,0.5,0.2,0.7,0.651,0.208,22420,76330,111.8,126.2,181.4,0.675,6.277,4.896,12.000,0.076,6.024,6.201,0.178,19.600,19.600,164.5,405.0,544.0,134.0,403.0,15.0,18.0,0.0,5.0,40.9,4.9,9.8,0.0,50,Đúng,Không,Không,Không,Không,Đúng,Không,6,0,0,0,0,0,0,0,0,162,0,0,0,0,0,0,0,0,0,0,0,0,0,0,0,0,0,0,0,0,2421,1675,1598,127,2.5,75.0,77.9,72.4,71.7,71.6,71.6,1.9,1.9,1.9,1.9,1.9,1.9,13.33,13.85,12.80,12.70,13.98,13.98,0.70,0.33,13.21,0.12,0.04,16570,1499,7.0,7.7,0,32.0,52,
8.10.2026,19:52:15.326,29404,66714,30.5,23454,25560,47.8,1.0,47104,468,1.054,1.061,1.058,1.065,1.051,1.041,1.050,3984.3,3984.3,3984.3,3984.3,3984.3,3984.3,3984.3,99.6,3685.5,996.1,1254.1,1437.9,723.5,1462.8,799.7,2210.1,1083.9,1303.8,1802.8,1387.2,617.7,1175.6,1044.5,1254.1,31.9,38.6,18.9,37.7,20.8,56.6,21.9,33.0,47.7,37.2,16.8,27.4,26.5,56.6,31.9,100.0,46.5,56.3,28.1,55.2,31.1,80.2,32.4,48.1,67.4,54.4,25.4,40.9,38.7,46.5,40.0,40.0,40.0,40.0,40.0,40.0,40.0,37.0,129,122,124,144,129,126,127,83,90,88,68,83,86,85,145,144,Không,Không,Không,Không,Không,Không,Không,Không,Không,Không,Không,Không,Không,Không,Không,Không,Không,Không,Không,Không,Không,Không,Không,Không,138,138,40.360,30.820,28.491,2.359,65.0,85.0,134.0,134.0,40.000,31.4,36.0,18.1,36.7,20.0,55.4,27.2,32.7,45.2,34.8,15.5,29.5,26.2,26.2,26.3,32.9,17.0,13.9,33.1,33.7,1593.7,16.00,22,22,22,52,74,880,2,Đúng,Không,Không,Không,Không,Không,Không,Không,Không,Không,Không,Không,Đúng,Đúng,Không,Không,Không,Không,Không,Không,Không,Không,Không,Không,Không,Không,Không,Không,Không,Không,Không,Không,Không,Không,Không,Không,Không,Không,Không,Không,Không,170.6,115,135,140,151,0.996,3.285,11.952,5.010,0.024,1.308,1.212,3.360,3.144,3.072,1520,0,0,Đúng,113,Không,Không,113,92.0,Không,Không,8827,12973,45315,129,87.0,100.0,Không,Không,46182,41440,100.0,100.0,100.0,4.859,4.099,15817,20289,0.0,0.0,0.1,0.019,0.078,352,640,0.2,0.3,0.5,0.225,0.193,22423,76332,111.9,126.3,181.4,0.675,6.275,4.895,12.000,0.076,6.024,6.199,0.175,19.600,19.600,139.0,405.0,544.0,134.0,402.4,16.0,17.0,0.0,5.0,40.8,5.0,10.0,0.0,50,Đúng,Không,Không,Không,Không,Đúng,Không,6,0,0,0,0,0,0,0,0,162,0,0,0,0,0,0,0,0,0,0,0,0,0,0,0,0,0,0,0,0,2424,1672,1595,127,2.5,75.0,76.0,74.0,73.9,73.9,73.9,1.9,1.9,1.9,1.9,1.9,1.9,13.33,13.52,13.10,13.07,13.55,13.55,0.64,0.63,13.21,0.12,0.01,16571,1499,131.1,7.5,0,32.0,52,
8.10.2026,19:52:18.785,29399,66719,30.5,23479,25535,47.9,1.0,47104,468,1.044,1.030,1.047,1.045,1.049,1.049,1.046,3984.3,3984.3,3984.3,3984.3,3984.3,3984.3,3984.3,99.6,3685.5,996.1,1529.6,1874.9,890.5,1699.4,1142.9,2295.6,1030.5,1739.7,1183.1,1682.2,897.0,2803.6,1115.8,1529.6,39.6,48.5,22.9,43.2,29.2,58.6,32.6,44.4,30.1,42.6,22.8,72.1,28.3,72.1,39.6,100.0,56.6,69.5,33.3,62.3,42.1,82.7,46.5,63.9,43.1,61.4,33.2,100.6,40.3,56.6,40.0,40.0,40.0,40.0,40.0,40.0,40.0,37.0,133,127,131,142,129,136,131,79,85,81,70,83,76,81,142,142,Không,Không,Không,Không,Không,Không,Không,Không,Không,Không,Không,Không,Không,Không,Không,Không,Không,Không,Không,Không,Không,Không,Không,Không,140,140,35.555,36.565,34.127,2.461,65.0,85.0,134.0,134.0,42.000,38.3,47.0,22.3,42.6,28.6,57.5,25.8,43.6,29.6,42.1,22.5,70.2,28.0,19.1,21.3,22.8,10.0,19.5,28.5,12.6,1593.7,16.00,22,22,22,52,74,880,2,Đúng,Không,Không,Không,Không,Không,Không,Không,Không,Không,Không,Không,Đúng,Đúng,Không,Không,Không,Không,Không,Không,Không,Không,Không,Không,Không,Không,Không,Không,Không,Không,Không,Không,Không,Không,Không,Không,Không,Không,Không,Không,Không,168.8,115,135,138,151,1.032,3.344,11.880,4.980,0.024,1.308,1.212,3.360,3.144,3.072,1516,0,0,Đúng,113,Không,Không,113,92.0,Không,Không,8827,12973,45315,131,87.0,100.0,Không,Không,46182,41440,100.0,71.7,100.0,6.296,2.295,15828,20293,0.1,0.0,0.2,0.066,0.041,352,641,0.3,0.9,1.3,0.346,1.574,22423,76335,111.8,126.2,181.4,0.675,6.278,4.896,12.000,0.076,6.024,6.202,0.178,19.600,19.600,139.0,405.0,544.0,134.0,402.4,15.0,17.0,0.0,5.0,40.8,4.8,9.6,0.0,50,Đúng,Không,Không,Không,Không,Đúng,Không,6,0,0,0,0,0,0,0,0,162,0,0,0,0,0,0,0,0,0,0,0,0,0,0,0,0,0,0,0,0,2424,1672,1595,127,2.5,75.0,76.6,73.1,72.9,72.8,72.8,1.9,1.9,1.9,1.9,1.9,1.9,13.33,13.70,13.04,12.97,13.74,13.74,0.64,0.62,13.21,0.12,0.22,16571,1499,218.1,11.0,0,32.0,52,
8.10.2026,19:52:24.804,29372,66746,30.5,23443,25572,47.8,1.0,47104,468,1.034,1.036,1.051,1.052,1.025,1.032,1.010,3984.3,3984.3,3984.3,3984.3,3984.3,3984.3,3984.3,99.6,3685.5,996.1,1263.6,1508.3,740.2,1259.2,936.7,2782.9,658.3,1732.2,835.8,1233.8,1152.2,1178.4,1145.2,1263.6,33.3,39.7,19.7,32.9,24.4,70.3,18.3,45.4,22.9,33.1,30.9,31.5,30.3,70.3,33.3,100.0,46.8,56.3,27.6,46.8,34.4,97.8,25.5,63.9,32.1,46.7,43.4,44.6,42.1,46.8,40.0,40.0,40.0,40.0,40.0,40.0,40.0,37.0,126,120,131,144,122,122,120,86,92,81,68,90,90,92,142,144,Không,Không,Không,Không,Không,Không,Không,Không,Không,Không,Không,Không,Không,Không,Không,Không,Không,Không,Không,Không,Không,Không,Không,Không,140,140,20.180,32.387,30.028,2.379,65.0,85.0,134.0,134.0,21.000,31.6,37.6,18.5,31.5,23.5,69.7,16.5,43.4,20.9,30.9,28.7,29.5,28.7,37.0,40.1,43.5,17.4,36.8,40.9,43.1,1593.7,16.00,22,22,22,52,74,880,2,Đúng,Không,Không,Không,Không,Không,Không,Không,Không,Không,Không,Không,Đúng,Đúng,Không,Không,Không,Không,Không,Không,Không,Không,Không,Không,Không,Không,Không,Không,Không,Không,Không,Không,Không,Không,Không,Không,Không,Không,Không,Không,Không,168.8,115,135,140,151,1.008,3.285,11.952,5.010,0.024,1.308,1.212,3.360,3.144,3.072,1544,0,0,Đúng,113,Không,Không,113,92.0,Không,Không,8827,12973,45315,131,87.0,100.0,Không,Không,46182,41440,100.0,86.5,100.0,3.031,1.247,15880,20305,0.0,0.1,0.2,0.020,0.049,352,641,0.5,0.5,1.0,0.683,1.227,22446,76339,111.7,126.0,181.4,0.675,6.277,4.896,12.000,0.076,6.024,6.201,0.178,19.600,19.600,139.0,405.0,544.0,134.0,402.1,14.0,17.0,0.0,5.0,40.8,4.7,9.4,0.0,50,Đúng,Không,Không,Không,Không,Đúng,Không,6,0,0,0,0,0,0,0,0,162,0,0,0,0,0,0,0,0,0,0,0,0,0,0,0,0,0,0,0,0,2424,1672,1595,126,2.5,75.0,76.0,74.2,74.2,74.2,74.2,1.8,1.8,1.8,1.8,1.8,1.8,13.33,13.51,13.13,13.08,13.52,13.52,0.70,0.59,13.22,0.12,0.03,16572,1499,71.8,7.6,0,32.0,52,
8.10.2026,19:52:28.288,29412,66707,30.5,23495,25520,47.9,1.0,47104,468,1.048,1.045,1.048,1.050,1.050,1.044,1.051,3984.3,3984.3,3984.3,3984.3,3984.3,3984.3,3984.3,99.6,3685.5,996.1,2091.2,2416.6,1596.0,2322.0,2140.1,2461.2,1637.5,2270.1,1727.5,2682.2,1528.3,2563.8,1749.3,2091.2,54.9,63.5,41.7,60.5,55.4,64.4,43.0,59.4,47.4,64.1,42.4,68.9,48.2,68.9,54.9,100.0,77.7,89.6,59.1,85.6,78.2,91.1,61.4,84.6,67.4,90.8,60.5,96.6,68.0,77.7,40.0,40.0,40.0,40.0,40.0,40.0,40.0,37.0,138,138,142,138,135,144,129,74,74,70,74,77,68,83,144,144,Không,Không,Không,Không,Không,Không,Không,Không,Không,Không,Không,Không,Không,Không,Không,Không,Không,Không,Không,Không,Không,Không,Không,Không,147,147,24.985,43.612,41.065,2.593,65.0,85.0,134.0,134.0,26.000,52.4,60.5,40.0,58.2,53.6,61.7,41.0,56.9,43.3,67.2,38.3,64.2,43.8,4.8,4.9,3.4,1.7,7.9,4.1,7.0,1593.7,16.00,22,22,22,52,74,880,2,Đúng,Không,Không,Không,Không,Không,Không,Không,Không,Không,Không,Không,Đúng,Đúng,Không,Không,Không,Không,Không,Không,Không,Không,Không,Không,Không,Không,Không,Không,Không,Không,Không,Không,Không,Không,Không,Không,Không,Không,Không,Không,Không,168.8,115,135,142,151,1.032,3.344,11.808,4.950,0.024,1.320,1.212,3.360,3.144,3.072,1520,0,0,Đúng,113,Không,Không,113,92.0,Không,Không,8827,12973,45315,133,87.0,100.0,Không,Không,46182,41440,100.0,100.0,100.0,6.408,2.821,15910,20314,0.1,0.0,0.1,0.068,0.009,353,641,0.5,0.7,1.2,0.789,1.208,22449,76341,111.7,126.0,181.4,0.675,6.275,4.895,12.000,0.076,6.024,6.199,0.175,19.600,19.600,139.0,405.0,544.0,134.0,402.3,14.0,17.0,0.0,5.0,40.8,4.8,9.6,0.0,50,Đúng,Không,Không,Không,Không,Đúng,Không,6,0,0,0,0,0,0,0,0,162,0,0,0,0,0,0,0,0,0,0,0,0,0,0,0,0,0,0,0,0,2424,1672,1595,125,2.5,75.0,76.4,73.2,72.9,72.9,72.9,1.9,1.9,1.9,1.9,1.9,1.9,13.33,13.75,13.02,12.93,13.93,13.93,0.70,0.39,13.20,0.13,0.07,16572,1499,156.4,13.0,0,32.0,52,
8.10.2026,19:52:31.092,29421,66697,30.6,23501,25513,47.9,1.0,47104,468,1.049,1.051,1.049,1.051,1.052,1.043,1.048,3984.3,3984.3,3984.3,3984.3,3984.3,3984.3,3984.3,99.6,3685.5,996.1,2299.7,2385.5,1802.7,2601.3,2607.1,2261.4,2169.8,2335.8,2343.1,2635.9,1995.4,2412.6,2045.4,2299.7,58.2,61.1,46.1,65.9,66.0,57.7,54.9,59.5,59.7,68.7,48.6,60.4,49.5,68.7,58.2,100.0,81.7,86.0,65.1,92.3,92.2,81.4,77.2,83.6,83.4,96.1,68.5,84.9,69.8,81.7,40.0,40.0,40.0,40.0,40.0,40.0,40.0,37.0,134,126,138,131,133,140,136,78,86,74,81,79,72,76,142,140,Không,Không,Không,Không,Không,Không,Không,Không,Không,Không,Không,Không,Không,Không,Không,Không,Không,Không,Không,Không,Không,Không,Không,Không,140,140,43.243,43.816,41.234,2.594,65.0,85.0,134.0,134.0,47.000,57.6,59.8,45.2,65.2,65.3,56.7,54.4,58.5,58.7,66.0,50.0,60.4,51.3,11.6,12.0,4.6,13.7,14.1,11.5,13.9,1593.7,16.00,22,22,22,52,74,880,2,Đúng,Không,Không,Không,Không,Không,Không,Không,Không,Không,Không,Không,Đúng,Đúng,Không,Không,Không,Không,Không,Không,Không,Không,Không,Không,Không,Không,Không,Không,Không,Không,Không,Không,Không,Không,Không,Không,Không,Không,Không,Không,Không,168.8,115,135,144,151,1.008,3.324,11.808,4.950,0.024,1.308,1.212,3.360,3.144,3.072,1544,0,0,Đúng,113,Không,Không,113,92.0,Không,Không,8827,12973,45315,133,87.0,100.0,Không,Không,46182,41440,100.0,74.3,100.0,5.990,2.064,15921,20318,0.2,0.0,0.2,0.085,0.085,353,641,0.6,1.3,2.0,0.689,2.123,22451,76345,111.6,126.0,181.4,0.675,6.281,4.897,12.000,0.076,6.024,6.205,0.182,19.600,19.600,139.0,405.0,544.0,134.0,402.5,15.0,17.0,0.0,5.0,40.8,5.0,10.0,0.0,50,Đúng,Không,Không,Không,Không,Đúng,Không,6,0,0,0,0,0,0,0,0,162,0,0,0,0,0,0,0,0,0,0,0,0,0,0,0,0,0,0,0,0,2424,1672,1595,119,2.5,75.0,76.3,73.9,73.8,73.8,73.8,1.9,1.9,1.9,1.9,1.9,1.9,13.33,13.57,13.04,12.99,13.61,13.61,0.72,0.86,13.19,0.14,0.07,16573,1499,498.1,17.5,0,32.0,52,
8.10.2026,19:52:34.551,29420,66698,30.6,23499,25515,47.9,1.0,47104,468,1.044,1.017,1.047,1.033,1.062,1.046,1.059,3984.3,3984.3,3984.3,3984.3,3984.3,3984.3,3984.3,99.6,3685.5,996.1,1598.0,2728.7,977.1,1906.1,1251.4,1714.7,1439.3,1649.8,1565.5,2023.2,1184.4,1444.2,1292.2,1598.0,41.5,70.2,26.1,49.7,32.1,44.3,36.7,41.9,47.2,47.8,31.3,37.6,33.6,70.2,41.5,100.0,59.0,98.4,37.3,70.7,45.8,63.0,51.8,59.6,66.2,68.2,44.9,54.2,47.5,59.0,40.0,40.0,40.0,40.0,40.0,40.0,40.0,37.0,132,147,126,127,124,138,127,80,65,86,85,88,74,85,147,147,Không,Không,Không,Không,Không,Không,Không,Không,Không,Không,Không,Không,Không,Không,Không,Không,Không,Không,Không,Không,Không,Không,Không,Không,142,142,27.868,37.541,35.091,2.474,65.0,85.0,134.0,134.0,29.000,40.0,68.4,24.5,47.8,31.4,42.9,36.1,41.3,39.2,50.7,29.7,36.2,32.4,20.2,10.1,21.0,18.7,14.7,23.8,32.9,1593.7,16.00,22,22,22,52,74,880,2,Đúng,Không,Không,Không,Không,Không,Không,Không,Không,Không,Không,Không,Đúng,Đúng,Không,Không,Không,Không,Không,Không,Không,Không,Không,Không,Không,Không,Không,Không,Không,Không,Không,Không,Không,Không,Không,Không,Không,Không,Không,Không,Không,168.8,115,135,140,151,1.008,3.324,11.880,5.010,0.024,1.296,1.212,3.360,3.144,3.072,1551,0,0,Đúng,113,Không,Không,113,92.0,Không,Không,8827,12973,45315,133,87.0,100.0,Không,Không,46182,41440,100.0,99.9,100.0,9.151,3.312,15953,20329,0.0,0.0,0.0,0.000,0.026,353,641,0.8,1.0,1.8,0.998,2.767,22454,76351,111.7,126.1,181.4,0.675,6.282,4.898,12.000,0.076,6.024,6.206,0.182,19.600,19.600,139.0,405.0,544.0,134.0,403.0,15.0,17.0,0.0,5.0,40.8,4.9,9.8,0.0,50,Đúng,Không,Không,Không,Không,Đúng,Không,6,0,0,0,0,0,0,0,0,162,0,0,0,0,0,0,0,0,0,0,0,0,0,0,0,0,0,0,0,0,2424,1672,1595,120,2.5,75.0,76.9,73.6,73.1,73.1,73.1,1.9,1.9,1.9,1.9,1.9,1.9,13.33,13.62,12.98,12.95,13.69,13.69,0.66,0.28,13.21,0.12,0.03,16573,1499,6.3,6.6,0,32.0,52,
8.10.2026,19:52:37.874,29429,66689,30.6,23514,25500,47.9,1.0,47104,468,1.045,1.060,1.049,1.040,1.045,1.055,1.020,3984.3,3984.3,3984.3,3984.3,3984.3,3984.3,3984.3,99.6,3685.5,996.1,1862.3,2275.6,1198.5,2132.3,1647.0,2202.8,1324.8,1891.2,1844.7,2562.2,1359.8,2544.0,1364.3,1862.3,48.0,58.0,30.1,53.7,41.5,55.5,33.3,47.7,46.5,64.3,40.3,65.2,39.2,65.2,48.0,100.0,67.9,82.0,43.1,76.3,59.1,78.6,47.8,67.7,65.8,90.2,57.1,91.0,55.6,67.9,40.0,40.0,40.0,40.0,40.0,40.0,40.0,37.0,129,129,129,129,126,122,136,83,83,83,83,86,90,76,140,136,Không,Không,Không,Không,Không,Không,Không,Không,Không,Không,Không,Không,Không,Không,Không,Không,Không,Không,Không,Không,Không,Không,Không,Không,140,140,39.399,41.506,39.018,2.501,65.0,85.0,134.0,134.0,42.000,46.6,57.0,30.0,53.4,41.2,55.2,33.2,47.4,46.2,64.1,34.0,63.7,34.2,12.0,14.3,14.8,15.4,10.7,2.6,14.0,1593.7,16.00,22,22,22,52,74,880,2,Đúng,Không,Không,Không,Không,Không,Không,Không,Không,Không,Không,Không,Đúng,Đúng,Không,Không,Không,Không,Không,Không,Không,Không,Không,Không,Không,Không,Không,Không,Không,Không,Không,Không,Không,Không,Không,Không,Không,Không,Không,Không,Không,168.8,115,135,140,151,1.032,3.285,11.952,5.010,0.024,1.308,1.212,3.360,3.144,3.072,1555,0,0,Đúng,113,Không,Không,113,92.0,Không,Không,8827,12973,45315,133,87.0,100.0,Không,Không,46182,41440,100.0,91.7,100.0,7.039,2.291,15983,20337,0.0,0.1,0.1,0.011,0.099,353,642,0.5,1.5,2.0,0.705,5.599,22457,76370,111.7,126.1,181.4,0.675,6.309,4.908,12.000,0.076,6.024,6.233,0.209,19.600,19.600,139.0,405.0,544.0,134.0,402.5,18.0,17.0,0.0,5.0,40.8,5.5,11.0,0.0,50,Đúng,Không,Không,Không,Không,Đúng,Không,6,0,0,0,0,0,0,0,0,162,0,0,0,0,0,0,0,0,0,0,0,0,0,0,0,0,0,0,0,0,2424,1672,1595,120,2.5,75.0,76.5,73.4,73.3,73.3,73.3,22.5,75.1,4.4,4.2,4.2,4.2,13.33,13.68,13.04,13.03,13.69,13.69,0.74,0.74,13.21,0.12,0.10,16574,1499,178.7,11.9,0,32.0,52,
8.10.2026,19:52:40.725,29422,66696,30.6,23513,25502,47.9,1.0,47104,468,1.056,1.065,1.055,1.057,1.058,1.050,1.051,3984.3,3984.3,3984.3,3984.3,3984.3,3984.3,3984.3,99.6,3685.5,996.1,2110.0,2397.4,1437.8,2390.6,1859.1,2460.0,1896.6,2143.8,1823.2,2077.8,2483.1,2579.5,1771.2,2110.0,54.9,63.1,37.9,61.4,48.6,63.9,49.2,56.0,47.7,53.9,62.4,70.9,43.2,70.9,54.9,100.0,78.0,89.6,54.6,87.6,69.7,90.6,70.3,80.2,68.2,76.4,87.6,99.8,61.8,78.0,40.0,40.0,40.0,40.0,40.0,40.0,40.0,37.0,135,129,140,133,129,144,135,77,83,72,79,83,68,77,144,144,Không,Không,Không,Không,Không,Không,Không,Không,Không,Không,Không,Không,Không,Không,Không,Không,Không,Không,Không,Không,Không,Không,Không,Không,140,140,45.165,42.863,40.286,2.613,65.0,85.0,134.0,134.0,43.000,52.9,60.1,36.0,59.9,46.6,61.6,47.5,53.7,45.7,52.1,62.2,64.6,44.4,7.8,9.9,10.7,6.6,10.0,8.6,1.0,1593.7,16.00,22,22,22,52,74,880,2,Đúng,Không,Không,Không,Không,Không,Không,Không,Không,Không,Không,Không,Đúng,Đúng,Không,Không,Không,Không,Không,Không,Không,Không,Không,Không,Không,Không,Không,Không,Không,Không,Không,Không,Không,Không,Không,Không,Không,Không,Không,Không,Không,168.8,115,135,142,151,1.008,3.285,11.952,5.010,0.024,1.308,1.212,3.360,3.144,3.072,1541,0,0,Đúng,113,Không,Không,113,92.0,Không,Không,8827,12973,45315,133,87.0,100.0,Không,Không,46182,41440,100.0,59.5,100.0,5.779,2.444,15994,20342,0.1,0.1,0.2,0.065,0.083,353,642,0.8,1.5,2.2,0.928,5.520,22459,76379,111.5,125.9,181.4,0.675,6.280,4.897,12.000,0.076,6.024,6.204,0.180,19.600,19.600,215.0,405.0,544.0,134.0,402.6,23.0,19.0,0.0,6.0,40.8,7.6,15.2,0.0,50,Đúng,Không,Không,Không,Không,Đúng,Không,6,0,0,0,0,0,0,0,0,162,0,0,0,0,0,0,0,0,0,0,0,0,0,0,0,0,0,0,0,0,2424,1672,1595,120,2.5,75.0,77.1,73.2,72.9,72.8,72.8,22.1,75.3,2.7,2.4,2.4,2.4,13.33,13.70,12.92,12.92,13.74,13.74,1.07,0.91,13.20,0.13,0.12,16574,1499,220.8,10.7,0,32.0,52,
8.10.2026,19:52:45.772,29450,66668,30.6,23532,25482,48.0,1.0,47104,468,1.050,1.049,1.041,1.045,1.060,1.060,1.048,3984.3,3984.3,3984.3,3984.3,3984.3,3984.3,3984.3,99.6,3685.5,996.1,2009.6,2219.2,1320.2,2126.3,1665.9,2232.2,1599.5,1975.1,1747.6,2392.9,1769.0,2721.8,2345.8,2009.6,46.7,57.0,33.6,59.6,38.3,51.4,36.5,46.4,43.4,52.9,40.7,60.7,40.3,60.7,46.7,100.0,65.8,80.2,47.3,84.0,54.0,72.6,51.8,65.8,61.0,74.6,57.3,85.0,56.5,65.8,40.0,40.0,40.0,40.0,40.0,40.0,40.0,37.0,133,127,136,140,127,133,136,79,85,76,72,85,79,76,138,140,Không,Không,Không,Không,Không,Không,Không,Không,Không,Không,Không,Không,Không,Không,Không,Không,Không,Không,Không,Không,Không,Không,Không,Không,144,144,47.087,37.413,34.962,2.478,65.0,85.0,134.0,134.0,48.000,50.3,55.5,33.1,53.3,41.7,55.9,40.1,49.5,43.8,59.9,44.3,68.2,58.8,15.1,17.9,19.1,18.7,12.2,14.6,8.0,1593.7,16.00,22,22,22,52,74,880,2,Đúng,Không,Không,Không,Không,Không,Không,Không,Không,Không,Không,Không,Đúng,Đúng,Không,Không,Không,Không,Không,Không,Không,Không,Không,Không,Không,Không,Không,Không,Không,Không,Không,Không,Không,Không,Không,Không,Không,Không,Không,Không,Không,168.8,115,135,138,151,1.008,3.344,11.880,4.950,0.024,1.308,1.212,3.360,3.144,3.072,1527,0,0,Đúng,113,Không,Không,113,92.0,Không,Không,8827,12973,45315,133,87.0,100.0,Không,Không,46182,41440,100.0,95.0,100.0,8.662,2.404,16035,20358,0.2,0.0,0.2,0.084,0.050,353,642,0.8,0.3,1.1,1.154,0.308,22464,76382,111.6,126.0,181.4,0.675,6.317,4.912,12.000,0.076,6.024,6.241,0.217,19.600,19.600,240.0,405.0,544.0,134.0,402.0,31.0,22.0,0.0,13.0,40.8,6.0,12.0,0.0,50,Đúng,Không,Không,Không,Không,Đúng,Không,6,0,0,0,0,0,0,0,0,162,0,0,0,0,0,0,0,0,0,0,0,0,0,0,0,0,0,0,0,0,2424,1672,1595,120,2.5,75.0,76.4,73.5,73.4,73.4,73.4,72.9,75.3,37.5,37.5,37.5,37.5,13.33,13.65,13.06,13.00,13.67,13.67,1.11,1.10,13.20,0.13,0.10,16575,1499,190.1,13.7,0,32.0,52,
8.10.2026,19:52:49.607,29437,66681,30.6,23537,25477,48.0,1.0,47104,468,1.052,1.054,1.057,1.048,1.048,1.058,1.047,3984.3,3984.3,3984.3,3984.3,3984.3,3984.3,3984.3,99.6,3685.5,996.1,1594.0,1784.1,1605.9,1780.6,1275.2,1898.6,1118.9,1564.5,1592.3,1553.8,1190.9,2834.0,929.5,1594.0,39.8,45.1,40.0,44.4,31.7,47.5,27.7,39.1,35.9,39.2,29.7,74.4,22.8,74.4,39.8,100.0,57.0,64.5,56.8,64.0,45.8,67.8,40.3,56.4,51.4,56.9,43.1,103.7,33.3,57.0,40.0,40.0,40.0,40.0,40.0,40.0,40.0,37.0,133,129,133,127,142,133,133,79,83,79,85,70,79,79,142,142,Không,Không,Không,Không,Không,Không,Không,Không,Không,Không,Không,Không,Không,Không,Không,Không,Không,Không,Không,Không,Không,Không,Không,Không,144,144,46.126,39.462,38.018,1.484,65.0,85.0,134.0,134.0,47.000,39.9,44.7,40.2,44.6,32.0,47.6,28.0,39.2,39.9,38.9,29.8,71.0,23.3,25.9,20.2,28.8,21.2,29.9,38.1,17.1,1593.7,16.00,22,22,22,52,74,880,2,Đúng,Không,Không,Không,Không,Không,Không,Không,Không,Không,Không,Không,Đúng,Đúng,Không,Không,Không,Không,Không,Không,Không,Không,Không,Không,Không,Không,Không,Không,Không,Không,Không,Không,Không,Không,Không,Không,Không,Không,Không,Không,Không,168.8,115,135,140,151,1.020,3.285,11.952,4.980,0.024,1.296,1.212,3.360,3.144,3.072,1530,0,0,Đúng,113,Không,Không,113,92.0,Không,Không,8827,12973,45315,133,87.0,100.0,Không,Không,46182,41440,100.0,96.0,100.0,9.772,2.426,16077,20364,0.2,0.0,0.2,0.089,0.061,354,642,14.4,1.1,15.5,19.569,1.851,22504,76388,112.8,127.2,181.4,0.781,6.349,4.924,12.000,0.076,6.024,6.273,0.249,19.600,19.600,1151.5,1050.0,1025.0,1142.8,1046.3,3.0,7.0,0.0,1.0,40.8,2.0,4.1,0.0,50,Đúng,Không,Không,Không,Không,Đúng,Không,6,0,0,0,0,0,0,0,0,163,0,0,0,0,0,0,0,0,0,0,0,0,0,0,0,0,0,0,0,0,2424,1672,1595,120,8.0,75.0,78.4,71.3,68.5,68.3,68.3,25.9,75.4,3.1,2.8,2.8,2.8,13.33,14.09,12.70,12.18,14.62,14.62,0.29,1.66,13.21,0.13,0.12,16575,1499,32.0,56.7,0,32.0,52,
8.10.2026,19:52:53.083,29471,66647,30.6,23548,25466,48.0,1.0,47104,468,1.055,1.060,1.064,1.052,1.051,1.051,1.052,3984.3,3984.3,3984.3,3984.3,3984.3,3984.3,3984.3,99.6,3685.5,996.1,1583.8,1925.4,1269.5,1932.4,1129.9,1642.6,987.0,1310.2,1159.9,1745.5,2060.3,2756.4,1085.9,1583.8,40.9,51.3,32.5,49.3,29.6,41.9,25.8,34.2,37.4,44.2,49.5,67.2,27.4,67.2,40.9,100.0,57.7,72.4,45.6,69.9,42.1,59.8,37.2,49.1,52.8,62.2,69.1,93.6,38.6,57.7,40.0,40.0,40.0,40.0,40.0,40.0,40.0,37.0,130,124,145,133,127,124,126,82,88,67,79,85,88,86,145,145,Không,Không,Không,Không,Không,Không,Không,Không,Không,Không,Không,Không,Không,Không,Không,Không,Không,Không,Không,Không,Không,Không,Không,Không,136,136,31.711,42.545,41.029,1.537,65.0,85.0,134.0,134.0,34.000,39.7,48.3,31.8,48.4,28.3,41.2,24.7,32.8,29.1,43.7,51.6,69.1,27.2,19.5,11.5,19.9,28.8,29.7,12.1,14.6,1593.7,16.00,22,22,22,52,74,880,2,Đúng,Không,Không,Không,Không,Không,Không,Không,Không,Không,Không,Không,Đúng,Đúng,Không,Không,Không,Không,Không,Không,Không,Không,Không,Không,Không,Không,Không,Không,Không,Không,Không,Không,Không,Không,Không,Không,Không,Không,Không,Không,Không,170.6,115,135,142,151,1.044,3.285,11.952,4.980,0.024,1.308,1.212,3.360,3.144,3.072,1537,0,0,Đúng,113,Không,Không,113,92.0,Không,Không,8827,12973,45315,133,87.0,100.0,Không,Không,46182,41440,100.0,100.0,100.0,10.632,2.443,16116,20372,0.1,0.0,0.1,0.056,0.047,354,643,1.7,1.4,3.1,3.224,3.158,22517,76396,113.1,127.5,181.4,0.781,6.355,4.927,12.000,0.076,6.024,6.279,0.255,19.600,19.600,1151.5,1050.0,1025.0,1142.7,1046.1,3.0,6.0,0.0,1.0,40.8,1.3,2.7,0.0,50,Đúng,Không,Không,Không,Không,Đúng,Không,6,0,0,0,0,0,0,0,0,163,0,0,0,0,0,0,0,0,0,0,0,0,0,0,0,0,0,0,0,0,2424,1672,1595,120,8.0,75.0,76.5,73.6,73.3,73.2,73.2,70.8,75.3,40.7,37.8,37.5,37.5,13.33,13.63,13.05,13.02,13.71,13.71,0.27,1.40,13.21,0.12,0.15,16575,1499,143.9,8.7,0,32.0,52,
8.10.2026,19:52:56.191,29441,66677,30.6,23555,25459,48.0,1.0,47104,468,1.052,1.045,1.050,1.056,1.057,1.047,1.056,3984.3,3984.3,3984.3,3984.3,3984.3,3984.3,3984.3,99.6,3685.5,996.1,1839.2,2103.2,1317.0,2301.3,1546.6,2554.0,1324.9,2240.6,1630.4,1969.6,1416.4,1872.6,1793.7,1839.2,47.4,55.6,34.5,59.8,40.1,66.6,34.5,58.3,40.4,48.5,36.7,47.0,46.7,66.6,47.4,100.0,68.2,79.8,50.2,85.8,58.1,94.6,50.2,83.4,58.1,70.3,53.2,67.9,66.8,68.2,40.0,40.0,40.0,40.0,40.0,40.0,40.0,37.0,138,142,138,136,136,140,133,74,70,74,76,76,72,79,142,142,Không,Không,Không,Không,Không,Không,Không,Không,Không,Không,Không,Không,Không,Không,Không,Không,Không,Không,Không,Không,Không,Không,Không,Không,144,144,45.165,38.959,37.549,1.444,65.0,85.0,134.0,134.0,46.000,46.1,52.7,33.0,57.7,38.7,63.9,33.2,56.1,40.8,49.3,35.5,46.9,44.9,11.6,13.0,9.2,7.4,8.9,19.0,12.0,1593.7,16.00,22,22,22,52,74,880,2,Đúng,Không,Không,Không,Không,Không,Không,Không,Không,Không,Không,Không,Đúng,Đúng,Không,Không,Không,Không,Không,Không,Không,Không,Không,Không,Không,Không,Không,Không,Không,Không,Không,Không,Không,Không,Không,Không,Không,Không,Không,Không,Không,170.6,115,135,142,151,1.008,3.285,11.952,4.980,0.024,1.308,1.212,3.360,3.144,3.072,1523,0,0,Đúng,113,Không,Không,113,92.0,Không,Không,8827,12973,45315,133,87.0,100.0,Không,Không,46182,41440,100.0,70.2,100.0,13.433,2.634,16143,20377,0.2,0.2,0.4,0.077,0.092,354,643,0.8,0.8,1.7,0.765,0.719,22518,76397,113.0,127.4,181.4,0.781,6.355,4.927,12.000,0.076,6.024,6.279,0.255,19.600,19.600,1151.5,1050.0,1025.0,1142.7,1049.5,3.0,6.0,0.0,1.0,40.8,1.8,3.6,0.0,50,Đúng,Không,Không,Không,Không,Đúng,Không,6,0,0,0,0,0,0,0,0,163,0,0,0,0,0,0,0,0,0,0,0,0,0,0,0,0,0,0,0,0,2424,1672,1595,122,8.0,75.0,76.5,73.8,73.7,73.7,73.7,75.0,75.5,74.5,74.5,74.5,74.5,13.33,13.59,13.05,12.96,13.63,13.63,0.29,1.49,13.21,0.13,0.08,16576,1500,262.4,8.6,0,32.0,52,
8.10.2026,19:53:1.109,29442,66676,30.6,23543,25472,48.0,1.0,47104,468,1.050,1.049,1.044,1.045,1.060,1.048,1.051,3984.3,3984.3,3984.3,3984.3,3984.3,3984.3,3984.3,99.6,3685.5,996.1,1806.5,2072.0,1374.2,2107.6,1493.1,2242.9,1324.3,1857.0,2119.9,2028.5,1369.5,1810.7,1878.8,1806.5,47.6,55.3,36.5,55.1,39.1,58.7,36.7,52.2,47.5,53.5,38.5,48.4,50.0,58.7,47.6,100.0,67.4,78.3,51.8,78.0,55.6,82.7,52.2,73.9,66.8,76.0,54.6,68.8,70.1,67.4,40.0,40.0,40.0,40.0,40.0,40.0,40.0,37.0,131,129,136,131,140,126,122,81,83,76,81,72,86,90,138,140,Không,Không,Không,Không,Không,Không,Không,Không,Không,Không,Không,Không,Không,Không,Không,Không,Không,Không,Không,Không,Không,Không,Không,Không,144,144,38.438,38.595,37.037,1.591,65.0,85.0,134.0,134.0,39.000,45.3,51.9,34.4,52.8,37.4,56.2,33.2,46.5,53.1,50.8,34.3,45.3,47.1,15.8,15.0,20.8,12.4,13.5,16.2,17.0,1593.7,16.00,22,22,22,52,74,880,2,Đúng,Không,Không,Không,Không,Không,Không,Không,Không,Không,Không,Không,Đúng,Đúng,Không,Không,Không,Không,Không,Không,Không,Không,Không,Không,Không,Không,Không,Không,Không,Không,Không,Không,Không,Không,Không,Không,Không,Không,Không,Không,Không,167.0,115,135,140,151,1.008,3.324,11.808,4.950,0.024,1.308,1.212,3.360,3.144,3.072,1541,0,0,Đúng,113,Không,Không,113,92.0,Không,Không,8827,12973,45315,133,87.0,100.0,Không,Không,46182,41440,100.0,100.0,100.0,11.808,3.115,16186,20387,0.1,0.1,0.2,0.052,0.110,354,643,0.6,1.2,1.8,0.516,2.625,22521,76403,112.5,126.9,181.4,0.675,6.284,4.899,12.000,0.076,6.024,6.208,0.185,19.600,19.600,696.0,810.0,658.0,696.1,805.4,6.0,8.0,0.0,2.0,40.8,2.0,4.1,0.0,50,Đúng,Không,Không,Không,Không,Đúng,Không,6,0,0,0,0,0,0,0,0,164,0,0,0,0,0,0,0,0,0,0,0,0,0,0,0,0,0,0,0,0,2424,1672,1595,122,5.0,75.0,76.1,73.9,73.7,73.7,73.7,1.8,1.8,1.8,1.8,1.8,1.8,13.33,13.56,13.12,13.10,13.59,13.59,0.38,1.80,13.21,0.12,0.25,16576,1500,141.3,11.2,0,32.0,52,
8.10.2026,19:53:4.642,29513,66605,30.7,23577,25437,48.1,1.0,47104,468,1.041,1.067,1.019,1.019,1.044,1.050,1.049,3984.3,3984.3,3984.3,3984.3,3984.3,3984.3,3984.3,99.6,3685.5,996.1,1714.3,2170.9,934.8,2002.2,1629.0,1589.5,2652.5,1961.3,1408.2,2105.2,1063.9,1954.1,1100.0,1714.3,43.8,57.2,24.7,51.9,41.8,41.3,63.5,51.8,36.6,53.0,26.2,50.4,27.7,63.5,43.8,100.0,63.2,81.8,37.0,74.5,60.1,59.6,89.4,74.2,52.6,76.1,39.1,72.8,40.9,63.2,40.0,40.0,40.0,40.0,40.0,40.0,40.0,37.0,129,120,122,144,131,127,127,83,92,90,68,81,85,85,144,144,Không,Không,Không,Không,Không,Không,Không,Không,Không,Không,Không,Không,Không,Không,Không,Không,Không,Không,Không,Không,Không,Không,Không,Không,144,144,45.165,38.595,36.113,2.509,65.0,85.0,134.0,134.0,43.000,43.0,54.4,23.4,50.2,40.8,39.8,66.5,49.1,35.3,52.7,26.7,49.0,27.6,15.4,15.0,16.5,1.1,20.5,18.2,21.4,1593.7,16.00,22,22,22,52,74,880,2,Đúng,Không,Không,Không,Không,Không,Không,Không,Không,Không,Không,Không,Đúng,Đúng,Không,Không,Không,Không,Không,Không,Không,Không,Không,Không,Không,Không,Không,Không,Không,Không,Không,Không,Không,Không,Không,Không,Không,Không,Không,Không,Không,168.8,115,135,142,151,1.020,3.324,11.880,4.920,0.024,1.308,1.212,3.360,3.144,3.072,1527,0,0,Đúng,113,Không,Không,113,92.0,Không,Không,8827,12973,45315,133,87.0,100.0,Không,Không,46182,41440,100.0,96.4,100.0,9.631,2.506,16209,20397,0.1,0.0,0.1,0.047,0.033,354,643,1.2,0.4,1.6,0.812,0.775,22524,76408,112.3,126.7,181.4,0.675,6.281,4.897,12.000,0.076,6.024,6.205,0.182,19.600,19.600,164.5,405.0,544.0,134.0,402.7,15.0,17.0,0.0,5.0,40.8,4.8,9.6,0.0,50,Đúng,Không,Không,Không,Không,Đúng,Không,6,0,0,0,0,0,0,0,0,165,0,0,0,0,0,0,0,0,0,0,0,0,0,0,0,0,0,0,0,0,2424,1672,1595,123,2.5,75.0,76.4,73.9,73.8,73.8,73.8,1.9,1.9,1.9,1.9,1.9,1.9,13.33,13.58,13.02,12.96,13.62,13.62,0.71,0.01,13.21,0.12,0.17,16577,1500,8.5,11.2,0,32.0,52,
8.10.2026,19:53:8.021,29685,66433,30.8,23732,25282,48.4,1.0,47104,468,1.046,1.049,1.052,1.042,1.029,1.049,1.051,3984.3,3984.3,3984.3,3984.3,3984.3,3984.3,3984.3,99.6,3685.5,996.1,2536.1,2754.1,2129.5,2684.8,2430.3,2766.5,2138.3,2635.3,2486.2,2923.6,2265.3,2860.4,2359.5,2536.1,65.6,72.9,56.2,70.1,63.0,71.3,54.9,67.7,62.9,77.3,56.8,73.6,60.0,77.3,65.6,100.0,92.4,102.1,79.0,98.6,88.5,100.5,78.1,95.3,88.6,108.4,80.7,103.7,84.7,92.3,40.0,40.0,40.0,40.0,40.0,40.0,40.0,37.0,134,133,136,136,129,135,135,78,79,76,76,83,77,77,138,136,Không,Không,Không,Không,Không,Không,Không,Không,Không,Không,Không,Không,Không,Không,Không,Không,Không,Không,Không,Không,Không,Không,Không,Không,145,145,38.438,48.280,45.660,2.652,65.0,85.0,134.0,134.0,38.000,63.5,68.9,53.4,67.3,60.9,69.3,53.6,66.0,62.3,73.3,56.8,71.7,59.1,2.8,2.1,1.8,3.8,5.5,2.2,1.7,1593.7,16.00,22,22,22,52,74,880,2,Đúng,Không,Không,Không,Không,Không,Không,Không,Không,Không,Không,Không,Đúng,Đúng,Không,Không,Không,Không,Không,Không,Không,Không,Không,Không,Không,Không,Không,Không,Không,Không,Không,Không,Không,Không,Không,Không,Không,Không,Không,Không,Không,168.8,115,135,142,151,1.008,3.285,11.880,4.980,0.024,1.296,1.212,3.360,3.144,3.072,1569,0,0,Đúng,113,Không,Không,113,92.0,Không,Không,8827,12973,45315,133,87.0,100.0,Không,Không,46182,41440,100.0,97.5,100.0,7.345,2.608,16236,20404,0.3,0.0,0.3,0.152,0.072,355,644,0.5,2.4,2.9,0.571,4.652,22526,76428,111.9,126.3,181.4,0.675,6.276,4.895,12.000,0.076,6.024,6.200,0.176,19.600,19.600,139.0,405.0,544.0,134.0,401.8,13.0,16.0,0.0,5.0,40.8,4.9,9.9,0.0,50,Đúng,Không,Không,Không,Không,Đúng,Không,6,0,0,0,0,0,0,0,0,165,0,0,0,0,0,0,0,0,0,0,0,0,0,0,0,0,0,0,0,0,2424,1672,1595,123,2.5,75.0,76.4,73.6,73.5,73.5,73.5,1.9,1.9,1.9,1.9,1.9,1.9,13.33,13.63,13.04,13.00,13.65,13.65,0.67,0.46,13.20,0.13,0.15,16577,1500,8.2,12.5,0,32.0,52,
8.10.2026,19:53:12.116,29944,66174,31.1,24193,24821,49.3,1.0,47104,467,1.046,1.056,1.043,1.047,1.051,1.041,1.041,3984.3,3984.3,3984.3,3984.3,3984.3,3984.3,3984.3,99.6,3685.5,996.1,2664.5,2555.3,2463.4,2740.8,2691.9,2657.6,2901.5,2663.5,2951.7,2639.7,2247.3,2795.9,2665.9,2664.5,70.2,68.1,64.6,71.5,69.6,70.0,71.5,71.6,77.8,72.7,60.8,71.5,72.1,77.8,70.2,100.0,98.6,96.0,91.0,100.6,98.0,98.4,100.4,100.2,108.5,102.6,85.7,100.5,100.8,98.5,40.0,40.0,40.0,40.0,40.0,40.0,40.0,37.0,136,133,147,145,127,127,138,76,79,65,67,85,85,74,147,147,Không,Không,Không,Không,Không,Không,Không,Không,Không,Không,Không,Không,Không,Không,Không,Không,Không,Không,Không,Không,Không,Không,Không,Không,145,145,49.009,49.504,46.887,2.639,65.0,85.0,134.0,134.0,51.000,66.8,64.1,61.7,68.7,67.4,66.6,72.7,66.7,74.0,66.1,56.3,70.1,66.8,1.7,1.0,0.4,0.9,2.0,4.6,1.0,1593.7,16.00,22,22,22,52,74,880,2,Đúng,Không,Không,Không,Không,Không,Không,Không,Không,Không,Không,Không,Đúng,Đúng,Không,Không,Không,Không,Không,Không,Không,Không,Không,Không,Không,Không,Không,Không,Không,Không,Không,Không,Không,Không,Không,Không,Không,Không,Không,Không,Không,168.8,115,135,145,151,1.020,3.285,11.880,4.980,0.024,1.296,1.212,3.360,3.144,3.072,1599,0,0,Đúng,113,Không,Không,113,92.0,Không,Không,8827,12973,45315,133,87.0,100.0,Không,Không,46182,41441,100.0,65.3,100.0,11.994,2.008,16273,20412,0.6,0.2,0.8,0.328,0.263,356,644,17.8,2.8,20.6,195.252,6.394,23199,76451,111.9,126.3,181.4,0.675,6.280,4.897,12.000,0.076,6.024,6.204,0.181,19.600,19.600,139.0,405.0,544.0,134.0,403.3,17.0,18.0,0.0,6.0,40.8,5.2,10.5,0.0,50,Đúng,Không,Không,Không,Không,Đúng,Không,6,0,0,0,0,0,0,0,0,165,0,0,0,0,0,0,0,0,0,0,0,0,0,0,0,0,0,0,0,0,2424,1672,1595,122,2.5,75.0,76.2,74.1,74.0,74.0,74.0,5.4,18.4,2.0,1.9,1.9,1.9,13.33,13.64,12.98,12.96,13.78,13.78,0.69,0.84,13.20,0.13,0.10,16577,1500,10.6,17.0,0,32.0,52,
8.10.2026,19:53:16.714,30034,66084,31.2,24687,24327,50.3,1.0,47104,467,1.045,1.050,1.049,1.050,1.048,1.036,1.039,3984.3,3984.3,3984.3,3984.3,3984.3,3984.3,3984.3,99.6,3685.5,996.1,2074.2,2290.8,2008.1,2380.2,1860.0,2297.9,1807.1,2753.7,1744.2,2105.2,1741.6,2131.2,1769.8,2074.2,55.0,60.9,53.0,62.8,48.8,59.4,46.9,68.4,47.5,59.2,47.0,57.1,48.4,68.4,55.0,100.0,77.5,85.8,74.5,88.5,69.0,83.9,66.2,95.8,66.8,83.6,66.6,80.8,68.4,77.5,40.0,40.0,40.0,40.0,40.0,40.0,40.0,37.0,138,136,138,136,144,142,129,74,76,74,76,68,70,83,138,144,Không,Không,Không,Không,Không,Không,Không,Không,Không,Không,Không,Không,Không,Không,Không,Không,Không,Không,Không,Không,Không,Không,Không,Không,140,140,49.009,44.037,41.543,2.531,65.0,85.0,134.0,134.0,46.000,52.0,57.4,50.3,59.6,46.6,57.6,45.3,69.0,43.7,52.7,43.6,53.4,44.3,8.9,3.6,6.7,11.8,3.9,12.9,14.8,1593.7,16.00,22,22,22,52,74,880,2,Đúng,Không,Không,Không,Không,Không,Không,Không,Không,Không,Không,Không,Đúng,Đúng,Không,Không,Không,Không,Không,Không,Không,Không,Không,Không,Không,Không,Không,Không,Không,Không,Không,Không,Không,Không,Không,Không,Không,Không,Không,Không,Không,168.8,115,135,142,153,1.020,3.285,11.880,4.980,0.024,1.308,1.212,3.360,3.144,3.072,1584,0,0,Đúng,113,Không,Không,113,92.0,Không,Không,8827,12973,45315,133,87.0,100.0,Không,Không,46182,41441,100.0,100.0,100.0,14.380,3.120,16343,20423,0.4,0.1,0.5,0.196,0.158,357,645,0.9,1.1,1.9,1.156,2.105,23216,76468,111.9,126.3,181.4,0.675,6.277,4.896,12.000,0.076,6.024,6.201,0.178,19.600,19.600,151.5,405.0,544.0,134.0,402.1,17.0,17.0,0.0,6.0,40.8,5.0,10.0,0.0,50,Đúng,Không,Không,Không,Không,Đúng,Không,6,0,0,0,0,0,0,0,0,165,0,0,0,0,0,0,0,0,0,0,0,0,0,0,0,0,0,0,0,0,2424,1672,1595,123,2.5,75.0,76.7,73.7,73.7,73.7,73.7,1.9,1.9,1.9,1.9,1.9,1.9,13.33,13.67,12.92,12.72,13.83,13.83,0.64,0.40,13.20,0.13,0.40,16578,1500,114.4,9.1,0,32.0,52,
8.10.2026,19:53:19.765,30113,66006,31.3,24867,24147,50.7,1.0,47104,467,1.046,1.049,1.047,1.050,1.048,1.038,1.044,3984.3,3984.3,3984.3,3984.3,3984.3,3984.3,3984.3,99.6,3685.5,996.1,2582.5,2700.5,2366.9,2655.0,2606.1,2699.4,2386.9,2839.0,2457.3,2544.2,2607.5,2742.8,2384.0,2582.5,66.7,71.0,60.4,68.5,67.0,70.2,61.4,73.6,62.3,66.6,66.5,70.5,62.0,73.6,66.7,100.0,94.3,100.2,85.3,97.0,94.8,99.7,87.1,103.6,88.1,94.1,94.0,99.8,87.5,94.3,40.0,40.0,40.0,40.0,40.0,40.0,40.0,37.0,139,140,144,138,136,140,138,73,72,68,74,76,72,74,145,144,Không,Không,Không,Không,Không,Không,Không,Không,Không,Không,Không,Không,Không,Không,Không,Không,Không,Không,Không,Không,Không,Không,Không,Không,145,145,45.165,48.739,46.127,2.639,65.0,85.0,134.0,134.0,45.000,64.7,67.7,59.3,66.5,65.3,67.6,59.8,71.1,61.6,63.7,65.3,68.7,59.7,1.2,0.0,2.9,0.8,1.5,0.0,2.2,1593.7,16.00,22,22,22,52,74,880,2,Đúng,Không,Không,Không,Không,Không,Không,Không,Không,Không,Không,Không,Đúng,Đúng,Không,Không,Không,Không,Không,Không,Không,Không,Không,Không,Không,Không,Không,Không,Không,Không,Không,Không,Không,Không,Không,Không,Không,Không,Không,Không,Không,167.0,115,135,144,153,1.020,3.265,11.880,4.980,0.024,1.320,1.212,3.360,3.144,3.072,1577,0,0,Đúng,113,Không,Không,113,92.0,Không,Không,8827,12973,45315,133,87.0,100.0,Không,Không,46182,41441,100.0,95.8,100.0,11.872,3.128,16388,20433,0.2,0.1,0.3,0.122,0.224,357,646,9.7,1.6,11.3,14.938,3.340,23246,76478,111.8,126.2,181.4,0.675,6.296,4.903,12.000,0.076,6.024,6.220,0.196,19.600,19.600,151.5,405.0,544.0,134.0,402.8,15.0,17.0,0.0,5.0,40.9,5.0,10.0,0.0,50,Đúng,Không,Không,Không,Không,Đúng,Không,6,0,0,0,0,0,0,0,0,165,0,0,0,0,0,0,0,0,0,0,0,0,0,0,0,0,0,0,0,0,2421,1675,1598,123,2.5,75.0,80.0,70.4,67.3,67.0,67.0,1.9,1.9,1.9,1.9,1.9,1.9,13.33,14.24,12.51,11.93,14.94,14.94,0.70,1.17,13.20,0.13,0.17,16578,1500,110.6,13.0,0,32.0,52,
8.10.2026,19:53:23.190,30140,65978,31.3,25143,23871,51.2,1.0,47104,467,1.042,1.042,1.044,1.043,1.042,1.041,1.042,3984.3,3984.3,3984.3,3984.3,3984.3,3984.3,3984.3,99.6,3685.5,996.1,2111.6,2420.9,1483.0,2392.9,2282.7,2482.2,1489.3,2478.6,1875.5,1441.6,2902.6,2078.7,2011.7,2111.6,52.8,61.8,37.0,59.9,57.4,62.5,36.9,62.1,46.6,35.7,72.8,55.3,45.3,72.8,52.8,100.0,74.7,87.4,52.7,84.8,80.7,88.4,53.1,87.7,66.4,51.3,101.2,78.4,64.2,74.7,40.0,40.0,40.0,40.0,40.0,40.0,40.0,37.0,141,142,144,140,142,138,138,71,70,68,72,70,74,74,145,144,Không,Không,Không,Không,Không,Không,Không,Không,Không,Không,Không,Không,Không,Không,Không,Không,Không,Không,Không,Không,Không,Không,Không,Không,145,145,49.009,42.733,40.214,2.548,65.0,85.0,134.0,134.0,49.000,52.9,60.9,37.2,59.9,57.2,62.2,37.3,62.1,47.0,36.1,72.7,52.1,50.4,7.4,7.8,2.8,7.5,4.8,9.3,12.2,1593.7,16.00,22,22,22,52,74,880,2,Đúng,Không,Không,Không,Không,Không,Không,Không,Không,Không,Không,Không,Đúng,Đúng,Không,Không,Không,Không,Không,Không,Không,Không,Không,Không,Không,Không,Không,Không,Không,Không,Không,Không,Không,Không,Không,Không,Không,Không,Không,Không,Không,168.8,115,135,142,153,1.008,3.285,11.952,4.980,0.024,1.308,1.212,3.360,3.144,3.072,1566,0,0,Đúng,113,Không,Không,113,92.0,Không,Không,8827,12973,45315,133,87.0,100.0,Không,Không,46182,41441,100.0,71.2,100.0,6.223,1.967,16400,20437,0.2,0.0,0.2,0.101,0.022,357,646,4.2,1.8,6.1,3.708,4.167,23253,76487,111.8,126.2,181.4,0.675,6.290,4.901,12.000,0.076,6.024,6.214,0.190,19.600,19.600,151.5,405.0,544.0,134.0,402.8,16.0,17.0,0.0,5.0,40.8,4.9,9.8,0.0,50,Đúng,Không,Không,Không,Không,Đúng,Không,6,0,0,0,0,0,0,0,0,165,0,0,0,0,0,0,0,0,0,0,0,0,0,0,0,0,0,0,0,0,2424,1672,1595,122,2.5,75.0,76.4,73.6,73.5,73.5,73.5,1.9,1.9,1.9,1.9,1.9,1.9,13.33,13.61,13.05,12.98,13.65,13.65,0.77,0.85,13.20,0.13,0.05,16580,1500,924.0,16.7,0,32.0,52,
8.10.2026,19:53:27.057,29970,66148,31.1,24363,24651,49.7,1.0,47104,467,1.049,1.061,1.045,1.043,1.047,1.047,1.050,3984.3,3984.3,3984.3,3984.3,3984.3,3984.3,3984.3,99.6,3685.5,996.1,2233.5,2290.5,2656.5,2468.6,1919.9,2545.8,1850.0,2800.9,1913.6,2421.5,1610.0,2127.6,2196.8,2233.5,56.9,59.4,67.5,63.3,49.4,67.1,46.4,71.0,48.6,61.6,40.5,52.8,55.7,71.0,56.9,100.0,80.5,83.6,94.1,89.6,70.3,94.6,65.8,99.8,68.6,87.6,58.5,75.3,78.5,80.5,40.0,40.0,40.0,40.0,40.0,40.0,40.0,37.0,140,147,142,138,136,140,136,72,65,70,74,76,72,76,147,147,Không,Không,Không,Không,Không,Không,Không,Không,Không,Không,Không,Không,Không,Không,Không,Không,Không,Không,Không,Không,Không,Không,Không,Không,147,147,46.126,45.131,42.585,2.583,65.0,85.0,134.0,134.0,46.000,56.0,57.4,66.6,61.9,48.1,63.8,46.3,70.2,47.9,60.7,40.3,53.3,55.0,4.6,0.6,6.8,2.9,4.5,5.1,7.5,1593.7,16.00,22,22,22,52,74,880,2,Đúng,Không,Không,Không,Không,Không,Không,Không,Không,Không,Không,Không,Đúng,Đúng,Không,Không,Không,Không,Không,Không,Không,Không,Không,Không,Không,Không,Không,Không,Không,Không,Không,Không,Không,Không,Không,Không,Không,Không,Không,Không,Không,168.8,115,136,144,153,1.020,3.324,11.880,4.980,0.024,1.308,1.212,3.360,3.144,3.072,1558,0,0,Đúng,113,Không,Không,113,92.0,Không,Không,8827,12973,45315,133,87.0,100.0,Không,Không,46182,41441,100.0,100.0,100.0,9.552,4.412,16433,20448,0.0,0.1,0.1,0.000,0.209,357,646,2.5,1.0,3.4,1.488,1.787,23259,76505,111.5,125.9,181.4,0.675,6.288,4.900,12.000,0.076,6.024,6.212,0.188,19.600,19.600,151.5,405.0,544.0,134.0,403.0,19.0,18.0,0.0,5.0,40.8,4.7,9.5,0.0,50,Đúng,Không,Không,Không,Không,Đúng,Không,6,0,0,0,0,0,0,0,0,165,0,0,0,0,0,0,0,0,0,0,0,0,0,0,0,0,0,0,0,0,2424,1672,1595,122,2.5,75.0,76.5,73.6,73.4,73.4,73.4,0.0,0.0,0.0,0.0,0.0,0.0,13.34,13.77,12.90,12.74,13.91,13.91,0.68,0.36,13.20,0.13,0.00,16581,1500,2.7,6.2,0,32.0,52,
8.10.2026,19:53:29.977,29966,66152,31.1,24357,24657,49.6,1.0,47104,467,1.049,1.045,1.050,1.049,1.051,1.050,1.048,3984.3,3984.3,3984.3,3984.3,3984.3,3984.3,3984.3,99.6,3685.5,996.1,2074.8,2169.1,1557.1,2291.8,1643.7,2512.2,1671.8,2059.2,1972.3,2671.0,1678.9,3200.2,1470.7,2074.8,53.4,55.4,39.7,58.1,42.1,63.9,42.6,56.6,50.5,68.3,44.6,80.7,38.5,80.7,53.4,100.0,75.1,78.3,56.2,82.2,59.3,89.7,60.2,79.5,70.8,95.2,62.4,112.5,54.6,75.1,40.0,40.0,40.0,40.0,40.0,40.0,40.0,37.0,138,133,140,145,129,142,138,74,79,72,67,83,70,74,145,145,Không,Không,Không,Không,Không,Không,Không,Không,Không,Không,Không,Không,Không,Không,Không,Không,Không,Không,Không,Không,Không,Không,Không,Không,145,145,52.852,44.103,41.612,2.534,65.0,85.0,134.0,134.0,50.000,52.0,54.1,39.0,57.4,41.2,62.9,41.9,51.6,49.4,66.9,42.1,80.2,36.8,10.2,15.7,8.8,9.1,16.0,8.9,2.6,1593.7,16.00,22,22,22,52,74,880,2,Đúng,Không,Không,Không,Không,Không,Không,Không,Không,Không,Không,Không,Đúng,Đúng,Không,Không,Không,Không,Không,Không,Không,Không,Không,Không,Không,Không,Không,Không,Không,Không,Không,Không,Không,Không,Không,Không,Không,Không,Không,Không,Không,168.8,115,135,142,153,1.032,3.285,11.880,4.980,0.024,1.308,1.212,3.360,3.144,3.072,1588,0,0,Đúng,118,Không,Không,113,92.0,Không,Không,8827,12973,45315,133,87.0,100.0,Không,Không,46182,41441,100.0,97.2,100.0,9.590,3.090,16462,20456,0.0,0.1,0.1,0.000,0.172,357,647,0.6,1.5,2.0,0.707,2.601,23261,76511,111.5,125.9,181.4,0.675,6.291,4.901,12.000,0.076,6.024,6.215,0.191,19.600,19.600,151.5,405.0,544.0,134.0,401.6,18.0,18.0,0.0,5.0,40.8,5.0,10.0,0.0,50,Đúng,Không,Không,Không,Không,Đúng,Không,6,0,0,0,0,0,0,0,0,165,0,0,0,0,0,0,0,0,0,0,0,0,0,0,0,0,0,0,0,0,2424,1672,1598,122,2.5,75.0,76.1,74.0,73.9,73.9,73.9,1.9,1.9,1.9,1.9,1.9,1.9,13.33,13.54,13.13,13.11,13.55,13.55,0.64,0.61,13.21,0.12,0.04,16581,1500,6.2,7.5,0,32.0,52,
8.10.2026,19:53:34.054,30086,66033,31.3,24815,24199,50.6,1.0,47104,467,1.042,1.043,1.045,1.036,1.042,1.044,1.042,3984.3,3984.3,3984.3,3984.3,3984.3,3984.3,3984.3,99.6,3685.5,996.1,1954.6,1978.2,1861.4,2387.4,1547.1,1972.9,1490.0,2413.7,2125.8,2081.6,1690.9,2037.5,1868.3,1954.6,50.8,52.0,48.2,61.1,40.1,50.8,37.7,58.8,53.5,55.0,40.9,51.2,59.7,61.1,50.8,100.0,72.2,74.5,68.3,87.1,57.7,73.4,54.5,83.2,75.5,78.3,58.2,72.1,83.7,72.2,40.0,40.0,40.0,40.0,40.0,40.0,40.0,37.0,138,133,138,144,138,138,135,74,79,74,68,74,74,77,138,144,Không,Không,Không,Không,Không,Không,Không,Không,Không,Không,Không,Không,Không,Không,Không,Không,Không,Không,Không,Không,Không,Không,Không,Không,145,145,53.813,42.205,39.692,2.549,65.0,85.0,134.0,134.0,51.000,49.0,49.6,46.6,59.8,38.8,49.4,37.3,60.5,53.3,52.2,42.4,51.1,46.8,8.4,8.7,7.5,16.9,4.0,8.8,4.3,1593.7,16.00,22,22,22,52,74,880,2,Đúng,Không,Không,Không,Không,Không,Không,Không,Không,Không,Không,Không,Đúng,Đúng,Không,Không,Không,Không,Không,Không,Không,Không,Không,Không,Không,Không,Không,Không,Không,Không,Không,Không,Không,Không,Không,Không,Không,Không,Không,Không,Không,167.0,115,135,144,153,1.008,3.285,11.880,4.980,0.024,1.308,1.212,3.360,3.144,3.072,1566,0,0,Đúng,118,Không,Không,113,92.0,Không,Không,8827,12973,45315,133,87.0,100.0,Không,Không,46182,41441,100.0,100.0,100.0,5.466,2.658,16495,20466,0.0,0.0,0.0,0.000,0.024,357,647,0.3,0.4,0.7,0.255,0.496,23264,76514,111.7,126.0,181.4,0.675,6.275,4.895,12.000,0.076,6.024,6.199,0.175,19.600,19.600,215.0,405.0,544.0,134.0,402.6,19.0,18.0,0.0,5.0,40.8,7.2,14.5,0.0,50,Đúng,Không,Không,Không,Không,Đúng,Không,6,0,0,0,0,0,0,0,0,165,0,0,0,0,0,0,0,0,0,0,0,0,0,0,0,0,0,0,0,0,2424,1672,1595,122,2.5,75.0,76.3,73.8,73.6,73.6,73.6,75.0,75.4,74.6,74.6,74.6,74.6,13.34,13.56,13.06,13.02,13.65,13.65,0.82,0.73,13.20,0.13,0.08,16582,1500,404.9,13.5,0,32.0,52,
8.10.2026,19:53:37.709,29695,66423,30.8,23810,25204,48.5,1.0,47104,467,1.043,1.044,1.031,1.040,1.051,1.046,1.047,3984.3,3984.3,3984.3,3984.3,3984.3,3984.3,3984.3,99.6,3685.5,996.1,2006.4,2280.9,1503.0,2153.6,1550.1,2329.1,1444.9,1854.0,2799.1,3001.6,1264.0,2129.4,1767.1,2006.4,51.2,58.4,38.5,54.6,39.5,59.0,36.8,47.3,67.4,77.5,33.5,57.4,44.9,77.5,51.2,100.0,71.7,81.9,54.0,77.0,55.7,82.7,51.9,66.2,93.7,107.7,46.9,80.3,62.7,71.7,40.0,40.0,40.0,40.0,40.0,40.0,40.0,37.0,132,126,131,126,140,136,135,80,86,81,86,72,76,77,140,140,Không,Không,Không,Không,Không,Không,Không,Không,Không,Không,Không,Không,Không,Không,Không,Không,Không,Không,Không,Không,Không,Không,Không,Không,147,147,49.970,51.112,48.413,2.739,65.0,85.0,134.0,134.0,51.000,50.3,57.1,37.7,54.0,38.8,58.3,36.2,46.4,70.1,75.2,31.7,53.4,44.3,8.1,7.9,11.9,12.4,0.7,2.4,13.1,1593.7,16.00,22,22,22,52,74,880,2,Đúng,Không,Không,Không,Không,Không,Không,Không,Không,Không,Không,Không,Đúng,Đúng,Không,Không,Không,Không,Không,Không,Không,Không,Không,Không,Không,Không,Không,Không,Không,Không,Không,Không,Không,Không,Không,Không,Không,Không,Không,Không,Không,168.8,115,135,145,153,1.020,3.265,11.880,4.950,0.024,1.308,1.212,3.360,3.144,3.072,1569,0,0,Đúng,118,Không,Không,113,92.0,Không,Không,8827,12973,45315,133,87.0,100.0,Không,Không,46182,41441,100.0,100.0,100.0,19.644,2.007,16562,20474,0.0,0.1,0.1,0.000,0.188,357,648,0.6,1.5,2.0,0.719,7.033,23271,76545,111.8,126.2,181.4,0.675,6.274,4.895,12.000,0.076,6.024,6.198,0.175,19.600,19.600,215.0,405.0,544.0,134.0,402.0,17.0,17.0,0.0,5.0,40.8,5.1,10.1,0.0,50,Đúng,Không,Không,Không,Không,Đúng,Không,6,0,0,0,0,0,0,0,0,165,0,0,0,0,0,0,0,0,0,0,0,0,0,0,0,0,0,0,0,0,2424,1672,1595,122,2.5,75.0,76.0,74.2,74.2,74.2,74.2,28.1,75.3,5.6,5.4,5.4,5.4,13.33,13.52,13.12,13.10,13.52,13.52,0.68,0.73,13.21,0.13,0.12,16583,1500,207.8,9.4,0,32.0,52,
8.10.2026,19:53:43.554,29663,66455,30.8,23773,25241,48.5,1.0,47104,467,1.029,1.039,1.019,1.011,1.021,1.048,1.038,3984.3,3984.3,3984.3,3984.3,3984.3,3984.3,3984.3,99.6,3685.5,996.1,1494.0,1704.2,845.2,1702.6,1253.2,1430.7,1162.7,1291.2,3213.0,1629.2,1087.5,1519.7,1089.0,1494.0,39.3,46.3,23.3,44.6,33.4,37.9,31.1,33.8,81.7,43.6,28.1,39.9,28.0,81.7,39.3,100.0,56.0,66.1,33.5,63.7,47.9,54.7,44.7,47.9,113.6,62.2,40.3,57.1,40.0,56.0,40.0,40.0,40.0,40.0,40.0,40.0,40.0,37.0,132,135,136,133,140,122,124,80,77,76,79,72,90,88,138,140,Không,Không,Không,Không,Không,Không,Không,Không,Không,Không,Không,Không,Không,Không,Không,Không,Không,Không,Không,Không,Không,Không,Không,Không,142,142,45.165,37.733,36.364,1.398,65.0,85.0,134.0,134.0,47.000,37.4,42.7,21.2,42.7,31.4,35.8,29.1,32.4,80.4,40.8,27.2,38.1,27.3,26.3,27.4,28.5,34.1,1.8,28.7,37.3,1593.7,16.00,22,22,22,52,74,880,2,Đúng,Không,Không,Không,Không,Không,Không,Không,Không,Không,Không,Không,Đúng,Đúng,Không,Không,Không,Không,Không,Không,Không,Không,Không,Không,Không,Không,Không,Không,Không,Không,Không,Không,Không,Không,Không,Không,Không,Không,Không,Không,Không,168.8,115,136,138,153,1.008,3.324,11.880,4.980,0.024,1.308,1.212,3.360,3.144,3.072,1544,0,0,Đúng,118,Không,Không,113,92.0,Không,Không,8827,12973,45315,129,87.0,100.0,Không,Không,46182,41441,100.0,100.0,100.0,60.505,0.902,16804,20481,0.0,0.0,0.0,0.000,0.050,357,649,0.9,0.2,1.1,1.013,0.195,23275,76556,112.9,127.3,181.4,0.781,6.349,4.924,12.000,0.076,6.024,6.273,0.249,19.600,19.600,1151.5,1050.0,1025.0,1142.7,1048.0,4.0,7.0,0.0,1.0,40.8,1.7,3.4,0.0,50,Đúng,Không,Không,Không,Không,Đúng,Không,6,0,0,0,0,0,0,0,0,166,0,0,0,0,0,0,0,0,0,0,0,0,0,0,0,0,0,0,0,0,2424,1672,1595,122,8.0,75.0,76.3,73.7,73.4,73.4,73.4,1.9,1.9,1.9,1.9,1.9,1.9,13.33,13.61,13.06,13.01,13.67,13.67,0.26,1.76,13.22,0.12,0.06,16583,1500,9.3,8.9,0,32.0,52,
8.10.2026,19:53:46.937,29683,66435,30.8,23783,25232,48.5,1.0,47104,467,1.043,1.048,1.041,1.042,1.047,1.047,1.035,3984.3,3984.3,3984.3,3984.3,3984.3,3984.3,3984.3,99.6,3685.5,996.1,1505.3,1529.4,1660.7,1922.9,1094.0,1581.9,1158.1,1533.8,1534.8,1585.8,1224.6,1953.0,1284.4,1505.3,37.9,39.9,41.9,48.6,27.6,39.4,27.9,38.3,41.2,39.8,30.2,48.5,31.8,48.6,37.9,100.0,54.0,57.2,58.8,69.2,39.6,56.7,40.2,54.9,58.2,56.9,43.0,68.8,45.0,54.0,40.0,40.0,40.0,40.0,40.0,40.0,40.0,37.0,135,129,136,142,136,135,129,77,83,76,70,76,77,83,138,142,Không,Không,Không,Không,Không,Không,Không,Không,Không,Không,Không,Không,Không,Không,Không,Không,Không,Không,Không,Không,Không,Không,Không,Không,144,144,45.165,34.881,33.547,1.356,65.0,85.0,134.0,134.0,49.000,37.7,38.4,41.6,48.2,27.4,39.6,29.0,38.4,38.5,39.7,30.7,48.9,32.2,25.3,23.6,21.5,28.4,23.6,32.3,22.1,1593.7,16.00,22,22,22,52,74,880,2,Đúng,Không,Không,Không,Không,Không,Không,Không,Không,Không,Không,Không,Đúng,Đúng,Không,Không,Không,Không,Không,Không,Không,Không,Không,Không,Không,Không,Không,Không,Không,Không,Không,Không,Không,Không,Không,Không,Không,Không,Không,Không,Không,168.8,115,135,140,153,1.008,3.324,11.808,4.980,0.024,1.308,1.212,3.360,3.144,3.072,1537,0,0,Đúng,118,Không,Không,113,92.0,Không,Không,8827,12973,45315,131,87.0,100.0,Không,Không,46182,41441,100.0,74.8,100.0,10.063,2.967,16823,20487,0.0,0.3,0.3,0.000,0.142,357,649,0.7,0.8,1.5,0.749,1.546,23276,76559,113.1,127.5,181.4,0.781,6.350,4.925,12.000,0.076,6.024,6.273,0.251,19.600,19.600,1151.5,1050.0,1025.0,1142.8,1047.0,5.0,7.0,0.0,1.0,40.8,1.4,2.8,0.0,50,Đúng,Không,Không,Không,Không,Đúng,Không,6,0,0,0,0,0,0,0,0,166,0,0,0,0,0,0,0,0,0,0,0,0,0,0,0,0,0,0,0,0,2424,1672,1595,123,8.0,75.0,76.2,73.5,73.3,73.3,73.3,1.9,1.9,1.9,1.9,1.9,1.9,13.33,13.64,13.10,13.03,13.66,13.66,0.30,1.70,13.21,0.12,0.08,16583,1500,138.8,10.1,0,32.0,52,
8.10.2026,19:53:51.067,29717,66401,30.9,23834,25181,48.6,1.0,47104,467,1.054,1.051,1.044,1.061,1.061,1.053,1.053,3984.3,3984.3,3984.3,3984.3,3984.3,3984.3,3984.3,99.6,3685.5,996.1,1861.7,2208.7,1179.3,2135.3,1592.1,2608.9,1598.3,1902.0,1645.2,1620.2,1789.1,2770.0,1291.6,1861.7,47.3,56.9,30.4,54.4,39.7,66.2,40.3,48.1,42.2,41.7,44.8,70.3,32.8,70.3,47.3,100.0,66.9,80.4,43.4,77.0,56.3,92.6,57.2,68.3,59.4,59.6,63.3,98.2,46.7,66.9,40.0,40.0,40.0,40.0,40.0,40.0,40.0,37.0,137,135,147,142,131,138,129,75,77,65,70,81,74,83,149,147,Không,Không,Không,Không,Không,Không,Không,Không,Không,Không,Không,Không,Không,Không,Không,Không,Không,Không,Không,Không,Không,Không,Không,Không,144,144,49.009,39.372,37.980,1.432,65.0,85.0,134.0,134.0,53.000,46.6,55.3,29.5,53.5,39.9,65.4,40.0,47.7,41.2,40.6,44.8,69.4,32.4,17.4,17.6,18.7,10.2,22.4,22.9,12.3,1593.7,16.00,22,22,22,52,74,880,2,Đúng,Không,Không,Không,Không,Không,Không,Không,Không,Không,Không,Không,Đúng,Đúng,Không,Không,Không,Không,Không,Không,Không,Không,Không,Không,Không,Không,Không,Không,Không,Không,Không,Không,Không,Không,Không,Không,Không,Không,Không,Không,Không,168.8,115,135,144,153,1.032,3.324,11.808,4.950,0.024,1.308,1.212,3.360,3.144,3.072,1544,0,0,Đúng,118,Không,Không,113,92.0,Không,Không,8827,12973,45315,129,87.0,100.0,Không,Không,46182,41441,100.0,97.2,100.0,13.561,2.648,16878,20496,0.0,0.1,0.1,0.000,0.126,357,649,8.3,0.9,9.2,11.174,1.629,23297,76567,113.2,127.6,181.4,0.781,6.358,4.928,12.000,0.076,6.024,6.282,0.259,19.600,19.600,1151.5,1050.0,1025.0,1142.9,1046.1,5.0,7.0,0.0,1.0,40.8,1.4,2.7,0.0,50,Đúng,Không,Không,Không,Không,Đúng,Không,6,0,0,0,0,0,0,0,0,166,0,0,0,0,0,0,0,0,0,0,0,0,0,0,0,0,0,0,0,0,2424,1672,1595,123,8.0,75.0,76.3,73.8,73.7,73.7,73.7,1.9,1.9,1.9,1.9,1.9,1.9,13.34,13.59,13.07,13.03,13.59,13.59,0.30,1.58,13.22,0.12,0.03,16584,1500,25.6,16.8,0,32.0,52,
8.10.2026,19:53:53.906,29677,66442,30.8,23800,25214,48.5,1.0,47104,467,1.047,1.046,1.047,1.046,1.046,1.049,1.049,3984.3,3984.3,3984.3,3984.3,3984.3,3984.3,3984.3,99.6,3685.5,996.1,2021.3,2238.4,1401.5,2362.2,1706.3,2470.6,1583.8,2137.4,1653.2,3259.8,1344.3,2591.9,1506.1,2021.3,53.6,59.4,36.8,60.2,45.9,63.6,41.4,54.9,51.6,82.9,36.8,67.1,42.8,82.9,53.6,100.0,75.8,84.2,52.6,85.1,65.2,89.6,58.9,77.7,72.6,115.8,52.6,94.6,60.8,75.8,40.0,40.0,40.0,40.0,40.0,40.0,40.0,37.0,138,138,147,138,135,136,133,74,74,65,74,77,76,79,144,147,Không,Không,Không,Không,Không,Không,Không,Không,Không,Không,Không,Không,Không,Không,Không,Không,Không,Không,Không,Không,Không,Không,Không,Không,147,147,43.243,42.629,40.974,1.686,65.0,85.0,134.0,134.0,44.000,50.6,56.1,35.1,59.2,42.8,61.9,39.7,53.6,41.4,81.7,33.7,64.9,37.7,8.5,16.4,2.0,11.8,13.1,0.0,7.9,1593.7,16.00,22,22,22,52,74,880,2,Đúng,Không,Không,Không,Không,Không,Không,Không,Không,Không,Không,Không,Đúng,Đúng,Không,Không,Không,Không,Không,Không,Không,Không,Không,Không,Không,Không,Không,Không,Không,Không,Không,Không,Không,Không,Không,Không,Không,Không,Không,Không,Không,168.8,115,135,142,153,1.020,3.285,11.880,4.980,0.024,1.308,1.212,3.360,3.144,3.072,1551,0,0,Đúng,118,Không,Không,113,92.0,Không,Không,8827,12973,45315,131,87.0,100.0,Không,Không,46182,41441,100.0,92.7,100.0,12.116,3.364,16925,20506,0.0,0.1,0.1,0.000,0.049,357,649,0.6,1.6,2.2,0.874,2.248,23301,76572,112.5,126.9,181.4,0.675,6.284,4.899,12.000,0.076,6.024,6.208,0.185,19.600,19.600,696.0,810.0,658.0,696.1,806.6,8.0,9.0,0.0,2.0,40.8,2.2,4.3,0.0,50,Đúng,Không,Không,Không,Không,Đúng,Không,6,0,0,0,0,0,0,0,0,167,0,0,0,0,0,0,0,0,0,0,0,0,0,0,0,0,0,0,0,0,2424,1672,1595,123,5.0,75.0,76.2,73.8,73.5,73.4,73.4,1.9,1.9,1.9,1.9,1.9,1.9,13.34,13.60,13.09,13.08,13.65,13.65,0.40,1.47,13.21,0.13,0.04,16584,1500,83.7,7.1,0,32.0,52,
8.10.2026,19:53:58.675,29686,66432,30.8,23807,25207,48.5,1.0,47104,467,1.053,1.050,1.057,1.057,1.052,1.050,1.050,3984.3,3984.3,3984.3,3984.3,3984.3,3984.3,3984.3,99.6,3685.5,996.1,1381.7,2169.1,1114.4,1749.6,947.5,1473.3,1091.2,1543.1,1286.9,2185.1,752.4,1384.9,883.2,1381.7,35.8,56.5,29.0,47.7,24.6,39.2,28.1,40.1,30.6,55.5,19.4,35.3,24.3,56.5,35.8,100.0,50.7,79.4,40.6,67.2,34.9,55.7,39.8,56.9,43.2,78.0,27.6,50.5,34.4,50.7,40.0,40.0,40.0,40.0,40.0,40.0,40.0,37.0,132,127,135,127,140,131,131,80,85,77,85,72,81,81,142,140,Không,Không,Không,Không,Không,Không,Không,Không,Không,Không,Không,Không,Không,Không,Không,Không,Không,Không,Không,Không,Không,Không,Không,Không,138,138,42.282,34.695,32.300,2.417,65.0,85.0,134.0,134.0,44.000,34.6,54.3,27.9,43.8,23.7,36.9,27.3,38.7,32.2,54.8,18.9,34.7,22.1,28.5,17.3,32.5,30.0,31.2,22.5,37.7,1593.7,16.00,22,22,22,52,74,880,2,Đúng,Không,Không,Không,Không,Không,Không,Không,Không,Không,Không,Không,Đúng,Đúng,Không,Không,Không,Không,Không,Không,Không,Không,Không,Không,Không,Không,Không,Không,Không,Không,Không,Không,Không,Không,Không,Không,Không,Không,Không,Không,Không,168.8,115,135,140,153,1.008,3.285,11.880,4.980,0.024,1.320,1.212,3.360,3.144,3.072,1541,0,0,Đúng,118,Không,Không,113,92.0,Không,Không,8827,12973,45315,129,87.0,100.0,Không,Không,46182,41441,100.0,100.0,100.0,6.070,2.530,16979,20516,0.0,0.1,0.1,0.000,0.071,357,650,0.6,0.3,0.9,0.709,2.209,23303,76577,111.9,126.3,181.4,0.675,6.276,4.895,12.000,0.076,6.024,6.200,0.176,19.600,19.600,151.5,405.0,544.0,134.0,402.6,18.0,17.0,0.0,5.0,40.8,4.8,9.6,0.0,50,Đúng,Không,Không,Không,Không,Đúng,Không,6,0,0,0,0,0,0,0,0,168,0,0,0,0,0,0,0,0,0,0,0,0,0,0,0,0,0,0,0,0,2424,1672,1595,123,2.5,75.0,75.9,74.4,74.4,74.4,74.4,1.9,1.9,1.9,1.9,1.9,1.9,13.33,13.46,13.13,13.11,13.46,13.46,0.64,0.63,13.21,0.12,0.12,16585,1500,405.1,11.5,0,32.0,52,
8.10.2026,19:54:2.614,29709,66409,30.9,23815,25199,48.5,1.0,47104,467,1.051,1.051,1.060,1.051,1.052,1.047,1.044,3984.3,3984.3,3984.3,3984.3,3984.3,3984.3,3984.3,99.6,3685.5,996.1,1716.6,2193.8,1173.7,1845.3,1473.8,2627.3,1392.7,1956.2,1541.0,1684.7,1436.5,2015.1,1258.7,1716.6,43.9,57.5,30.5,47.4,37.9,68.0,34.4,50.4,38.9,42.7,36.3,50.8,31.8,68.0,43.9,100.0,62.7,81.5,44.1,68.1,54.5,95.7,49.5,72.0,55.6,61.7,52.1,72.2,45.9,62.7,40.0,40.0,40.0,40.0,40.0,40.0,40.0,37.0,136,138,138,138,136,133,131,76,74,74,74,76,79,81,142,138,Không,Không,Không,Không,Không,Không,Không,Không,Không,Không,Không,Không,Không,Không,Không,Không,Không,Không,Không,Không,Không,Không,Không,Không,140,140,39.399,37.879,35.422,2.491,65.0,85.0,134.0,134.0,44.000,43.0,55.0,29.4,46.2,36.9,65.8,34.9,49.0,38.6,42.2,36.0,50.5,31.5,21.4,19.2,23.7,10.3,20.6,27.6,27.1,1593.7,16.00,22,22,22,52,74,880,2,Đúng,Không,Không,Không,Không,Không,Không,Không,Không,Không,Không,Không,Đúng,Đúng,Không,Không,Không,Không,Không,Không,Không,Không,Không,Không,Không,Không,Không,Không,Không,Không,Không,Không,Không,Không,Không,Không,Không,Không,Không,Không,Không,170.6,115,135,142,153,1.020,3.285,11.880,4.980,0.024,1.308,1.212,3.360,3.144,3.072,1541,0,0,Đúng,118,Không,Không,113,92.0,Không,Không,8827,12973,45315,129,87.0,100.0,Không,Không,46182,41441,100.0,100.0,100.0,7.236,2.091,17003,20525,0.0,0.1,0.1,0.000,0.065,357,650,0.8,2.0,2.8,1.131,2.120,23306,76582,111.9,126.3,181.4,0.675,6.276,4.895,12.000,0.076,6.024,6.200,0.176,19.600,19.600,139.0,405.0,544.0,134.0,402.5,18.0,17.0,0.0,5.0,40.8,5.4,10.8,0.0,50,Đúng,Không,Không,Không,Không,Đúng,Không,6,0,0,0,0,0,0,0,0,168,0,0,0,0,0,0,0,0,0,0,0,0,0,0,0,0,0,0,0,0,2424,1672,1595,121,2.5,75.0,76.2,73.7,73.6,73.6,73.6,35.4,75.2,4.8,3.8,3.7,3.7,13.34,13.63,13.08,13.05,13.63,13.63,0.86,0.45,13.20,0.14,0.13,16585,1500,13.9,16.2,0,32.0,52,
8.10.2026,19:54:5.910,29729,66389,30.9,23838,25176,48.6,1.0,47104,467,1.049,1.053,1.052,1.056,1.040,1.048,1.046,3984.3,3984.3,3984.3,3984.3,3984.3,3984.3,3984.3,99.6,3685.5,996.1,2014.8,2658.6,1791.0,2165.0,1945.9,2086.1,1473.5,1948.7,1846.6,2147.8,1618.2,2595.2,1901.5,2014.8,52.5,69.9,46.9,56.5,50.6,54.6,39.2,50.1,47.9,56.1,42.2,67.2,48.8,69.9,52.5,100.0,73.9,97.8,65.8,80.1,71.1,77.5,55.8,71.1,67.2,79.1,59.5,93.9,68.4,73.9,40.0,40.0,40.0,40.0,40.0,40.0,40.0,37.0,140,142,140,138,138,138,142,72,70,72,74,74,74,70,142,142,Không,Không,Không,Không,Không,Không,Không,Không,Không,Không,Không,Không,Không,Không,Không,Không,Không,Không,Không,Không,Không,Không,Không,Không,153,153,47.087,41.344,39.914,1.452,65.0,85.0,134.0,134.0,49.000,50.5,66.6,44.9,54.2,48.8,52.3,36.9,48.8,46.3,53.8,40.5,65.0,47.6,12.5,0.9,11.9,18.9,21.2,16.7,5.5,1593.7,16.00,22,22,22,52,74,880,2,Đúng,Không,Không,Không,Không,Không,Không,Không,Không,Không,Không,Không,Đúng,Đúng,Không,Không,Không,Không,Không,Không,Không,Không,Không,Không,Không,Không,Không,Không,Không,Không,Không,Không,Không,Không,Không,Không,Không,Không,Không,Không,Không,168.8,115,135,144,153,1.008,3.285,11.880,4.980,0.024,1.308,1.212,3.360,3.144,3.072,1530,0,0,Đúng,118,Không,Không,113,92.0,Không,Không,8827,12973,45315,131,87.0,100.0,Không,Không,46182,41441,100.0,98.0,100.0,9.794,2.769,17047,20534,0.0,0.0,0.0,0.000,0.016,357,650,0.4,0.7,1.1,0.459,3.134,23308,76589,113.1,127.5,181.4,0.781,6.347,4.924,12.000,0.076,6.024,6.272,0.248,19.600,19.600,1151.5,1050.0,1025.0,1142.8,1047.9,4.0,7.0,0.0,1.0,40.8,1.7,3.3,0.0,50,Đúng,Không,Không,Không,Không,Đúng,Không,6,0,0,0,0,0,0,0,0,169,0,0,0,0,0,0,0,0,0,0,0,0,0,0,0,0,0,0,0,0,2424,1672,1595,122,8.0,75.0,76.3,74.0,73.9,73.9,73.9,75.0,75.3,74.7,74.7,74.7,74.7,13.34,13.57,13.05,13.05,13.62,13.62,0.29,1.53,13.20,0.14,0.09,16586,1500,136.4,7.3,0,32.0,52,
8.10.2026,19:54:9.858,29656,66462,30.8,23788,25227,48.5,1.0,47104,461,1.048,1.055,1.051,1.050,1.043,1.047,1.045,3984.3,3984.3,3984.3,3984.3,3984.3,3984.3,3984.3,99.6,3685.5,996.1,1638.5,1963.6,1173.6,1909.6,1256.3,1700.7,1463.4,1492.3,2622.0,1648.1,1319.1,1899.9,1213.0,1638.5,43.5,52.4,31.3,49.5,33.2,44.7,35.5,39.2,68.5,43.7,35.1,50.8,37.9,68.5,43.5,100.0,61.7,74.2,44.7,70.6,47.5,63.9,50.7,55.7,95.5,62.8,49.9,71.9,53.6,61.7,40.0,40.0,40.0,40.0,40.0,40.0,40.0,37.0,131,135,129,144,129,127,124,81,77,83,68,83,85,88,145,144,Không,Không,Không,Không,Không,Không,Không,Không,Không,Không,Không,Không,Không,Không,Không,Không,Không,Không,Không,Không,Không,Không,Không,Không,140,140,37.477,38.110,36.754,1.387,65.0,85.0,134.0,134.0,39.000,41.1,49.2,29.4,47.8,31.5,42.6,36.7,37.4,65.7,41.3,33.1,47.6,30.4,18.8,16.1,23.4,24.4,4.7,25.0,19.4,1593.7,16.00,22,22,22,52,74,880,2,Đúng,Không,Không,Không,Không,Không,Không,Không,Không,Không,Không,Không,Đúng,Đúng,Không,Không,Không,Không,Không,Không,Không,Không,Không,Không,Không,Không,Không,Không,Không,Không,Không,Không,Không,Không,Không,Không,Không,Không,Không,Không,Không,168.8,115,135,140,153,1.020,3.285,11.880,4.980,0.024,1.308,1.212,3.360,3.144,3.072,1530,0,0,Đúng,118,Không,Không,113,92.0,Không,Không,8827,12973,45315,129,87.0,100.0,Không,Không,46182,41441,100.0,100.0,100.0,7.290,3.477,17150,20544,0.0,0.1,0.1,0.000,0.091,357,650,1.3,1.2,2.4,2.019,3.857,23318,76609,113.1,127.5,181.4,0.781,6.346,4.923,12.000,0.076,6.024,6.270,0.246,19.600,19.600,1151.5,1050.0,1025.0,1142.7,1046.9,4.0,7.0,0.0,1.0,40.8,1.4,2.7,0.0,50,Đúng,Không,Không,Không,Không,Đúng,Không,6,0,0,0,0,0,0,0,0,169,0,0,0,0,0,0,0,0,0,0,0,0,0,0,0,0,0,0,0,0,2424,1672,1595,122,8.0,75.0,76.5,73.9,73.6,73.6,73.6,1.9,1.9,1.9,1.9,1.9,1.9,13.33,13.59,13.00,12.95,13.67,13.67,0.29,1.37,13.20,0.13,0.02,16586,1500,8.2,1.0,0,32.0,52,
8.10.2026,19:54:13.416,29668,66450,30.8,23786,25228,48.5,1.0,47104,461,1.037,1.038,1.027,1.044,1.044,1.033,1.039,3984.3,3984.3,3984.3,3984.3,3984.3,3984.3,3984.3,99.6,3685.5,996.1,1595.1,1721.3,1762.9,2388.5,1375.8,1305.4,1467.4,2165.5,1310.9,1728.6,1033.1,1555.5,1326.3,1595.1,39.5,43.8,33.0,57.4,35.3,31.4,42.4,59.5,30.8,44.4,22.7,39.3,34.5,59.5,39.5,100.0,56.6,62.9,47.2,81.5,50.6,46.0,60.1,83.9,44.1,63.9,33.4,56.8,49.5,56.6,40.0,40.0,40.0,40.0,40.0,40.0,40.0,37.0,133,144,144,129,129,129,124,79,68,68,83,83,83,88,144,144,Không,Không,Không,Không,Không,Không,Không,Không,Không,Không,Không,Không,Không,Không,Không,Không,Không,Không,Không,Không,Không,Không,Không,Không,138,138,35.555,35.435,34.105,1.366,65.0,85.0,134.0,134.0,40.000,40.0,43.1,44.1,59.8,34.5,32.7,36.8,54.3,32.8,43.3,25.9,39.0,33.2,24.6,19.7,9.9,32.1,23.6,31.4,31.1,1593.7,16.00,22,22,22,52,74,880,2,Đúng,Không,Không,Không,Không,Không,Không,Không,Không,Không,Không,Không,Đúng,Đúng,Không,Không,Không,Không,Không,Không,Không,Không,Không,Không,Không,Không,Không,Không,Không,Không,Không,Không,Không,Không,Không,Không,Không,Không,Không,Không,Không,167.0,115,135,142,153,0.996,3.324,11.880,4.980,0.024,1.308,1.212,3.360,3.144,3.072,1523,0,0,Đúng,118,Không,Không,113,92.0,Không,Không,8827,12973,45315,129,87.0,100.0,Không,Không,46182,41441,100.0,66.3,100.0,13.521,2.055,17182,20549,0.0,0.0,0.0,0.000,0.050,357,650,0.6,0.4,1.0,0.840,0.437,23320,76610,113.3,127.7,181.4,0.781,6.354,4.927,12.000,0.076,6.024,6.279,0.255,19.600,19.600,1151.5,1050.0,1025.0,1142.9,1046.6,4.0,7.0,0.0,1.0,40.8,1.4,2.7,0.0,50,Đúng,Không,Không,Không,Không,Đúng,Không,6,0,0,0,0,0,0,0,0,169,0,0,0,0,0,0,0,0,0,0,0,0,0,0,0,0,0,0,0,0,2424,1672,1595,122,8.0,75.0,77.8,72.5,72.0,72.0,72.0,0.0,0.0,0.0,0.0,0.0,0.0,13.34,13.83,12.82,12.74,13.90,13.90,0.27,1.54,13.22,0.12,0.00,16587,1500,235.0,11.8,0,32.0,52,
8.10.2026,19:54:16.968,29680,66438,30.8,23823,25191,48.6,1.0,47104,461,1.049,1.030,1.056,1.056,1.051,1.048,1.051,3984.3,3984.3,3984.3,3984.3,3984.3,3984.3,3984.3,99.6,3685.5,996.1,1609.4,1617.7,1095.7,2149.3,1057.1,1974.7,1332.1,2442.9,1247.0,2033.8,1082.1,1607.6,1672.6,1609.4,41.2,41.6,27.8,54.4,27.8,50.0,33.6,56.7,33.4,54.7,28.0,41.7,44.3,56.7,41.2,100.0,58.5,60.3,40.1,77.4,39.9,70.9,47.9,79.7,47.2,77.1,40.0,59.4,62.1,58.5,40.0,40.0,40.0,40.0,40.0,40.0,40.0,37.0,133,131,136,136,140,131,126,79,81,76,76,72,81,86,140,140,Không,Không,Không,Không,Không,Không,Không,Không,Không,Không,Không,Không,Không,Không,Không,Không,Không,Không,Không,Không,Không,Không,Không,Không,138,138,24.985,36.361,35.000,1.383,65.0,85.0,134.0,134.0,23.000,40.3,40.5,27.5,53.9,26.5,49.5,33.4,61.2,31.2,51.0,27.1,40.3,41.9,20.2,28.9,21.3,19.3,16.2,13.9,21.8,1593.7,16.00,22,22,22,52,74,880,2,Đúng,Không,Không,Không,Không,Không,Không,Không,Không,Không,Không,Không,Đúng,Đúng,Không,Không,Không,Không,Không,Không,Không,Không,Không,Không,Không,Không,Không,Không,Không,Không,Không,Không,Không,Không,Không,Không,Không,Không,Không,Không,Không,167.0,115,135,140,153,1.020,3.285,11.952,5.010,0.024,1.308,1.212,3.360,3.144,3.072,1541,0,0,Đúng,118,Không,Không,113,92.0,Không,Không,8827,12973,45315,129,87.0,100.0,Không,Không,46182,41441,100.0,100.0,100.0,8.679,3.020,17241,20557,0.0,0.0,0.0,0.000,0.013,357,651,0.3,0.2,0.5,0.172,0.112,23321,76613,113.5,127.9,181.4,0.781,6.346,4.923,12.000,0.076,6.024,6.269,0.247,19.600,19.600,1151.5,1050.0,1025.0,1143.0,1054.1,4.0,7.0,0.0,1.0,40.8,1.4,2.7,0.0,50,Đúng,Không,Không,Không,Không,Đúng,Không,6,0,0,0,0,0,0,0,0,169,0,0,0,0,0,0,0,0,0,0,0,0,0,0,0,0,0,0,0,0,2424,1672,1595,122,8.0,75.0,76.1,74.0,74.0,74.0,74.0,1.9,1.9,1.9,1.9,1.9,1.9,13.34,13.57,13.11,13.09,13.58,13.58,0.28,1.65,13.21,0.12,0.08,16587,1500,160.6,14.2,0,32.0,52,
8.10.2026,19:54:20.115,29657,66461,30.8,23822,25192,48.6,1.0,47104,461,1.045,1.072,1.022,1.030,1.040,1.055,1.051,3984.3,3984.3,3984.3,3984.3,3984.3,3984.3,3984.3,99.6,3685.5,996.1,1545.4,1722.9,1061.3,1670.7,1686.9,2367.0,1396.0,1557.3,1343.2,1655.4,1452.2,1539.9,1091.8,1545.4,39.2,44.0,28.6,42.7,41.6,59.8,35.9,40.0,33.6,46.5,29.4,41.8,26.6,59.8,39.2,100.0,55.5,62.5,40.4,60.5,58.6,83.6,50.5,57.0,47.5,65.9,41.7,59.6,37.8,55.5,40.0,40.0,40.0,40.0,40.0,40.0,40.0,37.0,131,126,147,131,131,127,124,81,86,65,81,81,85,88,147,147,Không,Không,Không,Không,Không,Không,Không,Không,Không,Không,Không,Không,Không,Không,Không,Không,Không,Không,Không,Không,Không,Không,Không,Không,144,144,43.243,36.334,34.974,1.397,65.0,85.0,134.0,134.0,44.000,38.7,43.2,26.6,41.9,42.3,59.3,35.0,39.0,33.7,41.5,36.4,38.6,27.4,20.7,20.7,11.5,8.6,23.6,27.3,32.7,1593.7,16.00,22,22,22,52,74,880,2,Đúng,Không,Không,Không,Không,Không,Không,Không,Không,Không,Không,Không,Đúng,Đúng,Không,Không,Không,Không,Không,Không,Không,Không,Không,Không,Không,Không,Không,Không,Không,Không,Không,Không,Không,Không,Không,Không,Không,Không,Không,Không,Không,168.8,115,135,142,153,0.996,3.285,11.952,5.010,0.024,1.308,1.212,3.360,3.144,3.072,1555,0,0,Đúng,118,Không,Không,113,92.0,Không,Không,8827,12973,45315,129,87.0,100.0,Không,Không,46182,41441,100.0,96.7,100.0,7.128,3.160,17268,20569,0.0,0.0,0.0,0.000,0.036,357,651,0.4,0.6,1.0,0.566,0.961,23323,76617,113.3,127.7,181.4,0.781,6.349,4.925,12.000,0.076,6.024,6.273,0.250,19.600,19.600,1151.5,1050.0,1025.0,1142.9,1046.7,5.0,7.0,0.0,1.0,40.8,1.3,2.7,0.0,50,Đúng,Không,Không,Không,Không,Đúng,Không,6,0,0,0,0,0,0,0,0,169,0,0,0,0,0,0,0,0,0,0,0,0,0,0,0,0,0,0,0,0,2424,1672,1595,122,8.0,75.0,79.0,70.9,67.5,67.2,67.2,1.9,1.9,1.9,1.9,1.9,1.9,13.33,14.13,12.65,11.96,14.89,14.89,0.27,1.71,13.21,0.12,0.11,16588,1500,74.3,11.1,0,32.0,52,
8.10.2026,19:54:24.406,29644,66474,30.8,23816,25198,48.5,1.0,47104,461,1.051,1.064,1.053,1.061,1.051,1.034,1.040,3984.3,3984.3,3984.3,3984.3,3984.3,3984.3,3984.3,99.6,3685.5,996.1,1477.6,1661.7,1404.9,2229.3,1029.2,1713.0,1307.1,1283.2,1081.1,1310.2,1675.9,1758.2,1276.9,1477.6,36.9,42.1,35.1,56.0,25.5,40.3,32.4,35.6,27.4,34.5,41.5,46.1,26.0,56.0,36.9,100.0,52.8,60.2,49.8,79.1,37.1,57.7,46.6,51.4,39.6,49.8,58.9,65.4,37.5,52.8,40.0,40.0,40.0,40.0,40.0,40.0,40.0,37.0,132,124,138,144,126,129,131,80,88,74,68,86,83,81,145,144,Không,Không,Không,Không,Không,Không,Không,Không,Không,Không,Không,Không,Không,Không,Không,Không,Không,Không,Không,Không,Không,Không,Không,Không,140,140,48.048,34.395,33.080,1.354,65.0,85.0,134.0,134.0,47.000,37.0,41.6,35.2,55.9,25.8,42.9,32.8,32.2,27.1,32.8,42.0,44.1,32.0,28.1,20.7,21.7,29.3,37.4,26.1,33.7,1593.7,16.00,22,22,22,52,74,880,2,Đúng,Không,Không,Không,Không,Không,Không,Không,Không,Không,Không,Không,Đúng,Đúng,Không,Không,Không,Không,Không,Không,Không,Không,Không,Không,Không,Không,Không,Không,Không,Không,Không,Không,Không,Không,Không,Không,Không,Không,Không,Không,Không,170.6,115,135,140,153,0.996,3.344,11.880,4.950,0.024,1.296,1.212,3.360,3.144,3.072,1541,0,0,Đúng,118,Không,Không,113,92.0,Không,Không,8827,12973,45315,129,87.0,100.0,Không,Không,46182,41441,100.0,100.0,100.0,8.331,2.764,17301,20579,0.0,0.0,0.0,0.000,0.035,357,651,0.7,0.8,1.5,0.739,1.734,23326,76624,113.5,127.8,181.4,0.781,6.346,4.923,12.000,0.076,6.024,6.269,0.247,19.600,19.600,1151.5,1050.0,1025.0,1142.9,1051.0,4.0,7.0,0.0,1.0,40.8,1.4,2.7,0.0,50,Đúng,Không,Không,Không,Không,Đúng,Không,6,0,0,0,0,0,0,0,0,169,0,0,0,0,0,0,0,0,0,0,0,0,0,0,0,0,0,0,0,0,2424,1672,1595,121,8.0,75.0,76.3,74.1,74.0,74.0,74.0,0.0,0.0,0.0,0.0,0.0,0.0,13.33,13.52,13.05,13.04,13.54,13.54,0.27,1.28,13.21,0.12,0.00,16588,1500,8.0,9.1,0,32.0,52,
8.10.2026,19:54:27.716,29664,66455,30.8,23823,25191,48.6,1.0,47104,461,1.048,1.063,1.051,1.055,1.045,1.033,1.042,3984.3,3984.3,3984.3,3984.3,3984.3,3984.3,3984.3,99.6,3685.5,996.1,1541.8,1567.5,1648.0,1707.1,978.8,1644.6,1109.1,2244.9,1122.8,1621.5,1200.2,1454.7,2202.3,1541.8,38.9,40.0,41.7,43.1,24.8,41.5,28.0,56.7,28.2,41.0,30.3,44.2,47.7,56.7,38.9,100.0,55.1,56.9,58.5,61.5,35.8,59.0,40.0,79.5,40.0,58.2,43.0,62.1,66.8,55.1,40.0,40.0,40.0,40.0,40.0,40.0,40.0,37.0,132,131,127,136,133,126,136,80,81,85,76,79,86,76,138,136,Không,Không,Không,Không,Không,Không,Không,Không,Không,Không,Không,Không,Không,Không,Không,Không,Không,Không,Không,Không,Không,Không,Không,Không,145,145,25.946,41.120,39.665,1.482,65.0,85.0,134.0,134.0,27.000,38.6,39.2,41.3,42.8,24.5,41.2,27.8,56.2,28.1,40.6,30.1,36.4,55.2,26.2,21.7,34.1,32.4,23.4,27.7,17.9,1593.7,16.00,22,22,22,52,74,880,2,Đúng,Không,Không,Không,Không,Không,Không,Không,Không,Không,Không,Không,Đúng,Đúng,Không,Không,Không,Không,Không,Không,Không,Không,Không,Không,Không,Không,Không,Không,Không,Không,Không,Không,Không,Không,Không,Không,Không,Không,Không,Không,Không,168.8,115,135,140,153,1.020,3.285,11.808,4.980,0.024,1.320,1.212,3.360,3.144,3.072,1544,0,0,Đúng,118,Không,Không,113,92.0,Không,Không,8827,12973,45315,129,87.0,100.0,Không,Không,46182,41441,100.0,100.0,100.0,6.780,3.380,17329,20590,0.0,0.0,0.0,0.000,0.046,357,651,0.5,0.2,0.7,0.793,0.157,23328,76628,113.6,128.0,181.4,0.781,6.346,4.923,12.000,0.076,6.024,6.270,0.246,19.600,19.600,1151.5,1050.0,1025.0,1142.8,1047.8,5.0,7.0,0.0,1.0,40.8,1.4,2.8,0.0,50,Đúng,Không,Không,Không,Không,Đúng,Không,6,0,0,0,0,0,0,0,0,169,0,0,0,0,0,0,0,0,0,0,0,0,0,0,0,0,0,0,0,0,2424,1672,1595,121,8.0,75.0,76.1,74.2,74.1,74.1,74.1,1.9,1.9,1.9,1.9,1.9,1.9,13.34,13.49,13.12,13.07,13.50,13.50,0.29,1.57,13.21,0.12,0.04,16588,1500,72.0,7.6,0,32.0,52,
8.10.2026,19:54:30.461,29678,66441,30.8,23830,25184,48.6,1.0,47104,461,1.050,1.049,1.059,1.058,1.038,1.046,1.049,3984.3,3984.3,3984.3,3984.3,3984.3,3984.3,3984.3,99.6,3685.5,996.1,2053.0,2285.9,1522.8,2187.6,1679.7,2431.1,1833.7,2049.9,2559.7,2692.7,1589.7,1984.0,1819.7,2053.0,54.2,60.9,40.2,57.4,44.2,62.7,47.7,53.3,65.3,64.6,46.1,53.3,55.2,65.3,54.2,100.0,76.8,86.3,57.7,82.1,63.2,88.6,67.7,75.4,91.4,90.9,65.2,75.6,77.6,76.8,40.0,40.0,40.0,40.0,40.0,40.0,40.0,37.0,131,131,133,131,129,140,124,81,81,79,81,83,72,88,140,140,Không,Không,Không,Không,Không,Không,Không,Không,Không,Không,Không,Không,Không,Không,Không,Không,Không,Không,Không,Không,Không,Không,Không,Không,144,144,28.829,41.578,40.094,1.511,65.0,85.0,134.0,134.0,28.000,51.4,57.3,38.2,54.8,42.1,60.9,45.9,51.4,64.1,67.5,39.8,49.7,45.6,9.6,11.0,12.9,8.4,4.2,9.0,12.3,1593.7,16.00,22,22,22,52,74,880,2,Đúng,Không,Không,Không,Không,Không,Không,Không,Không,Không,Không,Không,Đúng,Đúng,Không,Không,Không,Không,Không,Không,Không,Không,Không,Không,Không,Không,Không,Không,Không,Không,Không,Không,Không,Không,Không,Không,Không,Không,Không,Không,Không,168.8,115,135,140,153,1.032,3.285,11.880,5.010,0.024,1.308,1.212,3.360,3.144,3.072,1541,0,0,Đúng,118,Không,Không,113,92.0,Không,Không,8827,12973,45315,129,87.0,100.0,Không,Không,46182,41441,100.0,70.2,100.0,7.004,2.323,17343,20595,0.0,0.0,0.0,0.000,0.070,357,651,0.5,0.6,1.1,0.623,0.744,23329,76629,113.8,128.2,181.4,0.781,6.353,4.926,12.000,0.076,6.024,6.277,0.253,19.600,19.600,1151.5,1050.0,1025.0,1143.1,1047.7,3.0,6.0,0.0,1.0,40.8,1.3,2.7,0.0,50,Đúng,Không,Không,Không,Không,Đúng,Không,6,0,0,0,0,0,0,0,0,169,0,0,0,0,0,0,0,0,0,0,0,0,0,0,0,0,0,0,0,0,2424,1672,1595,121,8.0,75.0,76.0,74.1,74.1,74.1,74.1,1.9,1.9,1.9,1.9,1.9,1.9,13.33,13.51,13.13,13.10,13.51,13.51,0.27,1.58,13.21,0.12,0.07,16589,1500,131.4,9.8,0,32.0,52,
8.10.2026,19:54:35.777,29682,66437,30.8,23848,25167,48.6,1.0,47104,461,1.047,1.046,1.048,1.043,1.046,1.051,1.048,3984.3,3984.3,3984.3,3984.3,3984.3,3984.3,3984.3,99.6,3685.5,996.1,1815.0,1950.6,1128.2,1887.1,1499.9,1699.2,1690.3,1624.2,2397.4,1954.4,1364.2,1422.0,3162.6,1815.0,44.6,49.7,28.7,47.6,45.9,41.4,39.2,39.7,54.5,45.7,33.5,35.7,73.2,73.2,44.6,100.0,63.0,71.0,41.1,67.4,64.6,59.1,55.7,56.3,76.2,65.0,47.7,50.5,101.5,63.0,40.0,40.0,40.0,40.0,40.0,40.0,40.0,37.0,137,136,138,136,138,135,136,75,76,74,76,74,77,76,144,138,Không,Không,Không,Không,Không,Không,Không,Không,Không,Không,Không,Không,Không,Không,Không,Không,Không,Không,Không,Không,Không,Không,Không,Không,138,138,29.790,41.972,40.528,1.482,65.0,85.0,134.0,134.0,30.000,45.5,49.2,28.3,47.3,37.6,42.6,42.3,40.7,60.1,49.0,34.2,35.6,79.2,19.0,23.3,16.7,23.9,17.8,25.8,6.5,1593.7,16.00,22,22,22,52,74,880,2,Đúng,Không,Không,Không,Không,Không,Không,Không,Không,Không,Không,Không,Đúng,Đúng,Không,Không,Không,Không,Không,Không,Không,Không,Không,Không,Không,Không,Không,Không,Không,Không,Không,Không,Không,Không,Không,Không,Không,Không,Không,Không,Không,168.8,115,135,145,153,1.032,3.324,11.808,4.950,0.024,1.308,1.212,3.360,3.144,3.072,1537,0,0,Đúng,118,Không,Không,113,92.0,Không,Không,8827,12973,45315,129,87.0,100.0,Không,Không,46182,41441,100.0,100.0,100.0,5.213,2.404,17373,20610,0.0,0.1,0.1,0.000,0.098,357,652,0.3,1.6,2.0,0.456,6.854,23332,76642,113.6,128.0,181.4,0.781,6.351,4.925,12.000,0.076,6.024,6.276,0.252,19.600,19.600,1151.5,1050.0,1025.0,1143.0,1047.5,4.0,7.0,0.0,2.0,40.8,1.4,2.8,0.0,50,Đúng,Không,Không,Không,Không,Đúng,Không,6,0,0,0,0,0,0,0,0,169,0,0,0,0,0,0,0,0,0,0,0,0,0,0,0,0,0,0,0,0,2424,1672,1595,121,8.0,75.0,76.5,73.9,73.9,73.9,73.9,1.9,1.9,1.9,1.9,1.9,1.9,13.34,13.59,13.03,12.94,13.61,13.61,0.27,1.72,13.21,0.12,0.22,16589,1501,108.8,158.3,0,32.0,52,
8.10.2026,19:54:38.858,29709,66409,30.9,23887,25127,48.7,1.0,47104,461,1.051,1.056,1.049,1.050,1.051,1.049,1.049,3984.3,3984.3,3984.3,3984.3,3984.3,3984.3,3984.3,99.6,3685.5,996.1,2467.1,2820.2,1877.5,2599.1,2352.1,2695.1,2093.9,2347.3,2756.6,3054.4,2118.2,2551.6,2339.4,2467.1,64.5,74.3,49.3,67.6,60.6,70.1,55.0,60.8,71.4,74.8,59.8,67.7,62.8,74.8,64.5,100.0,90.9,104.1,70.2,95.6,85.7,98.9,78.1,85.8,99.8,104.9,84.2,95.3,88.2,90.9,40.0,40.0,40.0,40.0,40.0,40.0,40.0,37.0,135,138,135,129,131,144,133,77,74,77,83,81,68,79,142,144,Không,Không,Không,Không,Không,Không,Không,Không,Không,Không,Không,Không,Không,Không,Không,Không,Không,Không,Không,Không,Không,Không,Không,Không,145,145,43.243,46.583,45.062,1.554,65.0,85.0,134.0,134.0,45.000,61.8,70.5,47.0,65.1,58.9,67.5,52.5,58.8,69.1,76.5,53.1,63.9,58.6,3.7,0.7,4.3,7.3,3.2,0.3,6.5,1593.7,16.00,22,22,22,52,74,880,2,Đúng,Không,Không,Không,Không,Không,Không,Không,Không,Không,Không,Không,Đúng,Đúng,Không,Không,Không,Không,Không,Không,Không,Không,Không,Không,Không,Không,Không,Không,Không,Không,Không,Không,Không,Không,Không,Không,Không,Không,Không,Không,Không,168.8,115,135,142,153,1.008,3.285,11.880,5.010,0.024,1.320,1.212,3.360,3.144,3.072,1548,0,0,Đúng,118,Không,Không,113,92.0,Không,Không,8827,12973,45315,129,87.0,100.0,Không,Không,46182,41441,100.0,65.3,100.0,8.783,2.488,17392,20615,0.0,0.0,0.0,0.000,0.044,357,652,0.6,1.3,1.9,0.819,6.622,23334,76657,113.8,128.2,181.4,0.781,6.349,4.924,12.000,0.076,6.024,6.273,0.249,19.600,19.600,1151.5,1050.0,1025.0,1142.8,1048.4,3.0,6.0,0.0,1.0,40.8,1.4,2.7,0.0,50,Đúng,Không,Không,Không,Không,Đúng,Không,6,0,0,0,0,0,0,0,0,169,0,0,0,0,0,0,0,0,0,0,0,0,0,0,0,0,0,0,0,0,2424,1672,1595,121,8.0,75.0,76.8,73.4,73.2,73.1,73.1,1.8,1.8,1.8,1.8,1.8,1.8,13.33,13.67,12.97,12.90,13.73,13.73,0.27,1.61,13.20,0.13,0.22,16591,1501,449.3,167.5,0,32.0,52,
8.10.2026,19:54:42.431,29717,66401,30.9,23878,25137,48.7,1.0,47104,461,1.051,1.052,1.042,1.052,1.060,1.052,1.049,3984.3,3984.3,3984.3,3984.3,3984.3,3984.3,3984.3,99.6,3685.5,996.1,1697.0,2068.2,1122.2,1866.9,1404.3,1883.5,1485.7,2978.8,1183.3,1709.2,1373.8,2067.2,1220.7,1697.0,46.1,55.3,30.2,49.0,36.6,49.2,38.8,66.2,37.4,49.5,43.0,63.2,34.4,66.2,46.1,100.0,65.4,78.4,43.4,70.3,52.3,70.1,55.3,92.8,52.9,70.5,61.0,89.1,48.9,65.4,40.0,40.0,40.0,40.0,40.0,40.0,40.0,37.0,130,126,131,136,140,126,124,82,86,81,76,72,86,88,142,140,Không,Không,Không,Không,Không,Không,Không,Không,Không,Không,Không,Không,Không,Không,Không,Không,Không,Không,Không,Không,Không,Không,Không,Không,140,140,35.555,38.407,37.012,1.427,65.0,85.0,134.0,134.0,29.000,42.5,51.8,28.1,46.8,35.2,47.2,37.2,74.6,29.6,42.8,34.4,51.8,30.6,17.7,11.6,21.5,17.5,8.3,23.7,23.5,1593.7,16.00,22,22,22,52,74,880,2,Đúng,Không,Không,Không,Không,Không,Không,Không,Không,Không,Không,Không,Đúng,Đúng,Không,Không,Không,Không,Không,Không,Không,Không,Không,Không,Không,Không,Không,Không,Không,Không,Không,Không,Không,Không,Không,Không,Không,Không,Không,Không,Không,168.8,115,135,138,153,1.020,3.324,11.880,4.980,0.024,1.296,1.212,3.360,3.144,3.072,1555,0,0,Đúng,118,Không,Không,113,92.0,Không,Không,8827,12973,45315,129,87.0,100.0,Không,Không,46182,41441,100.0,100.0,100.0,11.793,2.380,17437,20625,0.0,0.0,0.0,0.000,0.057,357,652,0.5,1.0,1.4,0.602,1.563,23336,76668,113.7,128.1,181.4,0.781,6.348,4.924,12.000,0.076,6.024,6.272,0.248,19.600,19.600,1151.5,1050.0,1025.0,1142.8,1045.2,4.0,7.0,0.0,1.0,40.8,1.4,2.9,0.0,50,Đúng,Không,Không,Không,Không,Đúng,Không,6,0,0,0,0,0,0,0,0,169,0,0,0,0,0,0,0,0,0,0,0,0,0,0,0,0,0,0,0,0,2424,1672,1595,121,8.0,75.0,76.0,73.6,73.3,73.3,73.3,6.7,75.1,1.9,1.9,1.9,1.9,13.34,13.63,13.13,13.09,13.68,13.68,0.26,1.65,13.22,0.12,0.13,16592,1501,245.8,18.6,0,32.0,52,
8.10.2026,19:54:46.575,29795,66324,30.9,23940,25074,48.8,1.0,47104,461,1.050,1.051,1.048,1.048,1.052,1.053,1.050,3984.3,3984.3,3984.3,3984.3,3984.3,3984.3,3984.3,99.6,3685.5,996.1,1774.0,1943.3,1221.5,2265.5,1520.9,2082.8,1650.6,1926.7,1520.1,1841.6,1192.0,2324.2,1798.2,1774.0,46.1,51.9,32.9,58.6,39.3,53.9,43.0,50.0,40.0,48.5,31.2,59.6,44.8,59.6,46.1,100.0,65.6,74.0,47.1,83.0,56.0,76.4,60.9,71.4,56.8,69.4,44.9,84.0,63.1,65.6,40.0,40.0,40.0,40.0,40.0,40.0,40.0,37.0,136,129,138,138,135,138,138,76,83,74,74,77,74,74,142,138,Không,Không,Không,Không,Không,Không,Không,Không,Không,Không,Không,Không,Không,Không,Không,Không,Không,Không,Không,Không,Không,Không,Không,Không,144,144,50.930,38.713,37.330,1.426,65.0,85.0,134.0,134.0,52.000,44.4,48.7,30.6,56.8,38.1,52.2,41.4,48.3,38.1,46.1,29.9,58.2,45.1,11.6,11.6,7.0,8.9,19.2,16.8,6.4,1593.7,16.00,22,22,22,52,74,880,2,Đúng,Không,Không,Không,Không,Không,Không,Không,Không,Không,Không,Không,Đúng,Đúng,Không,Không,Không,Không,Không,Không,Không,Không,Không,Không,Không,Không,Không,Không,Không,Không,Không,Không,Không,Không,Không,Không,Không,Không,Không,Không,Không,168.8,115,135,140,153,1.008,3.265,11.880,4.950,0.024,1.308,1.212,3.360,3.144,3.072,1558,0,0,Đúng,118,Không,Không,113,92.0,Không,Không,8827,12973,45315,129,87.0,100.0,Không,Không,46182,41441,100.0,96.9,100.0,10.588,2.359,17476,20632,0.0,0.1,0.1,0.000,0.091,357,652,0.3,0.1,0.4,0.287,0.189,23337,76668,113.7,128.1,181.4,0.781,6.372,4.934,12.000,0.076,6.024,6.296,0.273,19.600,19.600,1151.5,1050.0,1025.0,1142.9,1048.3,3.0,6.0,0.0,1.0,40.8,1.7,3.3,0.0,50,Đúng,Không,Không,Không,Không,Đúng,Không,6,0,0,0,0,0,0,0,0,169,0,0,0,0,0,0,0,0,0,0,0,0,0,0,0,0,0,0,0,0,2424,1672,1595,120,8.0,75.0,76.7,73.6,73.6,73.5,73.5,16.1,75.3,2.2,2.0,2.0,2.0,13.33,13.62,12.99,12.96,13.64,13.64,0.27,1.62,13.21,0.12,0.08,16592,1501,138.9,11.8,0,32.0,52,
8.10.2026,19:54:49.739,29822,66296,31.0,23987,25027,48.9,1.0,47104,461,1.056,1.060,1.056,1.065,1.051,1.055,1.052,3984.3,3984.3,3984.3,3984.3,3984.3,3984.3,3984.3,99.6,3685.5,996.1,2218.5,2431.5,1773.6,2398.0,2048.4,2340.3,1865.9,3193.5,1984.6,2281.9,1907.3,2473.6,1923.6,2218.5,57.6,63.8,46.2,62.0,52.4,60.5,48.1,80.8,51.8,59.4,50.2,64.6,51.2,80.8,57.6,100.0,81.4,90.1,65.5,87.8,74.3,85.9,68.4,112.9,73.0,84.2,71.1,90.9,72.3,81.4,40.0,40.0,40.0,40.0,40.0,40.0,40.0,37.0,136,131,136,133,142,144,133,76,81,76,79,70,68,79,140,144,Không,Không,Không,Không,Không,Không,Không,Không,Không,Không,Không,Không,Không,Không,Không,Không,Không,Không,Không,Không,Không,Không,Không,Không,144,144,46.126,48.800,47.141,1.686,65.0,85.0,134.0,134.0,48.000,55.6,60.9,44.4,60.1,51.3,58.6,46.8,80.0,49.7,57.2,47.8,62.0,48.2,4.6,5.0,3.4,6.1,0.1,9.3,3.9,1593.7,16.00,22,22,22,52,74,880,2,Đúng,Không,Không,Không,Không,Không,Không,Không,Không,Không,Không,Không,Đúng,Đúng,Không,Không,Không,Không,Không,Không,Không,Không,Không,Không,Không,Không,Không,Không,Không,Không,Không,Không,Không,Không,Không,Không,Không,Không,Không,Không,Không,168.8,115,135,144,153,1.020,3.324,11.880,4.950,0.024,1.320,1.212,3.360,3.144,3.072,1555,0,0,Đúng,118,Không,Không,113,92.0,Không,Không,8827,12973,45315,129,87.0,100.0,Không,Không,46182,41441,100.0,100.0,100.0,10.355,2.814,17512,20641,0.0,0.2,0.2,0.000,0.166,357,653,0.4,0.6,0.9,0.419,1.309,23340,76673,113.3,127.7,181.4,0.675,6.294,4.903,12.000,0.076,6.024,6.218,0.194,19.600,19.600,696.0,810.0,658.0,1060.0,804.1,24.0,15.0,0.0,12.0,40.8,2.8,5.7,0.0,50,Đúng,Không,Không,Không,Không,Đúng,Không,6,0,0,0,0,0,0,0,0,170,0,0,0,0,0,0,0,0,0,0,0,0,0,0,0,0,0,0,0,0,2424,1672,1595,120,5.0,75.0,81.1,69.5,65.5,65.0,65.0,20.3,75.2,2.4,2.1,2.1,2.1,13.33,14.39,12.36,11.55,15.38,15.38,0.40,1.62,13.21,0.13,0.10,16592,1502,204.2,20.0,0,32.0,52,
8.10.2026,19:54:52.752,29826,66292,31.0,23989,25025,48.9,1.0,47104,461,1.049,1.058,1.055,1.042,1.044,1.048,1.047,3984.3,3984.3,3984.3,3984.3,3984.3,3984.3,3984.3,99.6,3685.5,996.1,1858.1,2329.1,1068.2,2142.2,1395.6,2152.7,1422.2,1724.2,1804.0,2136.4,2470.2,2132.8,1520.0,1858.1,47.1,60.0,27.1,54.4,35.4,54.6,36.3,45.3,45.0,54.6,60.9,53.5,37.8,60.9,47.1,100.0,66.8,84.8,39.2,77.7,50.9,77.6,51.9,64.7,63.8,76.5,85.2,76.0,53.9,66.8,40.0,40.0,40.0,40.0,40.0,40.0,40.0,37.0,138,138,136,142,138,136,135,74,74,76,70,74,76,77,142,142,Không,Không,Không,Không,Không,Không,Không,Không,Không,Không,Không,Không,Không,Không,Không,Không,Không,Không,Không,Không,Không,Không,Không,Không,145,145,50.930,39.944,37.742,2.240,65.0,85.0,134.0,134.0,51.000,46.6,58.3,26.8,53.7,35.0,53.9,35.6,43.2,45.2,53.5,61.8,53.4,38.1,13.5,11.5,17.6,15.7,15.3,8.0,13.1,1593.7,16.00,22,22,22,52,74,880,2,Đúng,Không,Không,Không,Không,Không,Không,Không,Không,Không,Không,Không,Đúng,Đúng,Không,Không,Không,Không,Không,Không,Không,Không,Không,Không,Không,Không,Không,Không,Không,Không,Không,Không,Không,Không,Không,Không,Không,Không,Không,Không,Không,168.8,115,135,140,153,1.020,3.285,11.880,4.980,0.024,1.308,1.212,3.360,3.144,3.072,1548,0,0,Đúng,118,Không,Không,113,92.0,Không,Không,8827,12973,45315,129,87.0,100.0,Không,Không,46182,41441,100.0,82.8,100.0,7.597,2.087,17526,20645,0.0,0.0,0.0,0.000,0.066,357,653,0.4,0.5,0.9,0.449,0.743,23341,76674,112.6,127.0,181.4,0.675,6.286,4.899,12.000,0.076,6.024,6.210,0.186,19.600,19.600,493.5,405.0,544.0,268.0,402.4,14.0,18.0,0.0,6.0,40.8,4.4,8.9,0.0,50,Đúng,Không,Không,Không,Không,Đúng,Không,6,0,0,0,0,0,0,0,0,171,0,0,0,0,0,0,0,0,0,0,0,0,0,0,0,0,0,0,0,0,2424,1672,1595,120,2.5,75.0,76.2,73.6,73.6,73.5,73.5,1.9,1.9,1.9,1.9,1.9,1.9,13.33,13.63,13.08,13.04,13.63,13.63,0.56,0.93,13.21,0.12,0.21,16593,1502,299.7,14.2,0,32.0,52,
8.10.2026,19:54:57.004,29853,66265,31.0,23987,25027,48.9,1.0,47104,461,1.046,1.049,1.043,1.042,1.048,1.049,1.044,3984.3,3984.3,3984.3,3984.3,3984.3,3984.3,3984.3,99.6,3685.5,996.1,1953.9,2246.1,1395.0,1895.8,2077.4,1831.2,1537.8,3054.3,1668.1,2247.4,1565.5,2173.1,1754.7,1953.9,50.2,58.3,36.5,48.8,53.0,47.3,39.5,77.6,46.6,57.6,38.9,55.1,43.3,77.6,50.2,100.0,70.7,82.1,51.5,69.1,74.4,67.3,56.1,107.8,65.2,81.1,54.9,77.6,60.8,70.6,40.0,40.0,40.0,40.0,40.0,40.0,40.0,37.0,140,140,142,138,138,140,140,72,72,70,74,74,72,72,142,142,Không,Không,Không,Không,Không,Không,Không,Không,Không,Không,Không,Không,Không,Không,Không,Không,Không,Không,Không,Không,Không,Không,Không,Không,149,149,50.930,40.246,37.742,2.534,65.0,85.0,134.0,134.0,51.000,49.0,56.3,35.0,47.5,52.1,45.9,38.5,76.5,41.8,56.3,39.2,54.5,44.0,18.5,17.0,20.6,27.5,6.4,13.9,25.7,1593.7,16.00,22,22,22,52,74,880,2,Đúng,Không,Không,Không,Không,Không,Không,Không,Không,Không,Không,Không,Đúng,Đúng,Không,Không,Không,Không,Không,Không,Không,Không,Không,Không,Không,Không,Không,Không,Không,Không,Không,Không,Không,Không,Không,Không,Không,Không,Không,Không,Không,168.8,115,135,144,153,1.020,3.324,11.808,4.980,0.024,1.296,1.212,3.360,3.144,3.072,1551,0,0,Đúng,118,Không,Không,113,92.0,Không,Không,8827,12973,45315,129,87.0,100.0,Không,Không,46182,41441,100.0,100.0,100.0,6.645,2.780,17551,20656,0.0,0.0,0.0,0.000,0.043,357,653,0.4,0.7,1.1,0.563,0.761,23344,76678,112.5,127.0,181.4,0.675,6.283,4.898,12.000,0.076,6.024,6.207,0.184,19.600,19.600,177.0,405.0,544.0,134.0,401.7,17.0,18.0,0.0,5.0,40.8,4.9,9.7,0.0,50,Đúng,Không,Không,Không,Không,Đúng,Không,6,0,0,0,0,0,0,0,0,171,0,0,0,0,0,0,0,0,0,0,0,0,0,0,0,0,0,0,0,0,2424,1672,1595,121,2.5,75.0,76.6,73.8,73.4,73.4,73.4,1.9,1.9,1.9,1.9,1.9,1.9,13.34,13.60,13.01,12.97,13.66,13.66,0.69,0.67,13.20,0.13,0.04,16593,1502,85.8,12.9,0,33.8,52,
8.10.2026,19:55:3.663,29906,66212,31.1,24023,24991,49.0,1.0,47104,461,1.044,1.053,1.046,1.043,1.034,1.048,1.041,3984.3,3984.3,3984.3,3984.3,3984.3,3984.3,3984.3,99.6,3685.5,996.1,1733.1,1935.4,1454.1,1830.5,1326.1,1759.8,1816.2,2623.9,1303.6,2235.2,1349.0,1775.3,1388.7,1733.1,44.3,50.6,37.7,47.1,34.3,43.0,48.3,68.7,34.3,47.3,38.0,45.6,36.7,68.7,44.3,100.0,62.4,71.4,53.0,66.8,48.5,60.8,67.8,95.8,48.2,66.9,53.7,64.6,51.6,62.4,40.0,40.0,40.0,40.0,40.0,40.0,40.0,37.0,137,136,135,144,131,142,135,75,76,77,68,81,70,77,140,144,Không,Không,Không,Không,Không,Không,Không,Không,Không,Không,Không,Không,Không,Không,Không,Không,Không,Không,Không,Không,Không,Không,Không,Không,142,142,47.087,38.661,36.227,2.483,65.0,85.0,134.0,134.0,43.000,43.4,48.5,36.4,45.9,33.2,44.1,45.5,65.7,32.7,56.0,33.8,44.5,34.8,18.7,18.4,25.3,15.9,13.4,15.3,24.0,1593.7,16.00,22,22,22,52,74,880,2,Đúng,Không,Không,Không,Không,Không,Không,Không,Không,Không,Không,Không,Đúng,Đúng,Không,Không,Không,Không,Không,Không,Không,Không,Không,Không,Không,Không,Không,Không,Không,Không,Không,Không,Không,Không,Không,Không,Không,Không,Không,Không,Không,167.0,115,135,142,153,1.020,3.285,11.952,5.040,0.024,1.308,1.212,3.360,3.144,3.072,1544,0,0,Đúng,118,Không,Không,113,92.0,Không,Không,8827,12973,45315,129,87.0,100.0,Không,Không,46182,41441,100.0,100.0,100.0,5.066,1.547,17585,20666,0.0,0.1,0.1,0.000,0.120,357,654,0.7,1.8,2.5,0.729,1.563,23349,76685,112.4,126.8,181.4,0.675,6.278,4.896,12.000,0.076,6.024,6.202,0.178,19.600,19.600,139.0,405.0,544.0,134.0,400.3,14.0,17.0,0.0,5.0,40.8,4.9,9.8,0.0,50,Đúng,Không,Không,Không,Không,Đúng,Không,6,0,0,0,0,0,0,0,0,171,0,0,0,0,0,0,0,0,0,0,0,0,0,0,0,0,0,0,0,0,2424,1672,1595,122,2.5,75.0,75.7,74.3,74.2,74.2,74.2,0.0,0.0,0.0,0.0,0.0,0.0,13.34,13.47,13.21,13.21,13.48,13.48,0.75,0.01,13.22,0.12,0.00,16593,1502,12.2,12.7,0,32.0,52,
8.10.2026,19:55:7.967,29830,66288,31.0,23999,25015,48.9,1.0,47104,461,1.048,1.050,1.051,1.050,1.047,1.047,1.047,3984.3,3984.3,3984.3,3984.3,3984.3,3984.3,3984.3,99.6,3685.5,996.1,1883.3,2340.1,1295.9,2438.8,1416.6,1987.2,1357.4,2085.0,1615.7,1717.0,2167.0,1970.9,2208.6,1883.3,48.3,60.8,33.3,62.2,36.3,51.3,35.3,53.7,41.1,48.6,52.1,54.5,50.5,62.2,48.3,100.0,67.9,85.3,46.8,87.5,51.3,72.5,50.1,75.4,57.9,68.5,72.9,76.4,70.6,67.9,40.0,40.0,40.0,40.0,40.0,40.0,40.0,37.0,138,138,140,140,138,135,136,74,74,72,72,74,77,76,142,140,Không,Không,Không,Không,Không,Không,Không,Không,Không,Không,Không,Không,Không,Không,Không,Không,Không,Không,Không,Không,Không,Không,Không,Không,149,149,44.204,46.588,44.006,2.600,65.0,85.0,134.0,134.0,47.000,47.2,58.8,32.5,61.1,35.5,49.8,34.0,52.2,40.5,43.0,54.3,49.4,55.3,14.7,16.4,17.6,21.4,15.9,13.4,3.7,1593.7,16.00,22,22,22,52,74,880,2,Đúng,Không,Không,Không,Không,Không,Không,Không,Không,Không,Không,Không,Đúng,Đúng,Không,Không,Không,Không,Không,Không,Không,Không,Không,Không,Không,Không,Không,Không,Không,Không,Không,Không,Không,Không,Không,Không,Không,Không,Không,Không,Không,168.8,115,135,142,153,1.044,3.285,11.880,4.950,0.024,1.308,1.212,3.360,3.144,3.072,1577,0,0,Đúng,118,Không,Không,113,92.0,Không,Không,8827,12973,45315,129,87.0,100.0,Không,Không,46182,41441,100.0,89.1,100.0,10.249,2.671,17618,20678,0.0,0.0,0.0,0.000,0.085,357,654,0.7,1.3,2.0,0.932,5.735,23352,76703,112.4,126.8,181.4,0.675,6.276,4.895,12.000,0.076,6.024,6.200,0.177,19.600,19.600,139.0,405.0,544.0,134.0,403.2,15.0,17.0,0.0,5.0,40.8,4.8,9.6,0.0,50,Đúng,Không,Không,Không,Không,Đúng,Không,6,0,0,0,0,0,0,0,0,171,0,0,0,0,0,0,0,0,0,0,0,0,0,0,0,0,0,0,0,0,2424,1672,1595,121,2.5,75.0,76.7,73.4,72.4,72.3,72.3,1.9,1.9,1.9,1.9,1.9,1.9,13.34,13.64,13.03,12.77,13.85,13.85,0.69,0.74,13.21,0.12,0.09,16595,1502,329.4,18.0,0,33.8,52,
8.10.2026,19:55:11.405,29851,66267,31.0,23990,25025,48.9,1.0,47104,461,1.046,1.053,1.049,1.047,1.034,1.039,1.055,3984.3,3984.3,3984.3,3984.3,3984.3,3984.3,3984.3,99.6,3685.5,996.1,1918.2,2374.3,1255.7,2250.0,1405.0,2083.7,1524.3,1950.8,2208.6,1924.2,1771.7,2905.6,1364.7,1918.2,48.3,61.2,32.7,57.6,35.9,53.4,38.8,50.3,52.8,49.6,38.1,76.7,33.0,76.7,48.3,100.0,68.6,86.5,47.1,82.0,51.5,76.1,55.4,71.4,74.1,70.7,54.3,107.4,47.1,68.6,40.0,40.0,40.0,40.0,40.0,40.0,40.0,37.0,135,135,138,133,136,133,133,77,77,74,79,76,79,79,138,138,Không,Không,Không,Không,Không,Không,Không,Không,Không,Không,Không,Không,Không,Không,Không,Không,Không,Không,Không,Không,Không,Không,Không,Không,144,144,50.930,41.537,39.026,2.528,65.0,85.0,134.0,134.0,52.000,48.0,59.4,31.5,56.4,35.2,52.2,38.2,48.9,55.3,48.2,44.4,72.8,34.2,8.5,3.3,11.2,8.1,9.6,17.2,1.4,1593.7,16.00,22,22,22,52,74,880,2,Đúng,Không,Không,Không,Không,Không,Không,Không,Không,Không,Không,Không,Đúng,Đúng,Không,Không,Không,Không,Không,Không,Không,Không,Không,Không,Không,Không,Không,Không,Không,Không,Không,Không,Không,Không,Không,Không,Không,Không,Không,Không,Không,168.8,115,135,140,153,1.008,3.344,11.880,4.980,0.024,1.308,1.200,3.360,3.144,3.072,1551,0,0,Đúng,118,Không,Không,113,92.0,Không,Không,8827,12973,45315,129,87.0,100.0,Không,Không,46182,41441,100.0,83.5,100.0,15.484,1.773,17653,20681,0.0,0.0,0.0,0.000,0.052,357,654,0.4,0.6,1.0,0.416,1.246,23353,76705,112.2,126.6,181.4,0.675,6.276,4.895,12.000,0.076,6.024,6.200,0.176,19.600,19.600,139.0,405.0,544.0,134.0,402.6,16.0,17.0,0.0,6.0,40.8,4.9,9.8,0.0,50,Đúng,Không,Không,Không,Không,Đúng,Không,6,0,0,0,0,0,0,0,0,171,0,0,0,0,0,0,0,0,0,0,0,0,0,0,0,0,0,0,0,0,2424,1672,1595,121,2.5,75.0,76.0,73.8,73.6,73.6,73.6,1.9,1.9,1.9,1.9,1.9,1.9,13.34,13.57,13.13,13.12,13.59,13.59,0.70,0.48,13.21,0.12,0.08,16595,1502,19.1,19.3,0,33.8,52,
8.10.2026,19:55:16.365,29856,66262,31.0,24006,25008,48.9,1.0,47104,461,1.051,1.048,1.052,1.052,1.050,1.052,1.052,3984.3,3984.3,3984.3,3984.3,3984.3,3984.3,3984.3,99.6,3685.5,996.1,1588.3,1985.6,1066.2,1761.9,1111.0,1810.1,2004.9,1777.4,1517.2,1909.6,1133.9,1774.3,1207.2,1588.3,41.3,53.6,28.8,46.6,29.2,47.8,51.7,55.1,34.3,46.3,28.9,43.7,29.2,55.1,41.3,100.0,58.4,75.7,40.7,66.5,41.8,67.3,72.4,77.6,48.4,66.0,41.2,62.1,41.5,58.4,40.0,40.0,40.0,40.0,40.0,40.0,40.0,37.0,136,144,140,133,135,135,131,76,68,72,79,77,77,81,144,144,Không,Không,Không,Không,Không,Không,Không,Không,Không,Không,Không,Không,Không,Không,Không,Không,Không,Không,Không,Không,Không,Không,Không,Không,142,142,35.555,37.181,34.737,2.475,65.0,85.0,134.0,134.0,34.000,39.8,49.8,26.7,44.1,27.8,45.4,50.2,44.5,38.0,47.8,28.4,44.5,30.2,20.8,18.9,25.2,10.6,24.8,21.7,23.4,1593.7,16.00,22,22,22,52,74,880,2,Đúng,Không,Không,Không,Không,Không,Không,Không,Không,Không,Không,Không,Đúng,Đúng,Không,Không,Không,Không,Không,Không,Không,Không,Không,Không,Không,Không,Không,Không,Không,Không,Không,Không,Không,Không,Không,Không,Không,Không,Không,Không,Không,168.8,115,135,140,153,1.020,3.285,11.952,5.010,0.024,1.308,1.212,3.360,3.144,3.072,1523,0,0,Đúng,118,Không,Không,113,92.0,Không,Không,8827,12973,45315,129,87.0,100.0,Không,Không,46182,41441,100.0,97.3,100.0,19.743,2.643,17720,20696,0.0,0.0,0.0,0.000,0.072,357,655,0.3,0.2,0.5,0.331,0.136,23355,76710,112.3,126.7,181.4,0.675,6.277,4.896,12.000,0.076,6.024,6.201,0.178,19.600,19.600,139.0,405.0,544.0,134.0,403.0,17.0,18.0,0.0,6.0,40.8,5.0,10.0,0.0,50,Đúng,Không,Không,Không,Không,Đúng,Không,6,0,0,0,0,0,0,0,0,171,0,0,0,0,0,0,0,0,0,0,0,0,0,0,0,0,0,0,0,0,2424,1672,1595,121,2.5,75.0,76.2,74.1,74.1,74.1,74.1,1.8,1.8,1.8,1.8,1.8,1.8,13.33,13.49,13.08,12.98,13.50,13.50,0.73,0.43,13.21,0.12,0.11,16596,1502,154.8,4.7,0,32.0,52,
8.10.2026,19:55:19.714,29816,66302,31.0,23991,25023,48.9,1.0,47104,461,1.047,1.035,1.054,1.051,1.050,1.045,1.048,3984.3,3984.3,3984.3,3984.3,3984.3,3984.3,3984.3,99.6,3685.5,996.1,1673.9,1787.0,1049.5,1844.3,1191.8,2042.9,1783.8,2331.3,1430.9,2805.5,1120.8,1608.2,1091.1,1673.9,42.2,45.9,27.1,46.8,30.2,51.7,45.2,59.0,36.8,65.3,29.7,40.8,28.3,65.3,42.2,100.0,59.8,65.4,38.8,66.9,43.2,72.7,63.3,82.8,51.8,91.5,42.2,58.7,40.4,59.8,40.0,40.0,40.0,40.0,40.0,40.0,40.0,37.0,129,122,127,127,129,138,127,83,90,85,85,83,74,85,144,138,Không,Không,Không,Không,Không,Không,Không,Không,Không,Không,Không,Không,Không,Không,Không,Không,Không,Không,Không,Không,Không,Không,Không,Không,138,138,41.321,37.757,35.289,2.495,65.0,85.0,134.0,134.0,47.000,41.9,44.8,26.3,46.2,29.9,51.2,44.7,58.4,35.9,70.3,28.1,40.3,27.3,16.6,15.8,20.8,13.0,8.2,9.5,32.3,1593.7,16.00,22,22,22,52,74,880,2,Đúng,Không,Không,Không,Không,Không,Không,Không,Không,Không,Không,Không,Đúng,Đúng,Không,Không,Không,Không,Không,Không,Không,Không,Không,Không,Không,Không,Không,Không,Không,Không,Không,Không,Không,Không,Không,Không,Không,Không,Không,Không,Không,168.8,115,136,140,153,0.996,3.344,11.880,5.010,0.024,1.308,1.212,3.360,3.144,3.072,1527,0,0,Đúng,118,Không,Không,113,92.0,Không,Không,8827,12973,45315,127,87.0,100.0,Không,Không,46182,41441,100.0,75.4,100.0,8.582,2.528,17740,20701,0.0,0.0,0.0,0.000,0.041,357,655,0.6,0.2,0.8,0.691,0.202,23357,76710,112.2,126.6,181.4,0.675,6.277,4.896,12.000,0.076,6.024,6.201,0.178,19.600,19.600,139.0,405.0,544.0,134.0,402.0,14.0,17.0,0.0,5.0,40.8,4.9,9.9,0.0,50,Đúng,Không,Không,Không,Không,Đúng,Không,6,0,0,0,0,0,0,0,0,171,0,0,0,0,0,0,0,0,0,0,0,0,0,0,0,0,0,0,0,0,2424,1672,1595,121,2.5,75.0,77.0,73.5,73.1,73.1,73.1,1.9,1.9,1.9,1.9,1.9,1.9,13.33,13.62,12.98,12.87,13.68,13.68,0.63,0.58,13.21,0.12,0.07,16596,1502,118.1,12.9,0,32.0,52,
8.10.2026,19:55:23.082,29832,66286,31.0,24006,25009,48.9,1.0,47104,461,1.047,1.052,1.054,1.054,1.052,1.024,1.047,3984.3,3984.3,3984.3,3984.3,3984.3,3984.3,3984.3,99.6,3685.5,996.1,1593.5,1982.5,965.4,1876.4,1850.7,1816.9,1006.9,1973.2,1002.7,1857.6,1241.9,1504.5,2043.8,1593.5,40.5,50.1,23.9,46.9,50.4,45.9,25.2,49.7,25.7,55.3,27.5,38.8,47.0,55.3,40.5,100.0,58.3,72.0,35.2,67.3,71.1,66.5,37.2,71.2,37.5,78.1,39.9,56.6,66.4,58.3,40.0,40.0,40.0,40.0,40.0,40.0,40.0,37.0,135,133,138,129,133,140,136,77,79,74,83,79,72,76,140,140,Không,Không,Không,Không,Không,Không,Không,Không,Không,Không,Không,Không,Không,Không,Không,Không,Không,Không,Không,Không,Không,Không,Không,Không,142,142,41.321,37.689,35.246,2.483,65.0,85.0,134.0,134.0,44.000,39.9,49.7,24.2,47.0,46.4,45.5,25.2,49.4,25.1,46.5,31.1,37.7,51.2,19.8,23.1,11.5,28.4,16.7,18.4,20.6,1593.7,16.00,22,22,22,52,74,880,2,Đúng,Không,Không,Không,Không,Không,Không,Không,Không,Không,Không,Không,Đúng,Đúng,Không,Không,Không,Không,Không,Không,Không,Không,Không,Không,Không,Không,Không,Không,Không,Không,Không,Không,Không,Không,Không,Không,Không,Không,Không,Không,Không,168.8,115,135,140,153,1.008,3.344,11.880,5.010,0.024,1.296,1.212,3.360,3.144,3.072,1537,0,0,Đúng,118,Không,Không,113,92.0,Không,Không,8827,12973,45315,129,87.0,100.0,Không,Không,46182,41441,100.0,100.0,100.0,15.701,2.416,17800,20709,0.0,0.0,0.0,0.000,0.091,357,655,0.4,0.2,0.6,0.370,0.260,23358,76717,112.1,126.5,181.4,0.675,6.282,4.898,12.000,0.076,6.024,6.206,0.183,19.600,19.600,139.0,405.0,544.0,134.0,402.4,15.0,17.0,0.0,5.0,40.8,4.7,9.5,0.0,50,Đúng,Không,Không,Không,Không,Đúng,Không,6,0,0,0,0,0,0,0,0,171,0,0,0,0,0,0,0,0,0,0,0,0,0,0,0,0,0,0,0,0,2424,1672,1595,121,2.5,75.0,76.2,73.8,73.7,73.7,73.7,1.9,1.9,1.9,1.9,1.9,1.9,13.33,13.57,13.11,13.10,13.59,13.59,0.70,0.28,13.22,0.12,0.02,16596,1502,5.4,7.1,0,32.0,52,
8.10.2026,19:55:27.872,29881,66237,31.0,24042,24972,49.0,1.0,47104,461,1.045,1.049,1.047,1.043,1.043,1.042,1.046,3984.3,3984.3,3984.3,3984.3,3984.3,3984.3,3984.3,99.6,3685.5,996.1,1718.0,1834.1,1252.3,1914.3,1500.8,1518.2,2167.4,2117.6,1428.7,1618.1,2021.3,1695.2,1548.4,1718.0,44.7,49.3,32.9,49.7,39.1,40.8,56.2,58.5,36.2,41.9,48.3,45.4,37.6,58.5,44.7,100.0,63.7,70.5,47.2,71.1,55.9,58.7,79.2,82.8,51.6,60.2,68.4,65.2,53.6,63.7,40.0,40.0,40.0,40.0,40.0,40.0,40.0,37.0,130,131,129,126,126,140,129,82,81,83,86,86,72,83,144,140,Không,Không,Không,Không,Không,Không,Không,Không,Không,Không,Không,Không,Không,Không,Không,Không,Không,Không,Không,Không,Không,Không,Không,Không,140,140,44.204,34.500,32.127,2.408,65.0,85.0,134.0,134.0,47.000,43.0,45.9,31.4,48.0,37.6,38.0,54.3,53.0,35.8,40.5,50.5,42.5,38.8,18.6,20.8,18.5,16.1,15.4,17.0,23.9,1593.7,16.00,22,22,22,52,74,880,2,Đúng,Không,Không,Không,Không,Không,Không,Không,Không,Không,Không,Không,Đúng,Đúng,Không,Không,Không,Không,Không,Không,Không,Không,Không,Không,Không,Không,Không,Không,Không,Không,Không,Không,Không,Không,Không,Không,Không,Không,Không,Không,Không,168.8,115,135,138,153,1.008,3.344,11.880,4.980,0.024,1.308,1.212,3.360,3.144,3.072,1551,0,0,Đúng,118,Không,Không,113,92.0,Không,Không,8827,12973,45315,127,87.0,100.0,Không,Không,46182,41441,100.0,100.0,100.0,13.008,2.590,17857,20723,0.2,0.0,0.2,0.075,0.036,357,656,0.9,0.8,1.7,1.238,1.623,23370,76724,112.1,126.5,181.4,0.675,6.282,4.898,12.000,0.076,6.024,6.206,0.183,19.600,19.600,139.0,405.0,544.0,134.0,402.5,16.0,18.0,0.0,5.0,40.8,4.8,9.6,0.0,50,Đúng,Không,Không,Không,Không,Đúng,Không,6,0,0,0,0,0,0,0,0,171,0,0,0,0,0,0,0,0,0,0,0,0,0,0,0,0,0,0,0,0,2424,1672,1595,121,2.5,75.0,76.5,73.3,73.0,72.9,72.9,0.0,0.0,0.0,0.0,0.0,0.0,13.33,13.70,13.02,12.95,13.79,13.79,0.66,0.78,13.20,0.13,0.00,16597,1502,9.4,7.9,0,32.0,52,
8.10.2026,19:55:30.957,29890,66228,31.0,24047,24968,49.0,1.0,47104,461,1.051,1.046,1.058,1.056,1.046,1.038,1.059,3984.3,3984.3,3984.3,3984.3,3984.3,3984.3,3984.3,99.6,3685.5,996.1,1596.1,2185.3,996.3,1966.2,1184.8,1750.6,1183.5,1187.5,2483.8,2380.0,1109.6,1632.2,1093.5,1596.1,40.0,55.7,25.2,49.5,29.7,44.1,29.7,29.8,59.4,61.0,30.1,39.6,26.2,61.0,40.0,100.0,57.0,78.6,36.0,70.8,42.6,63.1,42.6,43.0,82.9,85.9,43.0,57.2,37.9,56.9,40.0,40.0,40.0,40.0,40.0,40.0,40.0,37.0,133,129,135,131,140,135,127,79,83,77,81,72,77,85,140,140,Không,Không,Không,Không,Không,Không,Không,Không,Không,Không,Không,Không,Không,Không,Không,Không,Không,Không,Không,Không,Không,Không,Không,Không,142,142,33.633,36.738,34.294,2.467,65.0,85.0,134.0,134.0,30.000,40.0,54.8,25.0,49.3,29.7,43.9,29.7,29.8,62.2,59.6,27.8,40.9,27.4,24.3,20.2,22.1,28.4,21.4,19.4,34.5,1593.7,16.00,22,22,22,52,74,880,2,Đúng,Không,Không,Không,Không,Không,Không,Không,Không,Không,Không,Không,Đúng,Đúng,Không,Không,Không,Không,Không,Không,Không,Không,Không,Không,Không,Không,Không,Không,Không,Không,Không,Không,Không,Không,Không,Không,Không,Không,Không,Không,Không,168.8,115,135,140,153,0.996,3.285,11.952,4.980,0.024,1.308,1.212,3.360,3.144,3.072,1537,0,0,Đúng,118,Không,Không,113,92.0,Không,Không,8827,12973,45315,129,87.0,100.0,Không,Không,46182,41441,100.0,65.7,100.0,13.910,2.265,17884,20727,0.0,0.0,0.1,0.019,0.059,357,656,0.5,0.5,1.0,0.643,0.799,23371,76726,112.0,126.4,181.4,0.675,6.276,4.895,12.000,0.076,6.024,6.200,0.177,19.600,19.600,139.0,405.0,544.0,134.0,401.4,14.0,17.0,0.0,5.0,40.8,4.9,9.8,0.0,50,Đúng,Không,Không,Không,Không,Đúng,Không,6,0,0,0,0,0,0,0,0,171,0,0,0,0,0,0,0,0,0,0,0,0,0,0,0,0,0,0,0,0,2424,1672,1595,120,2.5,75.0,76.0,74.0,73.9,73.9,73.9,0.0,0.0,0.0,0.0,0.0,0.0,13.33,13.54,13.15,13.14,13.57,13.57,0.65,0.71,13.21,0.12,0.00,16597,1502,101.6,66.6,0,32.0,52,
8.10.2026,19:55:35.398,29901,66217,31.1,24066,24948,49.1,1.0,47104,461,1.051,1.050,1.048,1.048,1.047,1.055,1.055,3984.3,3984.3,3984.3,3984.3,3984.3,3984.3,3984.3,99.6,3685.5,996.1,1424.1,2405.4,1113.6,1672.5,977.1,1494.1,892.4,1428.5,1469.9,1503.9,1294.7,1596.4,1240.9,1424.1,37.2,61.8,30.0,42.5,25.3,51.5,22.5,38.6,36.9,39.1,30.0,38.4,29.1,61.8,37.2,100.0,52.9,86.8,42.6,61.3,36.2,72.9,32.3,55.0,52.1,55.8,43.0,55.2,41.1,52.9,40.0,40.0,40.0,40.0,40.0,40.0,40.0,37.0,129,126,131,127,140,124,124,83,86,81,85,72,88,88,142,140,Không,Không,Không,Không,Không,Không,Không,Không,Không,Không,Không,Không,Không,Không,Không,Không,Không,Không,Không,Không,Không,Không,Không,Không,140,140,31.711,35.713,33.312,2.427,65.0,85.0,134.0,134.0,33.000,35.7,60.3,27.9,41.9,24.5,37.4,22.4,35.8,36.8,37.7,32.4,40.0,31.1,25.3,12.7,29.9,30.8,24.4,23.8,29.9,1593.7,16.00,22,22,22,52,74,880,2,Đúng,Không,Không,Không,Không,Không,Không,Không,Không,Không,Không,Không,Đúng,Đúng,Không,Không,Không,Không,Không,Không,Không,Không,Không,Không,Không,Không,Không,Không,Không,Không,Không,Không,Không,Không,Không,Không,Không,Không,Không,Không,Không,168.8,115,135,142,153,1.032,3.324,11.808,4.950,0.024,1.308,1.212,3.360,3.144,3.072,1544,0,0,Đúng,118,Không,Không,113,92.0,Không,Không,8827,12973,45315,129,87.0,100.0,Không,Không,46182,41441,100.0,98.9,100.0,21.286,2.153,17940,20735,0.1,0.0,0.1,0.056,0.065,358,656,0.6,0.3,0.9,0.963,0.927,23373,76728,112.2,126.6,181.4,0.675,6.277,4.896,12.000,0.076,6.024,6.201,0.178,19.600,19.600,139.0,405.0,544.0,134.0,402.4,14.0,17.0,0.0,5.0,40.8,5.3,10.7,0.0,50,Đúng,Không,Không,Không,Không,Đúng,Không,6,0,0,0,0,0,0,0,0,171,0,0,0,0,0,0,0,0,0,0,0,0,0,0,0,0,0,0,0,0,2424,1672,1595,120,2.5,75.0,75.7,74.1,74.1,74.1,74.1,37.5,75.3,4.6,3.8,3.7,3.7,13.33,13.53,13.18,13.18,13.54,13.54,0.80,0.61,13.21,0.13,0.07,16598,1502,59.8,8.0,0,32.0,52,
8.10.2026,19:55:38.982,29958,66160,31.1,24119,24895,49.2,1.0,47104,461,1.048,1.055,1.053,1.040,1.060,1.042,1.040,3984.3,3984.3,3984.3,3984.3,3984.3,3984.3,3984.3,99.6,3685.5,996.1,1849.0,2247.1,1273.7,1850.9,2174.8,1683.0,1398.7,1832.6,1807.5,1695.3,1955.7,2466.0,1802.4,1849.0,46.6,57.2,32.0,46.8,54.7,42.5,35.3,46.2,45.5,44.3,49.1,62.4,43.2,62.4,46.6,100.0,66.3,80.9,45.9,67.1,77.3,61.4,50.8,65.9,64.5,63.3,69.4,87.7,61.3,66.3,40.0,40.0,40.0,40.0,40.0,40.0,40.0,37.0,132,131,135,127,129,133,136,80,81,77,85,83,79,76,138,136,Không,Không,Không,Không,Không,Không,Không,Không,Không,Không,Không,Không,Không,Không,Không,Không,Không,Không,Không,Không,Không,Không,Không,Không,142,142,38.438,40.491,38.545,1.988,65.0,85.0,134.0,134.0,42.000,46.3,56.2,31.9,46.4,54.5,42.2,35.0,45.9,45.3,42.5,49.0,61.8,45.1,13.3,14.5,5.2,21.0,17.1,10.5,11.2,1593.7,16.00,22,22,22,52,74,880,2,Đúng,Không,Không,Không,Không,Không,Không,Không,Không,Không,Không,Không,Đúng,Đúng,Không,Không,Không,Không,Không,Không,Không,Không,Không,Không,Không,Không,Không,Không,Không,Không,Không,Không,Không,Không,Không,Không,Không,Không,Không,Không,Không,168.8,115,135,138,153,1.020,3.285,11.952,5.040,0.024,1.296,1.212,3.360,3.144,3.072,1577,0,0,Đúng,118,Không,Không,113,92.0,Không,Không,8827,12973,45315,129,87.0,100.0,Không,Không,46182,41441,100.0,83.4,100.0,7.361,2.365,17974,20743,0.1,0.0,0.1,0.043,0.063,358,656,0.4,2.0,2.5,0.504,7.344,23386,76742,113.2,127.6,181.4,0.781,6.346,4.923,12.000,0.076,6.024,6.270,0.246,19.600,19.600,1151.5,1050.0,1025.0,1142.6,1046.2,4.0,7.0,0.0,1.0,40.9,5.6,11.1,0.0,50,Đúng,Không,Không,Không,Không,Đúng,Không,6,0,0,0,0,0,0,0,0,172,0,0,0,0,0,0,0,0,0,0,0,0,0,0,0,0,0,0,0,0,2421,1675,1598,124,8.0,75.0,76.3,73.6,73.6,73.6,73.6,15.7,75.5,1.7,1.5,1.5,1.5,13.33,13.62,13.08,13.05,13.63,13.63,0.28,1.53,13.21,0.12,0.11,16598,1502,49.0,11.0,0,32.0,52,
8.10.2026,19:55:42.589,29930,66189,31.1,24095,24919,49.1,1.0,47104,461,1.050,1.066,1.039,1.049,1.037,1.049,1.059,3984.3,3984.3,3984.3,3984.3,3984.3,3984.3,3984.3,99.6,3685.5,996.1,1366.8,1868.9,866.9,1520.8,1595.2,1288.6,1235.8,1680.1,1019.7,1360.5,1199.5,1511.2,1254.7,1366.8,34.8,43.1,21.8,38.3,40.1,32.4,31.1,40.9,44.5,33.4,26.2,38.2,27.8,44.5,34.8,100.0,50.1,62.0,31.8,55.4,56.9,47.3,44.6,58.1,62.5,48.8,38.2,55.0,40.6,50.1,40.0,40.0,40.0,40.0,40.0,40.0,40.0,37.0,129,127,131,127,140,124,124,83,85,81,85,72,88,88,142,140,Không,Không,Không,Không,Không,Không,Không,Không,Không,Không,Không,Không,Không,Không,Không,Không,Không,Không,Không,Không,Không,Không,Không,Không,142,142,49.009,40.381,38.917,1.486,65.0,85.0,134.0,134.0,45.000,33.9,42.4,21.7,38.1,40.0,32.3,31.0,42.1,25.5,34.1,30.1,37.9,31.4,20.7,18.8,16.6,23.8,17.3,24.6,23.3,1593.7,16.00,22,22,22,52,74,880,2,Đúng,Không,Không,Không,Không,Không,Không,Không,Không,Không,Không,Không,Đúng,Đúng,Không,Không,Không,Không,Không,Không,Không,Không,Không,Không,Không,Không,Không,Không,Không,Không,Không,Không,Không,Không,Không,Không,Không,Không,Không,Không,Không,170.6,115,135,140,153,1.020,3.285,11.952,5.010,0.024,1.308,1.212,3.360,3.144,3.072,1544,0,0,Đúng,118,Không,Không,113,92.0,Không,Không,8827,12973,45315,129,87.0,100.0,Không,Không,46182,41441,100.0,95.8,100.0,5.096,3.215,17998,20752,0.1,0.0,0.1,0.029,0.088,358,657,1.0,0.2,1.2,1.368,0.647,23391,76747,113.3,127.7,181.4,0.781,6.458,4.968,12.000,0.076,6.024,6.382,0.359,19.600,19.600,1151.5,1050.0,1025.0,1142.7,1049.6,11.0,12.0,0.0,1.0,40.9,2.5,5.0,0.0,50,Đúng,Không,Không,Không,Không,Đúng,Không,6,0,0,0,0,0,0,0,0,172,0,0,0,0,0,0,0,0,0,0,0,0,0,0,0,0,0,0,0,0,2421,1675,1598,124,8.0,75.0,76.2,74.1,74.1,74.1,74.1,16.3,75.2,2.2,2.1,2.1,2.1,13.33,13.53,13.10,13.10,13.54,13.54,0.28,1.66,13.21,0.12,0.08,16599,1502,189.3,16.0,0,32.0,52,
8.10.2026,19:55:46.274,29951,66167,31.1,24122,24892,49.2,1.0,47104,461,1.043,1.057,1.044,1.028,1.043,1.057,1.028,3984.3,3984.3,3984.3,3984.3,3984.3,3984.3,3984.3,99.6,3685.5,996.1,1492.4,1903.1,1217.6,1777.9,1102.8,1354.1,1051.7,2173.6,1452.2,1753.7,914.7,1832.2,1375.4,1492.4,37.6,48.4,30.8,48.4,27.3,34.4,26.5,52.9,36.0,42.8,26.4,43.3,34.5,52.9,37.6,100.0,53.8,69.0,43.7,69.3,39.3,50.2,38.5,74.6,50.7,61.3,37.9,61.8,49.5,53.8,40.0,40.0,40.0,40.0,40.0,40.0,40.0,37.0,129,122,127,126,126,138,135,83,90,85,86,86,74,77,144,138,Không,Không,Không,Không,Không,Không,Không,Không,Không,Không,Không,Không,Không,Không,Không,Không,Không,Không,Không,Không,Không,Không,Không,Không,142,142,47.087,43.118,41.627,1.535,65.0,85.0,134.0,134.0,43.000,37.4,47.7,30.5,44.5,27.6,33.9,26.4,54.5,36.4,43.9,22.9,45.9,34.5,18.1,14.7,18.7,24.3,13.2,23.1,14.3,1593.7,16.00,22,22,22,52,74,880,2,Đúng,Không,Không,Không,Không,Không,Không,Không,Không,Không,Không,Không,Đúng,Đúng,Không,Không,Không,Không,Không,Không,Không,Không,Không,Không,Không,Không,Không,Không,Không,Không,Không,Không,Không,Không,Không,Không,Không,Không,Không,Không,Không,168.8,115,135,142,153,1.020,3.324,11.880,4.950,0.024,1.308,1.212,3.360,3.144,3.072,1544,0,0,Đúng,118,Không,Không,113,92.0,Không,Không,8827,12973,45315,129,87.0,100.0,Không,Không,46182,41441,100.0,100.0,100.0,6.485,2.551,18016,20764,0.0,0.0,0.0,0.000,0.027,358,657,0.4,0.2,0.5,0.445,0.215,23412,76750,113.7,128.1,181.4,0.781,6.503,4.986,12.000,0.076,6.024,6.428,0.404,19.600,19.600,1151.5,1050.0,1025.0,1142.7,1045.6,5.0,7.0,0.0,1.0,40.9,3.6,7.2,0.0,50,Đúng,Không,Không,Không,Không,Đúng,Không,6,0,0,0,0,0,0,0,0,172,0,0,0,0,0,0,0,0,0,0,0,0,0,0,0,0,0,0,0,0,2421,1675,1598,126,8.0,75.0,76.4,73.9,73.6,73.6,73.6,75.0,75.3,74.8,74.8,74.8,74.8,13.33,13.56,13.05,13.01,13.64,13.64,0.40,1.45,13.21,0.12,0.08,16600,1502,19.9,9.3,0,32.0,52,
8.10.2026,19:55:50.028,29858,66260,31.0,24092,24922,49.1,1.0,47104,461,1.050,1.051,1.050,1.050,1.048,1.058,1.044,3984.3,3984.3,3984.3,3984.3,3984.3,3984.3,3984.3,99.6,3685.5,996.1,1895.2,2099.0,1288.8,2280.5,1740.4,1985.8,1831.7,2598.9,1702.3,2111.6,1601.9,2083.0,1418.3,1895.2,49.4,55.6,33.9,58.3,45.7,51.5,47.0,67.6,43.6,55.5,41.6,54.5,37.6,67.6,49.4,100.0,70.9,79.6,49.4,83.6,65.6,74.1,67.6,95.4,62.2,79.7,60.1,78.4,54.8,70.9,40.0,40.0,40.0,40.0,40.0,40.0,40.0,37.0,132,126,144,135,129,131,131,80,86,68,77,83,81,81,142,144,Không,Không,Không,Không,Không,Không,Không,Không,Không,Không,Không,Không,Không,Không,Không,Không,Không,Không,Không,Không,Không,Không,Không,Không,147,147,42.282,40.210,38.336,1.902,65.0,85.0,134.0,134.0,48.000,47.5,52.6,32.3,57.1,43.6,49.7,45.9,65.1,42.6,52.9,40.1,52.2,35.5,7.9,8.1,6.6,7.2,5.5,10.0,10.3,1593.7,16.00,22,22,22,52,74,880,2,Đúng,Không,Không,Không,Không,Không,Không,Không,Không,Không,Không,Không,Đúng,Đúng,Không,Không,Không,Không,Không,Không,Không,Không,Không,Không,Không,Không,Không,Không,Không,Không,Không,Không,Không,Không,Không,Không,Không,Không,Không,Không,Không,170.6,115,135,144,153,1.020,3.285,11.880,4.980,0.024,1.308,1.212,3.360,3.144,3.072,1541,0,0,Đúng,118,Không,Không,113,92.0,Không,Không,8827,12973,45315,129,87.0,100.0,Không,Không,46182,41441,100.0,69.0,100.0,9.109,2.135,18034,20768,0.1,0.0,0.1,0.039,0.075,358,657,0.3,0.4,0.7,0.449,0.899,23413,76751,113.3,127.7,181.4,0.781,6.355,4.927,12.000,0.076,6.024,6.279,0.255,19.600,19.600,1151.5,1050.0,1025.0,766.1,1047.6,6.0,8.0,0.0,1.0,40.9,5.7,11.4,0.0,50,Đúng,Không,Không,Không,Không,Đúng,Không,6,0,0,0,0,0,0,0,0,175,0,0,0,0,0,0,0,0,0,0,0,0,0,0,0,0,0,0,0,0,2421,1675,1598,126,8.0,75.0,77.6,72.9,71.8,71.7,71.7,75.0,75.3,74.7,74.6,74.6,74.6,13.33,13.72,12.86,12.63,13.94,13.94,0.54,1.30,13.20,0.13,0.11,16600,1502,117.1,1.6,0,32.0,52,
8.10.2026,19:55:55.577,29899,66219,31.1,24095,24919,49.1,1.0,47104,461,1.047,1.049,1.061,1.060,1.023,1.050,1.039,3984.3,3984.3,3984.3,3984.3,3984.3,3984.3,3984.3,99.6,3685.5,996.1,1270.5,1271.4,818.7,1957.4,813.1,1578.0,802.0,1208.1,2178.0,1620.9,841.3,1362.5,794.7,1270.5,31.9,34.5,23.2,49.8,20.7,46.6,20.3,30.1,50.9,26.8,26.7,32.5,20.7,50.9,31.9,100.0,45.3,49.5,33.1,70.2,29.7,65.8,29.1,42.9,71.0,39.0,37.8,46.4,29.6,45.3,40.0,40.0,40.0,40.0,40.0,40.0,40.0,37.0,134,138,135,126,138,138,127,78,74,77,86,74,74,85,138,138,Không,Không,Không,Không,Không,Không,Không,Không,Không,Không,Không,Không,Không,Không,Không,Không,Không,Không,Không,Không,Không,Không,Không,Không,140,140,44.204,30.591,29.320,1.304,65.0,85.0,134.0,134.0,45.000,31.8,31.9,20.5,49.0,20.4,39.5,20.1,30.3,54.6,40.6,21.1,34.1,19.9,33.9,37.7,31.7,34.5,19.3,38.3,41.9,1593.7,16.00,22,22,22,52,74,880,2,Đúng,Không,Không,Không,Không,Không,Không,Không,Không,Không,Không,Không,Đúng,Đúng,Không,Không,Không,Không,Không,Không,Không,Không,Không,Không,Không,Không,Không,Không,Không,Không,Không,Không,Không,Không,Không,Không,Không,Không,Không,Không,Không,168.8,115,135,140,153,1.008,3.344,11.880,4.980,0.024,1.308,1.212,3.360,3.144,3.072,1555,0,0,Đúng,118,Không,Không,113,92.0,Không,Không,8827,12973,45315,129,87.0,100.0,Không,Không,46182,41441,100.0,100.0,100.0,2.219,2.366,18082,20781,0.0,0.0,0.0,0.000,0.042,358,657,0.7,0.2,0.8,0.772,0.181,23434,76753,113.8,128.2,181.4,0.781,6.357,4.928,12.000,0.076,6.024,6.282,0.258,19.600,19.600,1151.5,1050.0,1025.0,1142.9,1047.2,5.0,7.0,0.0,1.0,41.2,1.5,3.1,0.0,50,Đúng,Không,Không,Không,Không,Đúng,Không,6,0,0,0,0,0,0,0,0,175,0,0,0,0,0,0,0,0,0,0,0,0,0,0,0,0,0,0,0,0,2408,1688,1611,126,8.0,75.0,75.7,74.3,74.2,74.2,74.2,75.0,75.4,74.6,74.6,74.6,74.6,13.33,13.48,13.17,13.16,13.49,13.49,0.28,1.47,13.21,0.12,0.07,16600,1502,123.4,4.1,0,32.0,52,
8.10.2026,19:55:58.783,29855,66263,31.0,24066,24948,49.1,1.0,47104,461,1.051,1.056,1.048,1.048,1.052,1.052,1.047,3984.3,3984.3,3984.3,3984.3,3984.3,3984.3,3984.3,99.6,3685.5,996.1,1503.1,1539.6,996.1,1725.9,923.1,1402.5,1714.5,1501.3,2153.7,2053.3,867.0,1804.7,1355.1,1503.1,36.9,39.0,24.9,42.9,22.7,49.8,33.8,39.6,51.0,47.0,22.7,44.0,24.9,51.0,36.9,100.0,53.0,56.9,35.9,62.3,33.3,70.5,48.2,56.6,71.5,67.2,33.2,63.1,36.7,53.0,40.0,40.0,40.0,40.0,40.0,40.0,40.0,37.0,136,136,144,138,129,131,135,76,76,68,74,83,81,77,142,144,Không,Không,Không,Không,Không,Không,Không,Không,Không,Không,Không,Không,Không,Không,Không,Không,Không,Không,Không,Không,Không,Không,Không,Không,144,144,43.243,34.103,32.777,1.360,65.0,85.0,134.0,134.0,45.000,37.7,38.6,25.0,43.2,23.1,35.1,43.0,37.6,54.0,51.4,21.7,45.2,34.0,21.6,23.4,25.5,23.4,11.0,19.1,27.1,1593.7,16.00,22,22,22,52,74,880,2,Đúng,Không,Không,Không,Không,Không,Không,Không,Không,Không,Không,Không,Đúng,Đúng,Không,Không,Không,Không,Không,Không,Không,Không,Không,Không,Không,Không,Không,Không,Không,Không,Không,Không,Không,Không,Không,Không,Không,Không,Không,Không,Không,168.8,115,135,140,153,1.020,3.285,11.952,4.980,0.024,1.308,1.212,3.360,3.144,3.072,1544,0,0,Đúng,118,Không,Không,113,92.0,Không,Không,8827,12973,45315,129,87.0,100.0,Không,Không,46182,41441,100.0,97.4,100.0,6.569,2.767,18108,20789,0.0,0.0,0.0,0.000,0.056,358,658,0.8,0.1,1.0,1.208,0.088,23437,76755,113.7,128.1,181.4,0.781,6.352,4.926,12.000,0.076,6.024,6.276,0.252,19.600,19.600,1151.5,1050.0,1025.0,1142.9,1048.9,9.0,10.0,0.0,1.0,41.0,2.7,5.3,0.0,50,Đúng,Không,Không,Không,Không,Đúng,Không,6,0,0,0,0,0,0,0,0,175,0,0,0,0,0,0,0,0,0,0,0,0,0,0,0,0,0,0,0,0,2417,1679,1602,125,8.0,75.0,76.3,73.5,73.3,73.3,73.3,75.0,75.3,74.6,74.5,74.5,74.5,13.33,13.63,13.09,13.04,13.70,13.70,0.32,1.47,13.21,0.13,0.09,16601,1502,164.6,9.4,0,32.0,52,
8.10.2026,19:56:2.735,29866,66252,31.0,24079,24935,49.1,1.0,47104,461,1.053,1.059,1.056,1.057,1.033,1.049,1.064,3984.3,3984.3,3984.3,3984.3,3984.3,3984.3,3984.3,99.6,3685.5,996.1,1315.5,1714.9,823.4,1639.9,1030.5,1371.5,809.0,978.0,2378.3,1189.5,1018.8,1218.7,1613.2,1315.5,33.7,43.3,20.3,40.9,25.4,34.2,19.8,24.1,59.5,29.3,35.5,38.8,33.4,59.5,33.7,100.0,48.8,62.7,30.0,59.3,37.2,50.1,29.6,35.6,83.2,43.1,50.7,55.8,48.6,48.8,40.0,40.0,40.0,40.0,40.0,40.0,40.0,37.0,130,133,133,126,126,127,136,82,79,79,86,86,85,76,135,136,Không,Không,Không,Không,Không,Không,Không,Không,Không,Không,Không,Không,Không,Không,Không,Không,Không,Không,Không,Không,Không,Không,Không,Không,142,142,42.282,32.705,31.408,1.322,65.0,85.0,134.0,134.0,43.000,33.0,43.0,20.6,41.1,25.8,34.4,20.3,24.5,59.6,29.8,25.5,30.5,40.4,27.9,24.2,33.2,32.8,18.2,30.5,28.3,1593.7,16.00,22,22,22,52,74,880,2,Đúng,Không,Không,Không,Không,Không,Không,Không,Không,Không,Không,Không,Đúng,Đúng,Không,Không,Không,Không,Không,Không,Không,Không,Không,Không,Không,Không,Không,Không,Không,Không,Không,Không,Không,Không,Không,Không,Không,Không,Không,Không,Không,168.8,115,135,142,153,1.008,3.344,11.880,4.950,0.024,1.296,1.212,3.360,3.144,3.072,1544,0,0,Đúng,118,Không,Không,113,92.0,Không,Không,8827,12973,45315,129,87.0,100.0,Không,Không,46182,41441,100.0,100.0,100.0,10.191,2.345,18138,20797,0.0,0.0,0.0,0.000,0.090,359,658,0.5,0.5,1.0,0.708,0.928,23440,76758,113.8,128.2,181.4,0.781,6.372,4.934,12.000,0.076,6.024,6.296,0.273,19.600,19.600,1151.5,1050.0,1025.0,1143.0,1048.8,5.0,7.0,0.0,1.0,40.9,1.6,3.2,0.0,50,Đúng,Không,Không,Không,Không,Đúng,Không,6,0,0,0,0,0,0,0,0,175,0,0,0,0,0,0,0,0,0,0,0,0,0,0,0,0,0,0,0,0,2419,1677,1600,126,8.0,75.0,76.3,73.7,72.9,72.8,72.8,75.0,75.3,74.7,74.7,74.7,74.7,13.33,13.57,13.09,12.99,13.75,13.75,0.29,1.66,13.21,0.12,0.09,16602,1503,178.3,5.5,0,32.0,52,
8.10.2026,19:56:5.449,29886,66232,31.0,24083,24931,49.1,1.0,47104,461,1.047,1.042,1.063,1.048,1.034,1.045,1.048,3984.3,3984.3,3984.3,3984.3,3984.3,3984.3,3984.3,99.6,3685.5,996.1,2027.2,2252.9,1722.8,2566.3,1647.0,2393.0,1749.9,2311.9,1812.8,2624.6,1193.8,2483.3,1567.8,2027.2,53.9,59.8,45.5,66.8,43.6,62.1,45.9,59.9,46.1,55.8,39.3,78.3,43.4,78.3,53.9,100.0,76.6,85.1,65.0,94.8,62.5,87.8,65.3,85.2,65.2,79.9,56.4,109.7,62.0,76.6,40.0,40.0,40.0,40.0,40.0,40.0,40.0,37.0,132,126,127,133,142,140,127,80,86,85,79,70,72,85,142,142,Không,Không,Không,Không,Không,Không,Không,Không,Không,Không,Không,Không,Không,Không,Không,Không,Không,Không,Không,Không,Không,Không,Không,Không,144,144,33.633,41.927,40.459,1.503,65.0,85.0,134.0,134.0,21.000,50.8,56.4,43.2,64.3,41.3,60.0,43.8,57.9,45.4,65.8,29.9,62.2,39.3,7.5,7.6,7.1,7.1,4.4,8.8,9.9,1593.7,16.00,22,22,22,52,74,880,2,Đúng,Không,Không,Không,Không,Không,Không,Không,Không,Không,Không,Không,Đúng,Đúng,Không,Không,Không,Không,Không,Không,Không,Không,Không,Không,Không,Không,Không,Không,Không,Không,Không,Không,Không,Không,Không,Không,Không,Không,Không,Không,Không,168.8,115,135,138,153,1.008,3.285,11.880,5.010,0.024,1.308,1.212,3.360,3.144,3.072,1537,0,0,Đúng,118,Không,Không,113,92.0,Không,Không,8827,12973,45315,129,87.0,100.0,Không,Không,46182,41441,100.0,66.8,100.0,3.851,2.260,18148,20803,0.1,0.0,0.1,0.044,0.070,359,658,0.9,0.6,1.5,1.216,1.150,23443,76761,113.9,128.3,181.4,0.781,6.352,4.926,12.000,0.076,6.024,6.276,0.252,19.600,19.600,1151.5,1050.0,1025.0,1142.9,1045.4,5.0,7.0,0.0,1.0,40.9,1.6,3.2,0.0,50,Đúng,Không,Không,Không,Không,Đúng,Không,6,0,0,0,0,0,0,0,0,175,0,0,0,0,0,0,0,0,0,0,0,0,0,0,0,0,0,0,0,0,2419,1677,1600,126,8.0,75.0,76.3,73.9,73.7,73.7,73.7,75.0,75.3,74.7,74.7,74.7,74.7,13.33,13.56,13.08,13.08,13.60,13.60,0.28,1.65,13.22,0.12,0.08,16602,1503,54.2,7.2,0,32.0,52,
8.10.2026,19:56:9.215,29895,66223,31.1,24103,24911,49.1,1.0,47104,461,1.040,1.033,1.048,1.042,1.042,1.036,1.041,3984.3,3984.3,3984.3,3984.3,3984.3,3984.3,3984.3,99.6,3685.5,996.1,1958.2,2241.9,1513.8,2144.0,1629.0,2337.9,1651.9,2290.4,2547.4,1837.4,1485.7,2058.0,1760.6,1958.2,52.1,59.5,40.7,56.1,43.2,61.3,43.5,59.2,59.6,51.5,41.9,59.0,49.9,61.3,52.1,100.0,73.9,84.2,58.1,79.9,61.5,86.9,61.9,83.4,83.6,73.6,59.8,83.1,70.4,73.9,40.0,40.0,40.0,40.0,40.0,40.0,40.0,37.0,128,122,135,135,129,124,124,84,90,77,77,83,88,88,145,135,Không,Không,Không,Không,Không,Không,Không,Không,Không,Không,Không,Không,Không,Không,Không,Không,Không,Không,Không,Không,Không,Không,Không,Không,138,138,31.711,40.706,39.246,1.483,65.0,85.0,134.0,134.0,37.000,49.1,56.1,37.9,53.7,40.8,58.6,41.4,57.4,63.8,46.0,37.2,51.5,44.1,12.8,11.5,12.7,10.1,4.7,20.1,17.4,1593.7,16.00,22,22,22,52,74,880,2,Đúng,Không,Không,Không,Không,Không,Không,Không,Không,Không,Không,Không,Đúng,Đúng,Không,Không,Không,Không,Không,Không,Không,Không,Không,Không,Không,Không,Không,Không,Không,Không,Không,Không,Không,Không,Không,Không,Không,Không,Không,Không,Không,168.8,115,135,138,153,1.020,3.344,11.880,4.980,0.024,1.308,1.212,3.360,3.144,3.072,1555,0,0,Đúng,118,Không,Không,113,92.0,Không,Không,8827,12973,45315,129,87.0,100.0,Không,Không,46182,41441,100.0,100.0,100.0,5.141,4.224,18166,20815,0.2,0.0,0.2,0.085,0.077,359,658,0.9,2.4,3.3,0.734,7.622,23449,76789,114.0,128.4,181.4,0.781,6.350,4.925,12.000,0.076,6.024,6.273,0.251,19.600,19.600,1151.5,1050.0,1025.0,1142.8,1047.7,5.0,7.0,0.0,1.0,40.9,1.5,3.0,0.0,50,Đúng,Không,Không,Không,Không,Đúng,Không,6,0,0,0,0,0,0,0,0,175,0,0,0,0,0,0,0,0,0,0,0,0,0,0,0,0,0,0,0,0,2419,1677,1600,127,8.0,75.0,76.3,73.6,73.4,73.3,73.3,75.0,75.3,74.7,74.5,74.5,74.5,13.33,13.59,13.08,13.07,13.61,13.61,0.28,1.65,13.22,0.12,0.09,16602,1503,129.4,9.0,0,32.0,52,
8.10.2026,19:56:12.489,29877,66241,31.0,24082,24932,49.1,1.0,47104,461,1.049,1.051,1.048,1.058,1.032,1.046,1.057,3984.3,3984.3,3984.3,3984.3,3984.3,3984.3,3984.3,99.6,3685.5,996.1,1764.6,2061.1,1263.3,1944.4,1582.2,1903.9,1584.1,1755.7,1789.1,2892.8,1076.4,1939.2,1382.6,1764.6,46.6,55.5,33.6,50.9,41.1,50.0,41.8,45.8,49.7,72.5,30.0,51.5,36.3,72.5,46.6,100.0,66.0,78.5,47.8,72.6,58.3,71.1,59.4,65.3,70.0,101.5,42.9,73.1,51.6,66.0,40.0,40.0,40.0,40.0,40.0,40.0,40.0,37.0,133,131,133,133,131,142,127,79,81,79,79,81,70,85,142,142,Không,Không,Không,Không,Không,Không,Không,Không,Không,Không,Không,Không,Không,Không,Không,Không,Không,Không,Không,Không,Không,Không,Không,Không,144,144,47.087,33.581,32.258,1.346,65.0,85.0,134.0,134.0,48.000,44.2,51.7,31.7,48.7,39.6,47.7,39.7,44.0,44.8,72.5,27.0,48.6,34.6,15.6,14.6,21.0,19.2,15.5,5.9,17.1,1593.7,16.00,22,22,22,52,74,880,2,Đúng,Không,Không,Không,Không,Không,Không,Không,Không,Không,Không,Không,Đúng,Đúng,Không,Không,Không,Không,Không,Không,Không,Không,Không,Không,Không,Không,Không,Không,Không,Không,Không,Không,Không,Không,Không,Không,Không,Không,Không,Không,Không,170.6,115,135,140,153,1.032,3.324,11.808,4.950,0.024,1.320,1.212,3.360,3.144,3.072,1516,0,0,Đúng,118,Không,Không,113,92.0,Không,Không,8827,12973,45315,129,87.0,100.0,Không,Không,46182,41441,100.0,95.3,100.0,4.787,3.038,18183,20822,0.0,0.2,0.2,0.000,0.096,359,658,0.5,1.0,1.5,0.640,1.833,23452,76792,113.9,128.3,181.4,0.781,6.351,4.925,12.000,0.076,6.024,6.276,0.252,19.600,19.600,1151.5,1050.0,1025.0,1142.9,1047.6,5.0,7.0,0.0,1.0,40.9,1.5,3.0,0.0,50,Đúng,Không,Không,Không,Không,Đúng,Không,6,0,0,0,0,0,0,0,0,175,0,0,0,0,0,0,0,0,0,0,0,0,0,0,0,0,0,0,0,0,2419,1677,1600,127,8.0,75.0,76.6,73.9,73.7,73.6,73.6,75.0,75.6,74.4,74.3,74.3,74.3,13.33,13.56,13.02,12.96,13.61,13.61,0.29,1.46,13.21,0.12,0.08,16603,1503,4.9,6.2,0,32.0,52,
8.10.2026,19:56:15.772,29904,66214,31.1,24105,24909,49.1,1.0,47104,461,1.045,1.052,1.039,1.037,1.046,1.046,1.051,3984.3,3984.3,3984.3,3984.3,3984.3,3984.3,3984.3,99.6,3685.5,996.1,1898.9,2088.3,1321.6,2142.1,1666.3,2258.2,1534.7,1887.5,1981.4,2972.3,1316.6,1966.4,1651.0,1898.9,49.0,54.7,33.6,54.4,42.1,57.3,36.8,49.1,52.6,78.9,33.7,52.4,42.7,78.9,49.0,100.0,70.2,78.3,49.0,78.5,60.6,81.9,53.3,70.4,74.5,110.8,48.2,75.3,61.4,70.2,40.0,40.0,40.0,40.0,40.0,40.0,40.0,37.0,133,126,133,142,136,131,133,79,86,79,70,76,81,79,144,142,Không,Không,Không,Không,Không,Không,Không,Không,Không,Không,Không,Không,Không,Không,Không,Không,Không,Không,Không,Không,Không,Không,Không,Không,144,144,49.970,39.287,37.851,1.469,65.0,85.0,134.0,134.0,49.000,47.6,52.2,33.1,53.7,41.7,56.6,38.5,47.3,49.6,74.5,33.0,49.3,41.4,15.4,18.1,18.0,17.9,13.4,5.9,19.0,1593.7,16.00,22,22,22,52,74,880,2,Đúng,Không,Không,Không,Không,Không,Không,Không,Không,Không,Không,Không,Đúng,Đúng,Không,Không,Không,Không,Không,Không,Không,Không,Không,Không,Không,Không,Không,Không,Không,Không,Không,Không,Không,Không,Không,Không,Không,Không,Không,Không,Không,168.8,115,135,142,153,1.008,3.285,11.880,4.980,0.024,1.308,1.212,3.360,3.144,3.072,1544,0,0,Đúng,118,Không,Không,113,92.0,Không,Không,8827,12973,45315,129,87.0,100.0,Không,Không,46182,41441,100.0,40.0,100.0,11.750,0.860,18205,20824,0.0,0.0,0.1,0.019,0.069,359,659,1.0,0.9,1.9,1.354,1.617,23455,76795,114.2,128.6,181.4,0.781,6.392,4.942,12.000,0.076,6.024,6.315,0.293,19.600,19.600,1151.5,1050.0,1025.0,1142.9,1046.8,15.0,15.0,0.0,1.0,41.0,2.4,4.8,0.0,50,Đúng,Không,Không,Không,Không,Đúng,Không,6,0,0,0,0,0,0,0,0,175,0,0,0,0,0,0,0,0,0,0,0,0,0,0,0,0,0,0,0,0,2416,1680,1606,127,8.0,75.0,76.5,73.5,73.3,73.3,73.3,75.0,75.3,74.6,74.5,74.4,74.4,13.33,13.63,13.04,12.99,13.70,13.70,0.27,1.65,13.21,0.12,0.09,16604,1503,135.5,7.9,0,32.0,52,
8.10.2026,19:56:18.863,29878,66240,31.0,24104,24910,49.1,1.0,47104,461,1.041,1.051,1.052,1.039,1.038,1.048,1.017,3984.3,3984.3,3984.3,3984.3,3984.3,3984.3,3984.3,99.6,3685.5,996.1,1767.8,2306.3,1107.5,2116.0,1943.7,1973.2,1348.7,2511.3,1143.5,1554.5,1399.5,2456.7,1352.1,1767.8,45.6,59.1,28.2,53.8,43.5,51.2,36.1,67.4,29.3,41.2,38.6,62.6,36.7,67.4,45.6,100.0,64.8,83.6,40.4,76.3,61.3,73.2,51.5,94.9,41.6,59.4,54.8,88.2,52.1,64.8,40.0,40.0,40.0,40.0,40.0,40.0,40.0,37.0,131,127,144,131,127,127,131,81,85,68,81,85,85,81,145,144,Không,Không,Không,Không,Không,Không,Không,Không,Không,Không,Không,Không,Không,Không,Không,Không,Không,Không,Không,Không,Không,Không,Không,Không,144,144,47.087,38.977,37.556,1.451,65.0,85.0,134.0,134.0,47.000,44.3,57.8,27.7,53.0,48.7,49.4,33.8,62.9,28.7,38.9,35.1,61.5,33.9,11.2,5.1,5.5,16.2,9.9,24.6,6.0,1593.7,16.00,22,22,22,52,74,880,2,Đúng,Không,Không,Không,Không,Không,Không,Không,Không,Không,Không,Không,Đúng,Đúng,Không,Không,Không,Không,Không,Không,Không,Không,Không,Không,Không,Không,Không,Không,Không,Không,Không,Không,Không,Không,Không,Không,Không,Không,Không,Không,Không,168.8,115,135,144,153,1.008,3.285,11.880,4.980,0.024,1.308,1.212,3.360,3.144,3.072,1548,0,0,Đúng,118,Không,Không,113,92.0,Không,Không,8827,12973,45315,129,87.0,100.0,Không,Không,46182,41441,100.0,100.0,100.0,9.148,2.836,18237,20835,0.0,0.0,0.0,0.000,0.049,359,659,0.4,0.6,1.0,0.519,1.200,23457,76799,114.1,128.5,181.4,0.781,6.361,4.929,12.000,0.076,6.024,6.285,0.262,19.600,19.600,1151.5,1050.0,1025.0,1142.8,1049.7,6.0,8.0,0.0,1.0,41.1,1.9,3.8,0.0,50,Đúng,Không,Không,Không,Không,Đúng,Không,6,0,0,0,0,0,0,0,0,175,0,0,0,0,0,0,0,0,0,0,0,0,0,0,0,0,0,0,0,0,2413,1683,1603,126,8.0,75.0,75.9,73.7,73.3,73.3,73.3,75.0,75.3,74.7,74.6,74.6,74.6,13.34,13.60,13.14,13.13,13.66,13.66,0.30,1.62,13.21,0.12,0.08,16605,1503,227.0,9.2,0,32.0,52,
8.10.2026,19:56:22.727,29882,66237,31.0,24100,24914,49.1,1.0,47104,461,1.044,1.055,1.048,1.042,1.041,1.035,1.044,3984.3,3984.3,3984.3,3984.3,3984.3,3984.3,3984.3,99.6,3685.5,996.1,1406.5,2115.0,1467.2,1710.2,868.0,1667.0,1053.6,1208.3,1437.5,1766.0,823.8,1924.3,836.8,1406.5,35.9,53.6,36.7,43.1,21.6,41.9,26.5,32.7,37.1,45.0,22.3,47.6,22.8,53.6,35.9,100.0,51.6,75.8,52.1,62.1,31.9,59.9,38.5,47.4,52.7,64.3,32.7,67.7,33.5,51.6,40.0,40.0,40.0,40.0,40.0,40.0,40.0,37.0,129,127,133,126,127,126,136,83,85,79,86,85,86,76,138,136,Không,Không,Không,Không,Không,Không,Không,Không,Không,Không,Không,Không,Không,Không,Không,Không,Không,Không,Không,Không,Không,Không,Không,Không,144,144,41.321,33.520,32.181,1.356,65.0,85.0,134.0,134.0,46.000,35.2,53.0,36.8,42.9,21.7,41.8,26.4,30.3,36.0,44.2,20.6,48.2,21.0,29.1,8.6,34.2,33.9,34.6,33.8,29.2,1593.7,16.00,22,22,22,52,74,880,2,Đúng,Không,Không,Không,Không,Không,Không,Không,Không,Không,Không,Không,Đúng,Đúng,Không,Không,Không,Không,Không,Không,Không,Không,Không,Không,Không,Không,Không,Không,Không,Không,Không,Không,Không,Không,Không,Không,Không,Không,Không,Không,Không,168.8,115,135,138,153,1.020,3.285,11.880,4.980,0.024,1.308,1.212,3.360,3.144,3.072,1548,0,0,Đúng,118,Không,Không,113,92.0,Không,Không,8827,12973,45315,129,87.0,100.0,Không,Không,46182,41441,100.0,89.7,100.0,34.173,2.184,18312,20842,0.2,0.0,0.2,0.061,0.061,359,659,0.4,0.6,1.0,0.289,0.758,23478,76802,114.2,128.6,181.4,0.781,6.363,4.930,12.000,0.076,6.024,6.287,0.263,19.600,19.600,1151.5,1050.0,1025.0,1143.0,1050.8,10.0,11.0,0.0,1.0,41.0,1.6,3.2,0.0,50,Đúng,Không,Không,Không,Không,Đúng,Không,6,0,0,0,0,0,0,0,0,175,0,0,0,0,0,0,0,0,0,0,0,0,0,0,0,0,0,0,0,0,2416,1680,1606,126,8.0,75.0,76.1,74.2,73.8,73.7,73.7,75.0,75.2,74.8,74.7,74.7,74.7,13.34,13.50,13.12,13.11,13.57,13.57,0.27,1.49,13.22,0.12,0.08,16605,1503,85.8,8.4,0,32.0,52,
8.10.2026,19:56:26.795,29927,66191,31.1,24141,24873,49.2,1.0,47104,461,1.050,1.053,1.047,1.049,1.051,1.049,1.050,3984.3,3984.3,3984.3,3984.3,3984.3,3984.3,3984.3,99.6,3685.5,996.1,1417.0,1799.4,807.7,1464.5,906.1,3036.9,1254.4,1650.1,1009.0,1494.6,928.6,1420.3,1232.4,1417.0,35.1,45.7,20.5,36.9,22.6,76.1,31.3,39.7,26.7,42.1,20.2,31.9,27.6,76.1,35.1,100.0,50.1,65.3,29.7,53.2,32.8,105.5,44.2,56.9,38.2,60.2,29.3,46.0,39.4,50.1,40.0,40.0,40.0,40.0,40.0,40.0,40.0,37.0,136,133,136,140,136,135,138,76,79,76,72,76,77,74,136,140,Không,Không,Không,Không,Không,Không,Không,Không,Không,Không,Không,Không,Không,Không,Không,Không,Không,Không,Không,Không,Không,Không,Không,Không,138,138,49.970,33.043,31.748,1.337,65.0,85.0,134.0,134.0,50.000,35.5,45.1,20.2,36.7,22.7,76.1,31.4,41.3,25.3,37.4,23.3,35.6,30.9,31.0,28.3,41.8,9.1,32.0,36.4,38.1,1593.7,16.00,22,22,22,52,74,880,2,Đúng,Không,Không,Không,Không,Không,Không,Không,Không,Không,Không,Không,Đúng,Đúng,Không,Không,Không,Không,Không,Không,Không,Không,Không,Không,Không,Không,Không,Không,Không,Không,Không,Không,Không,Không,Không,Không,Không,Không,Không,Không,Không,168.8,115,135,140,153,1.020,3.285,11.880,4.980,0.024,1.308,1.212,3.360,3.144,3.072,1544,0,0,Đúng,118,Không,Không,113,92.0,Không,Không,8827,12973,45315,129,87.0,100.0,Không,Không,46182,41441,100.0,94.1,100.0,21.969,2.277,18424,20849,0.1,0.0,0.2,0.067,0.080,359,659,8.6,0.1,8.7,10.948,0.109,23500,76810,114.2,128.6,181.4,0.781,6.353,4.926,12.000,0.076,6.024,6.277,0.253,19.600,19.600,1151.5,1050.0,1025.0,1143.1,1045.3,5.0,7.0,0.0,1.0,41.1,1.5,3.0,0.0,50,Đúng,Không,Không,Không,Không,Đúng,Không,6,0,0,0,0,0,0,0,0,175,0,0,0,0,0,0,0,0,0,0,0,0,0,0,0,0,0,0,0,0,2413,1683,1606,126,8.0,75.0,76.7,73.4,73.4,73.4,73.4,75.0,75.6,74.3,74.0,73.9,73.9,13.34,13.63,13.01,12.95,13.65,13.65,0.29,1.65,13.21,0.13,0.11,16605,1503,7.3,9.9,0,32.0,52,
8.10.2026,19:56:30.555,29912,66206,31.1,24115,24899,49.2,1.0,47104,461,1.050,1.050,1.050,1.049,1.054,1.049,1.049,3984.3,3984.3,3984.3,3984.3,3984.3,3984.3,3984.3,99.6,3685.5,996.1,1510.3,2131.4,975.9,2075.6,918.7,1567.2,1178.2,1417.1,2124.2,1278.5,1523.1,1702.5,1230.7,1510.3,38.4,54.2,24.3,52.4,22.7,39.6,29.6,35.8,52.8,32.2,42.8,43.4,31.1,54.2,38.4,100.0,55.0,76.8,35.2,74.6,33.4,57.0,42.9,51.4,74.1,46.9,60.6,62.3,44.8,55.0,40.0,40.0,40.0,40.0,40.0,40.0,40.0,37.0,132,129,144,131,136,127,127,80,83,68,81,76,85,85,145,144,Không,Không,Không,Không,Không,Không,Không,Không,Không,Không,Không,Không,Không,Không,Không,Không,Không,Không,Không,Không,Không,Không,Không,Không,140,140,49.970,35.363,34.064,1.340,65.0,85.0,134.0,134.0,48.000,37.8,53.4,24.5,52.0,23.0,39.3,29.5,35.5,53.2,32.0,38.2,42.7,30.8,27.4,19.8,30.3,32.6,23.3,26.8,31.9,1593.7,16.00,22,22,22,52,74,880,2,Đúng,Không,Không,Không,Không,Không,Không,Không,Không,Không,Không,Không,Đúng,Đúng,Không,Không,Không,Không,Không,Không,Không,Không,Không,Không,Không,Không,Không,Không,Không,Không,Không,Không,Không,Không,Không,Không,Không,Không,Không,Không,Không,168.8,115,135,140,153,1.044,3.285,11.880,4.980,0.024,1.308,1.212,3.360,3.144,3.072,1558,0,0,Đúng,118,Không,Không,113,92.0,Không,Không,8827,12973,45315,129,87.0,100.0,Không,Không,46182,41441,100.0,97.9,100.0,9.132,2.406,18476,20857,0.1,0.1,0.1,0.032,0.127,360,660,0.9,0.2,1.1,1.469,0.327,23504,76816,114.2,128.6,181.4,0.781,6.354,4.927,12.000,0.076,6.024,6.279,0.255,19.600,19.600,1151.5,1050.0,1025.0,1143.0,1048.1,5.0,8.0,0.0,1.0,41.1,1.5,3.0,0.0,50,Đúng,Không,Không,Không,Không,Đúng,Không,6,0,0,0,0,0,0,0,0,175,0,0,0,0,0,0,0,0,0,0,0,0,0,0,0,0,0,0,0,0,2413,1683,1603,126,8.0,75.0,76.8,73.6,72.8,72.8,72.8,75.0,75.4,74.6,74.2,74.2,74.2,13.34,13.62,12.96,12.94,13.82,13.82,0.28,1.48,13.21,0.12,0.10,16605,1503,2.3,3.8,0,32.0,52,
8.10.2026,19:56:34.633,29936,66182,31.1,24138,24876,49.2,1.0,47104,461,1.054,1.051,1.058,1.058,1.050,1.055,1.051,3984.3,3984.3,3984.3,3984.3,3984.3,3984.3,3984.3,99.6,3685.5,996.1,1444.8,1693.9,840.5,1619.7,1067.3,1274.8,1131.0,1348.9,1123.7,3100.1,906.0,2062.5,1169.0,1444.8,36.9,43.8,22.8,41.4,27.3,33.7,50.3,33.5,27.3,63.3,23.5,51.0,25.5,63.3,36.9,100.0,52.4,62.3,32.5,59.2,38.9,48.2,70.4,48.4,38.9,88.5,33.7,71.8,36.1,52.4,40.0,40.0,40.0,40.0,40.0,40.0,40.0,37.0,134,140,136,135,129,129,136,78,72,76,77,83,83,76,140,140,Không,Không,Không,Không,Không,Không,Không,Không,Không,Không,Không,Không,Không,Không,Không,Không,Không,Không,Không,Không,Không,Không,Không,Không,145,145,53.813,33.464,32.063,1.447,65.0,85.0,134.0,134.0,45.000,36.2,42.4,21.1,40.6,26.7,31.9,28.3,33.8,28.2,77.7,22.7,51.7,29.3,28.0,29.6,39.9,25.8,38.3,10.4,24.1,1593.7,16.00,22,22,22,52,74,880,2,Đúng,Không,Không,Không,Không,Không,Không,Không,Không,Không,Không,Không,Đúng,Đúng,Không,Không,Không,Không,Không,Không,Không,Không,Không,Không,Không,Không,Không,Không,Không,Không,Không,Không,Không,Không,Không,Không,Không,Không,Không,Không,Không,170.6,115,135,142,153,1.044,3.285,11.880,4.980,0.024,1.308,1.212,3.360,3.144,3.072,1544,0,0,Đúng,118,Không,Không,113,92.0,Không,Không,8827,12973,45315,129,87.0,100.0,Không,Không,46182,41441,100.0,91.8,100.0,9.422,1.888,18516,20864,0.2,0.0,0.2,0.086,0.014,360,660,1.3,0.4,1.7,1.599,0.914,23508,76819,113.3,127.7,181.4,0.675,6.284,4.899,12.000,0.076,6.024,6.208,0.184,19.600,19.600,696.0,810.0,658.0,784.0,805.7,8.0,9.0,0.0,3.0,41.0,2.1,4.2,0.0,50,Đúng,Không,Không,Không,Không,Đúng,Không,6,0,0,0,0,0,0,0,0,176,0,0,0,0,0,0,0,0,0,0,0,0,0,0,0,0,0,0,0,0,2416,1680,1603,126,5.0,75.0,76.0,73.9,73.9,73.9,73.9,75.0,75.4,74.6,74.3,74.3,74.3,13.33,13.56,13.11,13.08,13.58,13.58,0.35,1.65,13.21,0.12,0.08,16606,1503,9.5,6.8,0,32.0,52,
8.10.2026,19:56:38.886,29963,66155,31.1,24166,24848,49.3,1.0,47104,461,1.053,1.043,1.058,1.059,1.060,1.047,1.052,3984.3,3984.3,3984.3,3984.3,3984.3,3984.3,3984.3,99.6,3685.5,996.1,1564.9,1917.2,1097.2,2216.7,1195.4,1913.1,1269.6,1729.9,1438.7,928.6,1408.3,2382.7,1281.5,1564.9,43.8,49.8,28.9,56.6,30.6,50.7,33.9,44.8,36.2,30.4,69.3,53.6,40.7,69.3,43.8,100.0,62.1,71.0,41.3,80.1,43.9,72.1,48.5,63.9,51.5,43.7,96.4,75.6,57.6,62.1,40.0,40.0,40.0,40.0,40.0,40.0,40.0,37.0,135,133,138,133,140,131,133,77,79,74,79,72,81,79,138,140,Không,Không,Không,Không,Không,Không,Không,Không,Không,Không,Không,Không,Không,Không,Không,Không,Không,Không,Không,Không,Không,Không,Không,Không,144,144,41.321,39.283,36.894,2.417,65.0,85.0,134.0,134.0,38.000,39.2,48.0,27.5,55.5,30.0,47.9,31.8,43.3,36.0,23.3,35.3,59.7,32.1,17.4,16.1,17.2,24.1,28.5,8.1,10.1,1593.7,16.00,22,22,22,52,74,880,2,Đúng,Không,Không,Không,Không,Không,Không,Không,Không,Không,Không,Không,Đúng,Đúng,Không,Không,Không,Không,Không,Không,Không,Không,Không,Không,Không,Không,Không,Không,Không,Không,Không,Không,Không,Không,Không,Không,Không,Không,Không,Không,Không,168.8,115,135,142,153,1.020,3.285,11.952,4.980,0.024,1.308,1.212,3.360,3.144,3.072,1541,0,0,Đúng,118,Không,Không,113,92.0,Không,Không,8827,12973,45315,129,87.0,100.0,Không,Không,46182,41441,100.0,100.0,100.0,27.475,2.510,18581,20871,0.3,0.0,0.3,0.123,0.000,360,660,3.6,35.8,39.3,0.500,6.313,23511,76862,114.0,128.4,181.4,0.781,6.355,4.927,12.000,0.076,6.024,6.279,0.255,19.600,19.600,1151.5,1050.0,1025.0,523.2,1049.2,7.0,8.0,0.0,2.0,41.0,6.4,12.8,0.0,50,Đúng,Không,Không,Không,Không,Đúng,Không,6,0,0,0,0,0,0,0,0,178,0,0,0,0,0,0,0,0,0,0,0,0,0,0,0,0,0,0,0,0,2416,1680,1603,127,8.0,75.0,76.5,73.4,73.3,73.3,73.3,72.9,75.7,37.5,37.4,37.4,37.4,13.33,13.66,13.06,12.99,13.67,13.67,0.74,0.72,13.21,0.13,0.47,16607,1503,5.9,17.1,0,32.0,52,
8.10.2026,19:56:42.203,29938,66180,31.1,24135,24879,49.2,1.0,47104,461,1.050,1.047,1.050,1.052,1.052,1.051,1.050,3984.3,3984.3,3984.3,3984.3,3984.3,3984.3,3984.3,99.6,3685.5,996.1,1703.6,1997.0,1131.4,1998.2,1198.2,1776.6,1400.1,2296.2,1391.0,2769.7,1390.9,2015.4,1079.0,1703.6,43.6,52.0,29.3,51.1,30.5,45.7,35.7,58.7,35.9,70.5,35.3,51.5,27.5,70.5,43.6,100.0,61.9,74.0,42.0,72.7,43.7,65.3,51.0,82.6,50.9,98.4,50.0,73.2,39.5,61.9,40.0,40.0,40.0,40.0,40.0,40.0,40.0,37.0,138,136,144,140,136,140,133,74,76,68,72,76,72,79,144,144,Không,Không,Không,Không,Không,Không,Không,Không,Không,Không,Không,Không,Không,Không,Không,Không,Không,Không,Không,Không,Không,Không,Không,Không,144,144,39.399,43.692,42.211,1.513,65.0,85.0,134.0,134.0,40.000,42.7,50.0,28.3,50.1,30.0,44.5,35.1,57.5,34.9,69.4,34.9,50.5,27.0,17.8,18.3,23.1,20.6,13.8,5.9,25.1,1593.7,16.00,22,22,22,52,74,880,2,Đúng,Không,Không,Không,Không,Không,Không,Không,Không,Không,Không,Không,Đúng,Đúng,Không,Không,Không,Không,Không,Không,Không,Không,Không,Không,Không,Không,Không,Không,Không,Không,Không,Không,Không,Không,Không,Không,Không,Không,Không,Không,Không,168.8,115,135,142,153,1.044,3.245,11.952,5.010,0.024,1.308,1.212,3.360,3.144,3.072,1562,0,0,Đúng,118,Không,Không,113,92.0,Không,Không,8827,12973,45315,131,87.0,100.0,Không,Không,46182,41441,100.0,100.0,100.0,21.152,2.346,18651,20880,0.1,0.0,0.2,0.061,0.061,360,660,3.1,3.9,7.0,3.036,4.996,23522,76874,114.1,128.5,181.4,0.781,6.352,4.926,12.000,0.076,6.024,6.276,0.252,19.600,19.600,1151.5,1050.0,1025.0,1143.1,1046.3,5.0,7.0,0.0,1.0,41.0,1.5,3.1,0.0,50,Đúng,Không,Không,Không,Không,Đúng,Không,6,0,0,0,0,0,0,0,0,178,0,0,0,0,0,0,0,0,0,0,0,0,0,0,0,0,0,0,0,0,2416,1680,1603,127,8.0,75.0,76.2,74.0,73.8,73.8,73.8,75.0,75.3,74.7,74.5,74.5,74.5,13.33,13.54,13.09,13.09,13.56,13.56,0.30,1.64,13.21,0.12,0.09,16607,1503,245.8,15.2,0,32.0,52,
8.10.2026,19:56:45.725,29961,66157,31.1,24151,24863,49.2,1.0,47104,461,1.042,1.050,1.034,1.040,1.060,1.048,1.016,3984.3,3984.3,3984.3,3984.3,3984.3,3984.3,3984.3,99.6,3685.5,996.1,1619.5,1763.8,1254.1,1641.7,1501.9,2038.0,1109.5,1733.8,1481.9,1881.0,1021.7,2862.5,1144.1,1619.5,41.7,47.0,32.3,42.5,38.9,52.4,28.7,44.6,37.9,48.4,26.9,71.1,30.1,71.1,41.7,100.0,59.5,67.1,46.0,61.2,55.5,74.7,41.4,63.8,53.9,68.9,38.8,99.8,43.0,59.5,40.0,40.0,40.0,40.0,40.0,40.0,40.0,37.0,132,133,131,131,129,129,136,80,79,81,81,83,83,76,136,136,Không,Không,Không,Không,Không,Không,Không,Không,Không,Không,Không,Không,Không,Không,Không,Không,Không,Không,Không,Không,Không,Không,Không,Không,145,145,46.126,36.418,35.034,1.405,65.0,85.0,134.0,134.0,47.000,40.6,44.2,31.4,41.1,37.6,51.1,27.8,43.4,37.1,47.1,25.6,71.7,28.7,20.4,21.9,25.7,18.0,20.6,27.6,8.6,1593.7,16.00,22,22,22,52,74,880,2,Đúng,Không,Không,Không,Không,Không,Không,Không,Không,Không,Không,Không,Đúng,Đúng,Không,Không,Không,Không,Không,Không,Không,Không,Không,Không,Không,Không,Không,Không,Không,Không,Không,Không,Không,Không,Không,Không,Không,Không,Không,Không,Không,168.8,115,135,138,153,1.008,3.245,11.952,5.010,0.024,1.308,1.212,3.360,3.144,3.072,1541,0,0,Đúng,118,Không,Không,113,92.0,Không,Không,8827,12973,45315,133,87.0,100.0,Không,Không,46182,41441,100.0,71.0,100.0,10.595,1.988,18673,20884,0.1,0.1,0.3,0.058,0.082,360,660,2.4,1.5,4.0,1.237,0.653,23525,76876,114.1,128.5,181.4,0.781,6.364,4.931,12.000,0.076,6.024,6.288,0.265,19.600,19.600,1151.5,1050.0,1025.0,1143.1,1047.1,6.0,7.0,0.0,2.0,41.0,1.6,3.1,0.0,50,Đúng,Không,Không,Không,Không,Đúng,Không,6,0,0,0,0,0,0,0,0,178,0,0,0,0,0,0,0,0,0,0,0,0,0,0,0,0,0,0,0,0,2416,1680,1603,127,8.0,75.0,76.7,73.3,72.7,72.6,72.6,75.0,75.4,74.7,74.6,74.6,74.6,13.33,13.69,12.99,12.93,13.85,13.85,0.27,1.65,13.21,0.12,0.10,16608,1503,136.6,10.5,0,33.8,52,
8.10.2026,19:56:49.650,29922,66196,31.1,24146,24868,49.2,1.0,47104,461,1.047,1.048,1.041,1.055,1.043,1.043,1.051,3984.3,3984.3,3984.3,3984.3,3984.3,3984.3,3984.3,99.6,3685.5,996.1,2106.1,2218.1,1313.2,2156.1,1778.9,2048.5,2193.4,2371.1,2047.0,2429.3,2390.1,2392.8,1934.8,2106.1,53.4,57.8,34.3,55.2,45.5,52.3,55.4,60.2,51.8,61.3,57.2,59.7,50.2,61.3,53.4,100.0,75.5,81.9,49.3,78.4,64.6,74.5,78.3,85.1,73.0,86.1,80.4,84.2,70.7,75.5,40.0,40.0,40.0,40.0,40.0,40.0,40.0,37.0,140,135,140,149,144,140,133,72,77,72,63,68,72,79,144,149,Không,Không,Không,Không,Không,Không,Không,Không,Không,Không,Không,Không,Không,Không,Không,Không,Không,Không,Không,Không,Không,Không,Không,Không,144,144,43.243,43.339,41.961,1.418,65.0,85.0,134.0,134.0,45.000,52.8,55.5,32.9,54.0,44.6,51.3,54.9,59.4,51.3,60.9,59.8,59.9,48.5,9.2,13.1,16.1,8.4,8.0,3.5,6.1,1593.7,16.00,22,22,22,52,74,880,2,Đúng,Không,Không,Không,Không,Không,Không,Không,Không,Không,Không,Không,Đúng,Đúng,Không,Không,Không,Không,Không,Không,Không,Không,Không,Không,Không,Không,Không,Không,Không,Không,Không,Không,Không,Không,Không,Không,Không,Không,Không,Không,Không,168.8,115,135,145,153,1.020,3.285,11.880,4.950,0.024,1.308,1.212,3.360,3.144,3.072,1588,0,0,Đúng,118,Không,Không,113,92.0,Không,Không,8827,12973,45315,133,87.0,100.0,Không,Không,46182,41441,100.0,92.9,100.0,9.730,2.495,18749,20891,0.0,0.0,0.0,0.000,0.036,361,660,3.5,0.5,3.9,3.667,2.888,23534,76886,114.3,128.8,181.4,0.781,6.360,4.929,12.000,0.076,6.024,6.284,0.261,19.600,19.600,1151.5,1050.0,1025.0,1143.0,1045.8,5.0,7.0,0.0,1.0,41.0,1.5,3.0,0.0,50,Đúng,Không,Không,Không,Không,Đúng,Không,6,0,0,0,0,0,0,0,0,178,0,0,0,0,0,0,0,0,0,0,0,0,0,0,0,0,0,0,0,0,2416,1680,1603,126,8.0,75.0,77.2,72.6,72.5,72.5,72.5,75.0,75.2,74.7,74.7,74.7,74.7,13.33,13.82,12.93,12.83,13.85,13.85,0.29,1.64,13.20,0.13,0.09,16608,1503,3.8,5.2,0,33.8,52,
8.10.2026,19:56:54.196,29914,66204,31.1,24140,24874,49.2,1.0,47104,461,1.049,1.047,1.047,1.050,1.052,1.051,1.049,3984.3,3984.3,3984.3,3984.3,3984.3,3984.3,3984.3,99.6,3685.5,996.1,1492.6,2713.9,938.9,1664.3,1452.3,1622.6,1202.5,1784.6,1162.1,1667.0,1168.0,1389.1,1145.9,1492.6,38.6,70.5,31.9,42.0,35.7,39.7,29.7,43.1,39.9,39.0,29.0,35.5,26.8,70.5,38.6,100.0,54.8,98.4,45.2,60.0,50.7,56.8,42.7,61.0,56.3,56.0,41.4,51.2,38.4,54.8,40.0,40.0,40.0,40.0,40.0,40.0,40.0,37.0,138,140,142,140,136,138,133,74,72,70,72,76,74,79,144,142,Không,Không,Không,Không,Không,Không,Không,Không,Không,Không,Không,Không,Không,Không,Không,Không,Không,Không,Không,Không,Không,Không,Không,Không,140,140,38.438,35.963,34.590,1.397,65.0,85.0,134.0,134.0,39.000,37.4,68.0,23.5,41.7,36.4,40.7,30.1,44.7,29.1,41.8,29.3,34.8,28.7,29.0,8.0,31.7,35.1,25.5,32.9,40.7,1593.7,16.00,22,22,22,52,74,880,2,Đúng,Không,Không,Không,Không,Không,Không,Không,Không,Không,Không,Không,Đúng,Đúng,Không,Không,Không,Không,Không,Không,Không,Không,Không,Không,Không,Không,Không,Không,Không,Không,Không,Không,Không,Không,Không,Không,Không,Không,Không,Không,Không,168.8,115,135,142,153,0.996,3.285,11.952,5.010,0.024,1.308,1.212,3.360,3.144,3.072,1577,0,0,Đúng,118,Không,Không,113,92.0,Không,Không,8827,12973,45315,135,87.0,100.0,Không,Không,46182,41441,100.0,100.0,100.0,19.005,1.485,18819,20900,0.0,0.0,0.0,0.000,0.018,361,661,3.1,6.0,9.0,1.500,2.138,23558,76895,114.4,128.8,181.4,0.781,6.353,4.926,12.000,0.076,6.024,6.277,0.254,19.600,19.600,1151.5,1050.0,1025.0,1143.0,1048.2,5.0,7.0,0.0,1.0,41.0,1.5,3.0,0.0,50,Đúng,Không,Không,Không,Không,Đúng,Không,6,0,0,0,0,0,0,0,0,178,0,0,0,0,0,0,0,0,0,0,0,0,0,0,0,0,0,0,0,0,2416,1680,1603,126,8.0,75.0,76.6,73.4,72.9,72.8,72.8,75.0,75.4,74.6,74.3,74.3,74.3,13.34,13.66,13.02,12.97,13.76,13.76,0.30,1.48,13.21,0.12,0.08,16608,1503,180.2,16.8,0,33.8,52,
8.10.2026,19:56:58.138,29904,66214,31.1,24126,24889,49.2,1.0,47104,461,1.047,1.047,1.040,1.051,1.050,1.042,1.052,3984.3,3984.3,3984.3,3984.3,3984.3,3984.3,3984.3,99.6,3685.5,996.1,1358.0,1599.5,1050.4,1647.6,929.3,1561.4,1063.9,1325.1,1352.8,1530.8,998.9,1746.7,1489.7,1358.0,35.7,42.2,26.7,42.5,44.4,37.5,25.4,36.2,47.9,38.8,22.4,36.0,28.0,47.9,35.7,100.0,50.8,60.7,38.4,60.7,62.2,53.6,36.3,51.5,67.0,55.6,32.0,51.6,39.6,50.8,40.0,40.0,40.0,40.0,40.0,40.0,40.0,37.0,135,144,138,136,129,131,129,77,68,74,76,83,81,83,144,144,Không,Không,Không,Không,Không,Không,Không,Không,Không,Không,Không,Không,Không,Không,Không,Không,Không,Không,Không,Không,Không,Không,Không,Không,138,138,42.282,36.934,35.535,1.416,65.0,85.0,134.0,134.0,14.000,34.0,40.2,26.3,41.3,23.3,39.1,26.7,33.2,33.9,38.4,25.0,43.8,37.3,21.5,27.1,17.8,28.0,15.0,26.1,15.2,1593.7,16.00,22,22,22,52,74,880,2,Đúng,Không,Không,Không,Không,Không,Không,Không,Không,Không,Không,Không,Đúng,Đúng,Không,Không,Không,Không,Không,Không,Không,Không,Không,Không,Không,Không,Không,Không,Không,Không,Không,Không,Không,Không,Không,Không,Không,Không,Không,Không,Không,168.8,115,135,144,153,1.032,3.265,11.952,4.980,0.024,1.320,1.212,3.360,3.144,3.072,1562,0,0,Đúng,118,Không,Không,113,92.0,Không,Không,8827,12973,45315,135,87.0,100.0,Không,Không,46182,41441,100.0,100.0,100.0,24.886,0.915,18890,20907,0.1,0.1,0.2,0.040,0.116,361,661,2.0,0.8,2.8,0.198,0.052,23560,76897,114.3,128.8,181.4,0.781,6.354,4.927,12.000,0.076,6.024,6.279,0.255,19.600,19.600,1151.5,1050.0,1025.0,1143.1,1048.7,5.0,7.0,0.0,1.0,41.0,1.5,3.0,0.0,50,Đúng,Không,Không,Không,Không,Đúng,Không,6,0,0,0,0,0,0,0,0,178,0,0,0,0,0,0,0,0,0,0,0,0,0,0,0,0,0,0,0,0,2416,1680,1603,126,8.0,75.0,77.0,73.2,72.6,72.5,72.5,75.0,75.3,74.7,74.7,74.7,74.7,13.33,13.69,12.95,12.82,13.84,13.84,0.29,1.65,13.21,0.12,0.10,16609,1503,78.2,80.9,0,32.0,52,
8.10.2026,19:57:1.545,29910,66208,31.1,24134,24881,49.2,1.0,47104,461,1.039,1.062,1.025,1.029,1.029,1.043,1.048,3984.3,3984.3,3984.3,3984.3,3984.3,3984.3,3984.3,99.6,3685.5,996.1,1608.7,1827.7,1405.8,1899.6,1079.4,2292.3,1081.9,1691.3,1551.0,1806.7,1494.4,2063.8,1110.1,1608.7,40.9,47.2,36.2,48.6,27.4,58.0,27.6,43.0,39.5,45.2,38.0,52.3,28.3,58.0,40.9,100.0,58.3,67.1,50.9,69.2,39.8,81.9,39.9,61.5,55.9,64.8,53.9,74.0,40.7,58.3,40.0,40.0,40.0,40.0,40.0,40.0,40.0,37.0,126,122,124,124,122,140,126,86,90,88,88,90,72,86,144,140,Không,Không,Không,Không,Không,Không,Không,Không,Không,Không,Không,Không,Không,Không,Không,Không,Không,Không,Không,Không,Không,Không,Không,Không,138,138,41.321,36.317,34.941,1.395,65.0,85.0,134.0,134.0,42.000,40.3,45.7,35.2,47.6,27.0,57.4,27.1,42.4,38.9,45.3,37.4,51.7,27.8,18.7,12.9,27.9,18.5,19.8,13.7,19.1,1593.7,16.00,22,22,22,52,74,880,2,Đúng,Không,Không,Không,Không,Không,Không,Không,Không,Không,Không,Không,Đúng,Đúng,Không,Không,Không,Không,Không,Không,Không,Không,Không,Không,Không,Không,Không,Không,Không,Không,Không,Không,Không,Không,Không,Không,Không,Không,Không,Không,Không,168.8,115,135,138,153,0.996,3.285,11.952,5.010,0.024,1.308,1.212,3.360,3.144,3.072,1551,0,0,Đúng,118,Không,Không,113,92.0,Không,Không,8827,12973,45315,136,87.0,100.0,Không,Không,46182,41441,100.0,70.8,100.0,17.293,2.558,18924,20912,0.1,0.2,0.3,0.040,0.099,361,661,2.9,0.9,3.8,1.240,1.030,23562,76899,114.5,128.9,181.4,0.781,6.363,4.930,12.000,0.076,6.024,6.287,0.263,19.600,19.600,1151.5,1050.0,1025.0,1143.3,1048.7,4.0,7.0,0.0,1.0,41.0,1.5,3.0,0.0,50,Đúng,Không,Không,Không,Không,Đúng,Không,6,0,0,0,0,0,0,0,0,178,0,0,0,0,0,0,0,0,0,0,0,0,0,0,0,0,0,0,0,0,2416,1680,1603,130,8.0,75.0,76.3,73.7,73.3,73.3,73.3,75.0,75.3,74.7,74.7,74.7,74.7,13.33,13.59,13.06,12.97,13.70,13.70,0.28,1.66,13.21,0.12,0.08,16609,1503,311.7,52.5,0,32.0,52,
8.10.2026,19:57:6.315,29970,66149,31.1,24154,24860,49.2,1.0,47104,461,1.052,1.051,1.049,1.056,1.055,1.056,1.046,3984.3,3984.3,3984.3,3984.3,3984.3,3984.3,3984.3,99.6,3685.5,996.1,2225.0,2522.8,1904.3,2584.9,2006.4,2053.0,2120.7,2054.9,2042.3,2624.6,1911.4,2425.7,2449.7,2225.0,57.0,66.5,49.2,67.1,51.6,53.4,55.1,53.1,52.4,77.5,42.1,54.7,61.7,77.5,57.0,100.0,81.2,93.9,70.2,95.2,73.6,76.8,78.5,76.3,74.7,109.0,60.8,77.9,87.4,81.2,40.0,40.0,40.0,40.0,40.0,40.0,40.0,37.0,138,140,140,140,133,140,136,74,72,72,72,79,72,76,142,140,Không,Không,Không,Không,Không,Không,Không,Không,Không,Không,Không,Không,Không,Không,Không,Không,Không,Không,Không,Không,Không,Không,Không,Không,144,144,27.868,36.908,35.512,1.440,65.0,85.0,134.0,134.0,28.000,55.8,63.2,47.7,64.8,50.3,51.4,53.1,51.5,51.2,65.8,47.9,60.8,61.4,6.5,1.5,5.5,11.7,16.1,3.5,0.5,1593.7,16.00,22,22,22,52,74,880,2,Đúng,Không,Không,Không,Không,Không,Không,Không,Không,Không,Không,Không,Đúng,Đúng,Không,Không,Không,Không,Không,Không,Không,Không,Không,Không,Không,Không,Không,Không,Không,Không,Không,Không,Không,Không,Không,Không,Không,Không,Không,Không,Không,168.8,115,135,140,153,0.996,3.285,11.952,5.010,0.024,1.308,1.212,3.360,3.144,3.072,1530,0,0,Đúng,118,Không,Không,113,92.0,Không,Không,8827,12973,45315,136,87.0,100.0,Không,Không,46182,41441,100.0,94.2,100.0,6.146,3.234,19071,20921,0.2,0.1,0.3,0.115,0.053,362,662,4.7,16.3,21.1,0.794,14.807,23567,76932,114.5,128.9,181.4,0.781,6.362,4.930,12.000,0.076,6.024,6.286,0.263,19.600,19.600,1151.5,1050.0,1025.0,1143.2,1046.8,5.0,7.0,0.0,1.0,41.0,1.5,3.0,0.0,50,Đúng,Không,Không,Không,Không,Đúng,Không,6,0,0,0,0,0,0,0,0,178,0,0,0,0,0,0,0,0,0,0,0,0,0,0,0,0,0,0,0,0,2416,1680,1603,131,8.0,75.0,77.8,72.5,70.3,70.0,70.0,75.0,75.2,74.7,74.6,74.6,74.6,13.33,13.87,12.75,12.42,14.32,14.32,0.32,1.63,13.20,0.14,0.13,16610,1503,2.5,4.8,0,32.0,52,
8.10.2026,19:57:12.629,29942,66176,31.1,24047,24967,49.0,1.0,47104,461,1.053,1.062,1.048,1.038,1.061,1.057,1.052,3984.3,3984.3,3984.3,3984.3,3984.3,3984.3,3984.3,99.6,3685.5,996.1,1125.6,1281.5,541.0,1275.2,642.4,967.1,617.0,859.5,1943.8,1282.6,528.1,1306.8,2261.8,1125.6,27.9,32.7,13.8,32.1,16.1,24.5,16.1,22.1,48.7,32.5,13.5,33.5,49.5,49.5,27.9,100.0,40.1,47.5,20.2,46.7,23.6,36.1,23.7,32.1,68.2,46.9,19.9,47.4,68.9,40.1,40.0,40.0,40.0,40.0,40.0,40.0,40.0,37.0,129,124,126,129,127,129,136,83,88,86,83,85,83,76,136,136,Không,Không,Không,Không,Không,Không,Không,Không,Không,Không,Không,Không,Không,Không,Không,Không,Không,Không,Không,Không,Không,Không,Không,Không,138,138,19.219,33.040,31.753,1.324,65.0,85.0,134.0,134.0,22.000,28.2,32.1,13.6,32.0,16.1,24.2,15.5,21.5,48.7,32.1,13.2,32.7,56.7,38.6,43.5,46.0,50.0,27.2,44.9,19.8,1593.7,16.00,22,22,22,52,74,880,2,Đúng,Không,Không,Không,Không,Không,Không,Không,Không,Không,Không,Không,Đúng,Đúng,Không,Không,Không,Không,Không,Không,Không,Không,Không,Không,Không,Không,Không,Không,Không,Không,Không,Không,Không,Không,Không,Không,Không,Không,Không,Không,Không,168.8,115,136,136,153,0.996,3.285,11.952,5.040,0.024,1.308,1.212,3.360,3.144,3.072,1534,0,0,Đúng,118,Không,Không,113,92.0,Không,Không,8827,12973,45315,138,87.0,100.0,Không,Không,46182,41441,100.0,100.0,100.0,2.390,1.984,19099,20933,0.0,0.0,0.0,0.000,0.055,362,662,1.4,2.1,3.5,0.353,1.560,23570,76954,114.5,128.9,181.4,0.781,6.354,4.927,12.000,0.076,6.024,6.279,0.255,19.600,19.600,1151.5,1050.0,1025.0,1143.3,1048.0,5.0,7.0,0.0,1.0,41.0,1.5,3.1,0.0,50,Đúng,Không,Không,Không,Không,Đúng,Không,6,0,0,0,0,0,0,0,0,178,0,0,0,0,0,0,0,0,0,0,0,0,0,0,0,0,0,0,0,0,2416,1680,1603,130,8.0,75.0,76.3,74.1,74.0,74.0,74.0,75.0,75.2,74.7,74.7,74.7,74.7,13.33,13.51,13.09,13.07,13.52,13.52,0.27,1.65,13.22,0.11,0.07,16611,1503,176.5,5.9,0,32.0,52,
8.10.2026,19:57:15.490,29955,66163,31.1,24061,24954,49.0,1.0,47104,461,1.055,1.065,1.047,1.062,1.055,1.051,1.049,3984.3,3984.3,3984.3,3984.3,3984.3,3984.3,3984.3,99.6,3685.5,996.1,1845.0,2235.6,1310.7,2235.1,1607.3,2143.9,1380.9,2086.4,1540.4,2238.9,1448.2,2502.1,1410.8,1845.0,49.2,59.1,34.3,58.0,41.5,56.4,36.1,54.8,39.7,57.3,39.4,65.8,47.9,65.8,49.2,100.0,69.9,83.9,49.4,82.6,59.1,80.4,52.0,78.0,56.5,81.2,56.2,92.2,67.6,69.9,40.0,40.0,40.0,40.0,40.0,40.0,40.0,37.0,133,126,149,129,127,142,126,79,86,63,83,85,70,86,149,149,Không,Không,Không,Không,Không,Không,Không,Không,Không,Không,Không,Không,Không,Không,Không,Không,Không,Không,Không,Không,Không,Không,Không,Không,145,145,40.360,40.134,38.693,1.472,65.0,85.0,134.0,134.0,41.000,46.2,56.0,32.8,56.0,40.3,53.7,34.6,52.3,38.6,56.1,36.3,62.7,35.3,10.0,9.6,11.4,13.8,9.7,11.4,4.3,1593.7,16.00,22,22,22,52,74,880,2,Đúng,Không,Không,Không,Không,Không,Không,Không,Không,Không,Không,Không,Đúng,Đúng,Không,Không,Không,Không,Không,Không,Không,Không,Không,Không,Không,Không,Không,Không,Không,Không,Không,Không,Không,Không,Không,Không,Không,Không,Không,Không,Không,168.8,115,136,140,153,1.020,3.265,11.880,4.980,0.024,1.308,1.212,3.360,3.144,3.072,1530,0,0,Đúng,118,Không,Không,113,92.0,Không,Không,8827,12973,45315,138,87.0,100.0,Không,Không,46182,41441,100.0,63.7,100.0,4.275,2.082,19106,20936,0.0,0.0,0.1,0.023,0.043,362,662,2.6,3.3,5.9,1.469,1.003,23573,76956,114.5,128.9,181.4,0.781,6.376,4.935,12.000,0.076,6.024,6.300,0.277,19.600,19.600,1151.5,1050.0,1025.0,1143.3,1050.3,5.0,7.0,0.0,1.0,41.0,1.6,3.1,0.0,50,Đúng,Không,Không,Không,Không,Đúng,Không,6,0,0,0,0,0,0,0,0,178,0,0,0,0,0,0,0,0,0,0,0,0,0,0,0,0,0,0,0,0,2416,1680,1603,130,8.0,75.0,76.5,73.8,73.6,73.6,73.6,75.0,75.2,74.7,74.6,74.6,74.6,13.33,13.63,12.99,12.95,13.70,13.70,0.31,1.67,13.20,0.13,0.10,16611,1503,4.5,5.7,0,32.0,52,
8.10.2026,19:57:21.021,30016,66102,31.2,24144,24870,49.2,1.0,47104,461,1.049,1.057,1.051,1.045,1.042,1.047,1.052,3984.3,3984.3,3984.3,3984.3,3984.3,3984.3,3984.3,99.6,3685.5,996.1,1373.0,1561.0,888.1,1354.2,976.7,2006.8,756.4,2914.4,983.5,1554.7,921.3,1517.4,1042.0,1373.0,35.1,40.2,23.0,34.7,34.3,36.4,18.4,73.3,25.9,49.0,21.7,38.9,25.6,73.3,35.1,100.0,49.7,56.9,31.9,49.1,48.7,52.3,26.9,101.8,36.7,69.2,31.1,55.4,36.7,49.7,40.0,40.0,40.0,40.0,40.0,40.0,40.0,37.0,136,129,144,140,129,140,133,76,83,68,72,83,72,79,144,144,Không,Không,Không,Không,Không,Không,Không,Không,Không,Không,Không,Không,Không,Không,Không,Không,Không,Không,Không,Không,Không,Không,Không,Không,140,140,39.399,32.388,31.083,1.341,65.0,85.0,134.0,134.0,41.000,34.4,39.0,22.3,33.9,24.5,50.3,19.0,73.0,24.6,39.0,23.1,38.0,26.1,31.6,34.1,33.9,31.3,13.7,39.7,36.7,1593.7,16.00,22,22,22,52,74,880,2,Đúng,Không,Không,Không,Không,Không,Không,Không,Không,Không,Không,Không,Đúng,Đúng,Không,Không,Không,Không,Không,Không,Không,Không,Không,Không,Không,Không,Không,Không,Không,Không,Không,Không,Không,Không,Không,Không,Không,Không,Không,Không,Không,170.6,115,136,142,153,1.008,3.285,11.952,5.010,0.024,1.308,1.212,3.360,3.144,3.072,1544,0,0,Đúng,118,Không,Không,113,92.0,Không,Không,8827,12973,45315,138,87.0,100.0,Không,Không,46182,41441,100.0,97.7,100.0,43.047,1.565,19303,20948,0.3,0.1,0.4,0.147,0.086,362,662,18.4,6.0,24.4,22.862,2.757,23614,76968,114.6,129.0,181.4,0.781,6.371,4.933,12.000,0.076,6.024,6.295,0.271,19.600,19.600,1151.5,1050.0,1025.0,1143.3,1049.2,5.0,7.0,0.0,2.0,41.0,1.5,3.0,0.0,50,Đúng,Không,Không,Không,Không,Đúng,Không,6,0,0,0,0,0,0,0,0,178,0,0,0,0,0,0,0,0,0,0,0,0,0,0,0,0,0,0,0,0,2416,1680,1603,131,8.0,75.0,77.2,72.9,70.5,70.3,70.3,75.0,75.2,74.6,74.4,74.4,74.4,13.33,13.73,12.96,12.64,14.21,14.21,0.28,1.46,13.21,0.12,0.12,16612,1503,20.7,22.1,0,32.0,52,
8.10.2026,19:57:24.206,30007,66112,31.2,24137,24877,49.2,1.0,47104,461,1.054,1.056,1.056,1.057,1.056,1.051,1.048,3984.3,3984.3,3984.3,3984.3,3984.3,3984.3,3984.3,99.6,3685.5,996.1,2353.2,2600.0,1884.1,2432.3,1910.8,2701.5,2218.1,2716.1,2730.3,2293.0,2130.3,2477.4,2145.0,2353.2,57.7,68.2,49.0,62.8,49.1,76.8,49.1,63.7,53.3,55.7,51.7,61.1,52.1,76.8,57.7,100.0,82.0,96.2,69.7,89.3,70.3,107.9,70.0,90.3,75.7,79.6,73.6,86.9,74.0,82.0,40.0,40.0,40.0,40.0,40.0,40.0,40.0,37.0,135,145,140,133,135,126,133,77,67,72,79,77,86,79,145,145,Không,Không,Không,Không,Không,Không,Không,Không,Không,Không,Không,Không,Không,Không,Không,Không,Không,Không,Không,Không,Không,Không,Không,Không,142,142,37.477,42.394,40.892,1.542,65.0,85.0,134.0,134.0,38.000,59.0,65.1,47.2,60.9,47.9,67.7,55.6,68.1,68.4,57.5,53.4,62.1,53.7,7.8,8.4,13.8,5.0,3.6,8.6,7.2,1593.7,16.00,22,22,22,52,74,880,2,Đúng,Không,Không,Không,Không,Không,Không,Không,Không,Không,Không,Không,Đúng,Đúng,Không,Không,Không,Không,Không,Không,Không,Không,Không,Không,Không,Không,Không,Không,Không,Không,Không,Không,Không,Không,Không,Không,Không,Không,Không,Không,Không,168.8,115,136,142,153,1.008,3.344,11.880,4.950,0.024,1.308,1.212,3.360,3.144,3.072,1544,0,0,Đúng,118,Không,Không,113,92.0,Không,Không,8827,12973,45315,138,87.0,100.0,Không,Không,46182,41441,100.0,59.5,100.0,24.944,1.806,19352,20951,0.2,0.0,0.2,0.080,0.062,363,662,0.9,0.4,1.3,0.813,0.661,23616,76970,114.6,129.0,181.4,0.781,6.378,4.936,12.000,0.076,6.024,6.301,0.278,19.600,19.600,1151.5,1050.0,1025.0,1143.2,1046.1,6.0,7.0,0.0,2.0,41.0,1.6,3.2,0.0,50,Đúng,Không,Không,Không,Không,Đúng,Không,6,0,0,0,0,0,0,0,0,178,0,0,0,0,0,0,0,0,0,0,0,0,0,0,0,0,0,0,0,0,2416,1680,1603,131,8.0,75.0,76.2,73.5,73.3,73.3,73.3,75.0,75.4,74.6,74.5,74.5,74.5,13.34,13.64,13.11,13.09,13.67,13.67,0.30,1.47,13.21,0.13,0.10,16612,1503,138.6,11.1,0,32.0,52,
8.10.2026,19:57:26.984,30046,66072,31.2,24174,24840,49.3,1.0,47104,461,1.050,1.048,1.050,1.050,1.052,1.051,1.050,3984.3,3984.3,3984.3,3984.3,3984.3,3984.3,3984.3,99.6,3685.5,996.1,2220.7,2476.0,1967.6,3023.6,2077.1,1932.5,2019.1,2219.7,2109.3,2334.4,1747.7,2696.0,2045.0,2220.7,60.6,64.9,51.3,77.2,54.0,59.4,66.2,61.3,55.4,62.1,49.8,71.8,53.9,77.2,60.6,100.0,85.5,91.6,72.8,108.4,76.4,83.7,93.0,86.8,78.2,87.9,70.9,100.8,76.0,85.5,40.0,40.0,40.0,40.0,40.0,40.0,40.0,37.0,133,124,147,133,135,127,133,79,88,65,79,77,85,79,145,147,Không,Không,Không,Không,Không,Không,Không,Không,Không,Không,Không,Không,Không,Không,Không,Không,Không,Không,Không,Không,Không,Không,Không,Không,138,138,42.282,44.501,42.620,1.918,65.0,85.0,134.0,134.0,43.000,55.6,62.0,49.3,75.7,52.0,48.4,50.6,55.6,52.9,58.5,43.8,67.5,51.2,7.4,7.0,2.3,10.5,14.0,10.1,0.5,1593.7,16.00,22,22,22,52,74,880,2,Đúng,Không,Không,Không,Không,Không,Không,Không,Không,Không,Không,Không,Đúng,Đúng,Không,Không,Không,Không,Không,Không,Không,Không,Không,Không,Không,Không,Không,Không,Không,Không,Không,Không,Không,Không,Không,Không,Không,Không,Không,Không,Không,168.8,115,136,144,153,1.032,3.285,11.952,5.010,0.024,1.308,1.212,3.360,3.144,3.072,1558,0,0,Đúng,118,Không,Không,113,92.0,Không,Không,8827,12973,45315,138,87.0,100.0,Không,Không,46182,41441,100.0,98.8,100.0,6.726,3.052,19395,20959,0.1,0.0,0.2,0.069,0.051,363,663,0.4,0.2,0.6,0.539,0.224,23620,76972,113.6,128.0,181.4,0.675,6.287,4.900,12.000,0.076,6.024,6.211,0.188,19.600,19.600,303.5,405.0,544.0,613.1,403.3,14.0,17.0,0.0,5.0,41.0,3.2,6.3,0.0,50,Đúng,Không,Không,Không,Không,Đúng,Không,6,0,0,0,0,0,0,0,0,180,0,0,0,0,0,0,0,0,0,0,0,0,0,0,0,0,0,0,0,0,2416,1680,1603,131,2.5,75.0,76.5,73.9,73.6,73.6,73.6,75.0,75.3,74.7,74.6,74.6,74.6,13.33,13.54,13.00,12.99,13.58,13.58,0.44,1.47,13.20,0.13,0.09,16612,1503,0.2,0.1,0,32.0,52,
8.10.2026,19:57:29.663,30033,66085,31.2,24151,24863,49.2,1.0,47104,461,1.054,1.066,1.029,1.062,1.064,1.047,1.055,3984.3,3984.3,3984.3,3984.3,3984.3,3984.3,3984.3,99.6,3685.5,996.1,1809.1,2521.1,1131.1,2183.9,1376.9,1887.8,1270.2,2151.0,1233.4,2390.8,1095.1,3188.0,1279.7,1809.1,45.9,64.6,29.0,56.1,34.8,47.7,32.3,54.5,31.7,59.7,28.6,78.4,34.1,78.4,45.9,100.0,64.5,90.4,40.6,79.1,49.1,67.8,45.7,76.8,44.6,83.6,40.4,108.7,47.6,64.5,40.0,40.0,40.0,40.0,40.0,40.0,40.0,37.0,131,129,133,131,129,126,140,81,83,79,81,83,86,72,140,140,Không,Không,Không,Không,Không,Không,Không,Không,Không,Không,Không,Không,Không,Không,Không,Không,Không,Không,Không,Không,Không,Không,Không,Không,142,142,50.930,39.734,37.240,2.512,65.0,85.0,134.0,134.0,52.000,45.3,63.2,28.3,54.7,34.5,47.3,31.8,53.9,30.9,59.9,27.4,79.9,32.1,11.8,2.5,10.5,22.0,15.0,15.8,4.7,1593.7,16.00,22,22,22,52,74,880,2,Đúng,Không,Không,Không,Không,Không,Không,Không,Không,Không,Không,Không,Đúng,Đúng,Không,Không,Không,Không,Không,Không,Không,Không,Không,Không,Không,Không,Không,Không,Không,Không,Không,Không,Không,Không,Không,Không,Không,Không,Không,Không,Không,168.8,115,136,140,153,1.032,3.285,11.952,4.980,0.024,1.296,1.212,3.360,3.144,3.072,1551,0,0,Đúng,118,Không,Không,113,92.0,Không,Không,8827,12973,45315,136,87.0,100.0,Không,Không,46182,41441,100.0,78.9,100.0,6.658,2.986,19409,20965,0.0,0.0,0.0,0.000,0.024,363,663,0.8,1.4,2.2,0.652,3.077,23621,76978,113.4,127.8,181.4,0.675,6.293,4.902,12.000,0.076,6.024,6.217,0.193,19.600,19.600,303.5,405.0,544.0,268.1,402.3,16.0,18.0,0.0,5.0,41.0,4.6,9.3,0.0,50,Đúng,Không,Không,Không,Không,Đúng,Không,6,0,0,0,0,0,0,0,0,180,0,0,0,0,0,0,0,0,0,0,0,0,0,0,0,0,0,0,0,0,2416,1680,1603,131,2.5,75.0,76.7,73.4,72.8,72.7,72.7,75.0,75.4,74.7,74.6,74.6,74.6,13.33,13.66,12.99,12.92,13.77,13.77,0.62,1.61,13.21,0.12,0.09,16612,1504,132.3,7.5,0,33.8,52,
8.10.2026,19:57:32.413,30048,66070,31.2,24157,24857,49.2,1.0,47104,461,1.049,1.060,1.054,1.038,1.042,1.057,1.046,3984.3,3984.3,3984.3,3984.3,3984.3,3984.3,3984.3,99.6,3685.5,996.1,1946.8,2263.5,1542.6,2285.5,1715.9,2126.3,1416.7,2040.7,1520.5,1619.3,2886.1,2319.4,1625.4,1946.8,50.7,59.5,40.0,58.8,44.2,55.7,38.2,53.2,40.2,43.4,69.5,62.5,42.8,69.5,50.7,100.0,71.8,84.1,56.6,83.6,62.8,79.4,54.7,75.6,57.2,61.8,97.1,88.1,60.6,71.8,40.0,40.0,40.0,40.0,40.0,40.0,40.0,37.0,136,131,140,136,129,140,138,76,81,72,76,83,72,74,144,140,Không,Không,Không,Không,Không,Không,Không,Không,Không,Không,Không,Không,Không,Không,Không,Không,Không,Không,Không,Không,Không,Không,Không,Không,144,144,45.165,41.172,38.657,2.550,65.0,85.0,134.0,134.0,47.000,48.8,56.7,38.7,57.3,43.0,53.3,35.5,51.1,38.1,40.6,72.3,58.1,40.7,11.2,10.7,10.7,12.4,17.8,5.5,10.3,1593.7,16.00,22,22,22,52,74,880,2,Đúng,Không,Không,Không,Không,Không,Không,Không,Không,Không,Không,Không,Đúng,Đúng,Không,Không,Không,Không,Không,Không,Không,Không,Không,Không,Không,Không,Không,Không,Không,Không,Không,Không,Không,Không,Không,Không,Không,Không,Không,Không,Không,168.8,115,136,140,153,1.020,3.285,11.880,4.950,0.024,1.308,1.212,3.360,3.144,3.072,1558,0,0,Đúng,118,Không,Không,113,92.0,Không,Không,8827,12973,45315,136,87.0,100.0,Không,Không,46182,41441,100.0,82.4,100.0,5.483,2.453,19421,20971,0.0,0.0,0.0,0.000,0.073,363,663,1.1,1.0,2.1,1.427,0.207,23624,76979,113.3,127.7,181.4,0.675,6.286,4.899,12.000,0.076,6.024,6.210,0.187,19.600,19.600,189.5,405.0,544.0,134.1,401.9,21.0,18.0,0.0,5.0,41.0,5.4,10.7,0.0,50,Đúng,Không,Không,Không,Không,Đúng,Không,6,0,0,0,0,0,0,0,0,180,0,0,0,0,0,0,0,0,0,0,0,0,0,0,0,0,0,0,0,0,2416,1680,1603,131,2.5,75.0,76.4,73.7,73.0,72.9,72.9,75.0,75.3,74.6,74.6,74.6,74.6,13.33,13.60,13.05,12.94,13.75,13.75,0.77,0.53,13.21,0.12,0.09,16613,1504,353.7,9.7,0,33.8,52,
8.10.2026,19:57:34.964,30038,66080,31.2,24148,24867,49.2,1.0,47104,461,1.037,1.048,1.032,1.032,1.058,1.008,1.043,3984.3,3984.3,3984.3,3984.3,3984.3,3984.3,3984.3,99.6,3685.5,996.1,1876.1,2411.0,1447.4,2306.9,1729.1,2148.0,1440.5,2121.9,1631.5,1772.6,1811.0,2096.4,1597.3,1876.1,49.8,64.0,37.8,60.3,45.3,56.7,37.8,55.4,42.6,46.7,44.5,55.4,51.5,64.0,49.8,100.0,70.9,90.1,53.4,86.2,64.6,81.0,54.1,79.0,60.5,67.3,64.0,78.3,72.6,70.9,40.0,40.0,40.0,40.0,40.0,40.0,40.0,37.0,130,124,133,126,126,142,127,82,88,79,86,86,70,85,145,142,Không,Không,Không,Không,Không,Không,Không,Không,Không,Không,Không,Không,Không,Không,Không,Không,Không,Không,Không,Không,Không,Không,Không,Không,140,140,50.930,41.112,38.603,2.544,65.0,85.0,134.0,134.0,48.000,47.0,60.4,36.3,57.8,43.3,53.8,36.1,53.2,40.9,44.4,45.4,52.5,40.0,8.7,2.4,6.0,12.2,10.9,14.5,6.4,1593.7,16.00,22,22,22,52,74,880,2,Đúng,Không,Không,Không,Không,Không,Không,Không,Không,Không,Không,Không,Đúng,Đúng,Không,Không,Không,Không,Không,Không,Không,Không,Không,Không,Không,Không,Không,Không,Không,Không,Không,Không,Không,Không,Không,Không,Không,Không,Không,Không,Không,168.8,115,136,140,153,1.008,3.285,11.880,4.980,0.024,1.308,1.212,3.360,3.144,3.072,1544,0,0,Đúng,118,Không,Không,113,92.0,Không,Không,8827,12973,45315,136,87.0,100.0,Không,Không,46183,41441,100.0,98.0,100.0,8.331,3.530,19444,20981,0.1,0.0,0.1,0.031,0.079,363,663,0.8,0.7,1.5,0.880,1.246,23626,76982,113.1,127.5,181.4,0.675,6.286,4.899,12.000,0.076,6.024,6.210,0.186,19.600,19.600,139.0,405.0,544.0,134.0,402.7,23.0,19.0,0.0,6.0,41.0,5.4,10.7,0.0,50,Đúng,Không,Không,Không,Không,Đúng,Không,6,0,0,0,0,0,0,0,0,180,0,0,0,0,0,0,0,0,0,0,0,0,0,0,0,0,0,0,0,0,2416,1680,1603,131,2.5,75.0,76.2,74.0,73.8,73.8,73.8,75.0,75.2,74.7,74.7,74.7,74.7,13.33,13.55,13.10,13.07,13.58,13.58,0.75,0.71,13.21,0.12,0.09,16614,1504,4.4,6.2,0,33.8,52,
8.10.2026,19:57:38.097,30050,66068,31.2,24150,24864,49.2,1.0,47104,461,1.047,1.047,1.053,1.046,1.048,1.048,1.042,3984.3,3984.3,3984.3,3984.3,3984.3,3984.3,3984.3,99.6,3685.5,996.1,1862.4,2445.6,1118.6,1931.6,1485.9,1753.5,1527.1,1987.1,1277.8,1327.1,2896.6,2443.0,2155.4,1862.4,46.6,62.8,28.9,49.3,37.7,44.5,39.3,51.8,32.7,35.3,67.3,62.3,47.7,67.3,46.6,100.0,66.1,88.4,41.2,70.6,53.9,63.9,56.2,73.7,47.0,50.4,93.8,87.2,67.0,66.1,40.0,40.0,40.0,40.0,40.0,40.0,40.0,37.0,136,136,144,135,129,140,133,76,76,68,77,83,72,79,144,144,Không,Không,Không,Không,Không,Không,Không,Không,Không,Không,Không,Không,Không,Không,Không,Không,Không,Không,Không,Không,Không,Không,Không,Không,142,142,39.399,41.133,38.660,2.494,65.0,85.0,134.0,134.0,40.000,46.7,61.3,28.0,48.4,37.2,43.9,38.3,49.8,32.0,33.3,72.6,61.2,54.0,11.6,5.1,20.2,19.6,15.0,8.0,1.4,1593.7,16.00,22,22,22,52,74,880,2,Đúng,Không,Không,Không,Không,Không,Không,Không,Không,Không,Không,Không,Đúng,Đúng,Không,Không,Không,Không,Không,Không,Không,Không,Không,Không,Không,Không,Không,Không,Không,Không,Không,Không,Không,Không,Không,Không,Không,Không,Không,Không,Không,168.8,115,136,140,153,1.032,3.285,11.952,4.980,0.024,1.308,1.212,3.360,3.144,3.072,1541,0,0,Đúng,118,Không,Không,113,92.0,Không,Không,8827,12973,45315,135,87.0,100.0,Không,Không,46183,41441,100.0,67.3,100.0,11.383,2.741,19471,20987,0.1,0.0,0.1,0.049,0.049,363,663,1.1,5.2,6.3,1.165,17.224,23629,77023,113.2,127.6,181.4,0.675,6.281,4.897,12.000,0.076,6.024,6.205,0.182,19.600,19.600,139.0,405.0,544.0,134.1,402.8,23.0,18.0,0.0,5.0,41.0,5.4,10.8,0.0,50,Đúng,Không,Không,Không,Không,Đúng,Không,6,0,0,0,0,0,0,0,0,180,0,0,0,0,0,0,0,0,0,0,0,0,0,0,0,0,0,0,0,0,2416,1680,1603,131,2.5,75.0,76.4,74.0,73.9,73.9,73.9,75.0,75.3,74.8,74.7,74.7,74.7,13.34,13.55,13.05,13.04,13.59,13.59,0.79,0.36,13.21,0.13,0.09,16614,1504,56.4,7.0,0,33.8,52,
8.10.2026,19:57:43.031,30056,66062,31.2,24071,24943,49.1,1.0,47104,461,1.044,1.047,1.048,1.036,1.048,1.042,1.041,3984.3,3984.3,3984.3,3984.3,3984.3,3984.3,3984.3,99.6,3685.5,996.1,1475.8,1912.7,972.6,2197.4,1402.7,2107.2,937.1,1782.0,972.6,1843.5,943.9,1364.4,1273.1,1475.8,38.5,50.7,25.8,57.0,36.9,49.8,26.6,48.0,26.8,36.9,29.1,37.7,36.5,57.0,38.5,100.0,55.1,72.2,37.3,80.7,52.6,71.0,38.5,68.4,38.6,53.5,41.8,54.5,51.8,55.1,40.0,40.0,40.0,40.0,40.0,40.0,40.0,37.0,136,138,135,145,133,144,120,76,74,77,67,79,68,92,140,145,Không,Không,Không,Không,Không,Không,Không,Không,Không,Không,Không,Không,Không,Không,Không,Không,Không,Không,Không,Không,Không,Không,Không,Không,131,131,39.399,35.335,32.928,2.447,65.0,85.0,134.0,134.0,45.000,37.0,47.9,24.4,55.1,35.1,52.8,23.5,44.6,24.4,46.2,23.7,34.2,31.9,24.1,20.8,16.6,22.5,26.1,23.5,35.5,1593.7,16.00,22,22,22,52,74,880,2,Đúng,Không,Không,Không,Không,Không,Không,Không,Không,Không,Không,Không,Đúng,Đúng,Không,Không,Không,Không,Không,Không,Không,Không,Không,Không,Không,Không,Không,Không,Không,Không,Không,Không,Không,Không,Không,Không,Không,Không,Không,Không,Không,168.8,115,136,142,153,1.020,3.344,11.880,4.980,0.024,1.308,1.212,3.360,3.144,3.072,1534,0,0,Đúng,118,Không,Không,113,92.0,Không,Không,8827,12973,45315,133,87.0,100.0,Không,Không,46183,41441,100.0,100.0,100.0,32.740,2.907,19654,20999,0.2,0.0,0.3,0.120,0.051,363,664,3.0,2.0,5.0,1.319,5.219,23635,77047,112.9,127.3,181.4,0.675,6.281,4.897,12.000,0.076,6.024,6.205,0.182,19.600,19.600,139.0,405.0,544.0,134.0,403.2,24.0,18.0,0.0,5.0,41.0,5.4,10.9,0.0,50,Đúng,Không,Không,Không,Không,Đúng,Không,6,0,0,0,0,0,0,0,0,180,0,0,0,0,0,0,0,0,0,0,0,0,0,0,0,0,0,0,0,0,2416,1680,1603,131,2.5,75.0,76.4,73.7,73.2,73.2,73.2,75.0,75.3,74.6,74.6,74.6,74.6,13.34,13.60,13.04,13.02,13.71,13.71,0.81,0.18,13.22,0.12,0.09,16615,1504,495.8,5.9,0,32.0,52,
8.10.2026,19:57:48.239,30060,66058,31.2,24078,24936,49.1,1.0,47104,461,1.044,1.067,1.039,1.042,1.024,1.049,1.045,3984.3,3984.3,3984.3,3984.3,3984.3,3984.3,3984.3,99.6,3685.5,996.1,1474.1,1927.9,941.3,1903.4,2130.9,1498.0,963.4,1423.9,1843.5,1366.2,979.9,1607.8,1102.7,1474.1,40.8,51.4,25.2,50.1,45.4,43.2,28.8,42.0,49.1,39.2,37.8,46.6,30.6,51.4,40.8,100.0,57.9,73.0,35.9,71.0,64.0,61.9,41.2,59.5,68.9,56.1,53.4,66.0,43.7,57.9,40.0,40.0,40.0,40.0,40.0,40.0,40.0,37.0,128,122,145,124,124,124,129,84,90,67,88,88,88,83,149,145,Không,Không,Không,Không,Không,Không,Không,Không,Không,Không,Không,Không,Không,Không,Không,Không,Không,Không,Không,Không,Không,Không,Không,Không,138,138,22.102,36.338,33.895,2.467,65.0,85.0,134.0,134.0,22.000,36.9,48.3,23.6,47.6,53.4,37.5,24.1,35.7,46.2,34.2,24.5,40.3,27.6,26.8,20.9,14.9,34.8,25.0,32.8,32.5,1593.7,16.00,22,22,22,52,74,880,2,Đúng,Không,Không,Không,Không,Không,Không,Không,Không,Không,Không,Không,Đúng,Đúng,Không,Không,Không,Không,Không,Không,Không,Không,Không,Không,Không,Không,Không,Không,Không,Không,Không,Không,Không,Không,Không,Không,Không,Không,Không,Không,Không,168.8,115,136,144,153,0.996,3.344,11.952,4.980,0.024,1.308,1.212,3.360,3.144,3.072,1523,0,0,Đúng,118,Không,Không,113,92.0,Không,Không,8827,12973,45315,133,87.0,100.0,Không,Không,46183,41441,100.0,94.1,100.0,36.538,1.279,19749,21005,0.2,0.0,0.2,0.083,0.051,364,664,1.0,0.2,1.1,1.054,0.370,23638,77048,113.1,127.5,181.4,0.675,6.276,4.895,12.000,0.076,6.024,6.200,0.177,19.600,19.600,139.0,405.0,544.0,134.1,402.6,23.0,18.0,0.0,5.0,41.0,5.3,10.6,0.0,50,Đúng,Không,Không,Không,Không,Đúng,Không,6,0,0,0,0,0,0,0,0,180,0,0,0,0,0,0,0,0,0,0,0,0,0,0,0,0,0,0,0,0,2416,1680,1603,131,2.5,75.0,76.3,73.5,73.3,73.3,73.3,75.0,75.4,74.6,74.6,74.6,74.6,13.34,13.66,13.06,13.05,13.71,13.71,0.76,0.01,13.22,0.12,0.11,16616,1504,78.2,8.7,0,32.0,52,
8.10.2026,19:57:53.944,30028,66090,31.2,24069,24945,49.1,1.0,47104,461,1.053,1.060,1.040,1.058,1.057,1.050,1.053,3984.3,3984.3,3984.3,3984.3,3984.3,3984.3,3984.3,99.6,3685.5,996.1,1226.3,1581.8,573.7,1310.3,815.5,1880.1,821.9,749.3,3076.8,1082.9,734.7,1180.6,908.2,1226.3,31.0,40.0,14.6,32.8,20.3,47.1,20.6,19.2,77.2,28.4,18.9,29.2,23.8,77.2,31.0,100.0,44.4,57.6,21.4,47.6,29.6,66.7,29.7,27.8,106.9,41.5,27.4,42.4,34.4,44.4,40.0,40.0,40.0,40.0,40.0,40.0,40.0,37.0,131,129,135,124,138,124,136,81,83,77,88,74,88,76,138,138,Không,Không,Không,Không,Không,Không,Không,Không,Không,Không,Không,Không,Không,Không,Không,Không,Không,Không,Không,Không,Không,Không,Không,Không,138,138,38.438,31.607,29.248,2.382,65.0,85.0,134.0,134.0,40.000,30.7,39.6,14.4,32.8,20.4,47.1,20.6,18.8,77.1,27.1,18.4,29.6,22.8,32.6,26.4,41.7,27.8,10.2,53.0,36.3,1593.7,16.00,22,22,22,52,74,880,2,Đúng,Không,Không,Không,Không,Không,Không,Không,Không,Không,Không,Không,Đúng,Đúng,Không,Không,Không,Không,Không,Không,Không,Không,Không,Không,Không,Không,Không,Không,Không,Không,Không,Không,Không,Không,Không,Không,Không,Không,Không,Không,Không,168.8,115,136,138,153,1.032,3.324,11.808,4.980,0.024,1.308,1.212,3.360,3.144,3.072,1530,0,0,Đúng,118,Không,Không,113,92.0,Không,Không,8827,12973,45315,133,87.0,100.0,Không,Không,46183,41441,100.0,81.9,100.0,97.037,0.982,19998,21012,0.2,0.0,0.2,0.080,0.058,364,664,7.1,0.2,7.4,9.511,0.213,23660,77051,112.9,127.3,181.4,0.675,6.285,4.899,12.000,0.076,6.024,6.209,0.186,19.600,19.600,139.0,405.0,544.0,134.0,402.6,26.0,19.0,0.0,6.0,41.0,5.4,10.8,0.0,50,Đúng,Không,Không,Không,Không,Đúng,Không,6,0,0,0,0,0,0,0,0,180,0,0,0,0,0,0,0,0,0,0,0,0,0,0,0,0,0,0,0,0,2416,1680,1603,131,2.5,75.0,76.4,73.7,73.7,73.6,73.6,75.0,75.4,74.6,74.5,74.5,74.5,13.33,13.61,13.04,13.01,13.62,13.62,0.78,0.19,13.22,0.12,0.09,16616,1504,170.5,5.9,0,32.0,52,
8.10.2026,19:57:57.664,30010,66109,31.2,24057,24957,49.0,1.0,47104,461,1.047,1.060,1.052,1.051,1.038,1.047,1.036,3984.3,3984.3,3984.3,3984.3,3984.3,3984.3,3984.3,99.6,3685.5,996.1,1341.7,1681.3,1066.3,2054.9,1210.9,2471.3,847.7,1313.1,918.6,1443.5,809.1,1253.5,1029.8,1341.7,34.7,45.0,27.6,52.7,30.0,63.5,23.4,33.7,30.3,35.0,18.6,32.9,24.1,63.5,34.7,100.0,49.6,64.2,39.3,74.6,42.7,88.9,33.6,48.6,43.1,50.7,27.2,47.8,34.6,49.6,40.0,40.0,40.0,40.0,40.0,40.0,40.0,37.0,135,133,144,135,131,136,133,77,79,68,77,81,76,79,142,144,Không,Không,Không,Không,Không,Không,Không,Không,Không,Không,Không,Không,Không,Không,Không,Không,Không,Không,Không,Không,Không,Không,Không,Không,142,142,46.126,33.821,31.456,2.409,65.0,85.0,134.0,134.0,47.000,33.6,42.1,26.7,51.5,30.3,61.9,21.2,32.9,23.0,36.2,20.3,31.4,25.8,29.6,23.3,18.0,15.3,35.1,43.5,42.3,1593.7,16.00,22,22,22,52,74,880,2,Đúng,Không,Không,Không,Không,Không,Không,Không,Không,Không,Không,Không,Đúng,Đúng,Không,Không,Không,Không,Không,Không,Không,Không,Không,Không,Không,Không,Không,Không,Không,Không,Không,Không,Không,Không,Không,Không,Không,Không,Không,Không,Không,168.8,115,136,140,151,1.008,3.285,11.952,5.010,0.024,1.308,1.212,3.360,3.144,3.072,1537,0,0,Đúng,118,Không,Không,113,92.0,Không,Không,8827,12973,45315,133,87.0,100.0,Không,Không,46183,41441,100.0,97.1,100.0,16.089,2.460,20078,21019,0.0,0.0,0.1,0.021,0.012,364,664,1.2,0.2,1.4,1.336,0.392,23663,77054,113.0,127.4,181.4,0.675,6.277,4.896,12.000,0.076,6.024,6.201,0.178,19.600,19.600,139.0,405.0,544.0,134.1,402.0,21.0,18.0,0.0,5.0,41.0,5.3,10.6,0.0,50,Đúng,Không,Không,Không,Không,Đúng,Không,6,0,0,0,0,0,0,0,0,180,0,0,0,0,0,0,0,0,0,0,0,0,0,0,0,0,0,0,0,0,2416,1680,1603,131,2.5,75.0,76.5,73.3,73.0,72.9,72.9,75.0,75.3,74.7,74.6,74.6,74.6,13.33,13.67,13.06,12.98,13.71,13.71,0.77,0.19,13.21,0.12,0.09,16617,1504,214.2,12.1,0,32.0,52,
8.10.2026,19:58:2.007,30047,66071,31.2,24098,24916,49.1,1.0,47104,461,1.049,1.044,1.052,1.049,1.051,1.048,1.048,3984.3,3984.3,3984.3,3984.3,3984.3,3984.3,3984.3,99.6,3685.5,996.1,1693.8,1996.6,1239.7,1930.0,1279.0,1805.3,1345.8,2019.1,1230.7,2688.6,1050.4,1750.7,1989.6,1693.8,43.6,51.3,32.1,49.3,35.3,45.3,33.7,50.1,37.8,69.3,27.6,41.6,49.7,69.3,43.6,100.0,61.4,72.5,45.2,69.6,49.8,64.2,47.7,70.4,53.0,96.6,39.1,58.8,69.4,61.3,40.0,40.0,40.0,40.0,40.0,40.0,40.0,37.0,140,133,145,140,144,142,138,72,79,67,72,68,70,74,149,145,Không,Không,Không,Không,Không,Không,Không,Không,Không,Không,Không,Không,Không,Không,Không,Không,Không,Không,Không,Không,Không,Không,Không,Không,142,142,41.321,39.273,36.855,2.452,65.0,85.0,134.0,134.0,43.000,42.4,50.0,31.1,48.4,32.0,45.2,33.7,50.6,30.8,67.4,26.3,43.9,49.9,21.3,21.9,23.8,27.4,23.9,9.9,20.8,1593.7,16.00,22,22,22,52,74,880,2,Đúng,Không,Không,Không,Không,Không,Không,Không,Không,Không,Không,Không,Đúng,Đúng,Không,Không,Không,Không,Không,Không,Không,Không,Không,Không,Không,Không,Không,Không,Không,Không,Không,Không,Không,Không,Không,Không,Không,Không,Không,Không,Không,168.8,115,136,144,153,1.032,3.285,11.880,4.980,0.024,1.308,1.212,3.360,3.144,3.072,1548,0,0,Đúng,118,Không,Không,113,92.0,Không,Không,8827,12973,45315,131,87.0,100.0,Không,Không,46183,41441,100.0,100.0,100.0,15.989,2.009,20142,21025,0.1,0.0,0.1,0.024,0.067,365,665,1.4,0.3,1.7,1.755,0.354,23667,77058,112.8,127.2,181.4,0.675,6.285,4.899,12.000,0.076,6.024,6.209,0.186,19.600,19.600,139.0,405.0,544.0,134.0,402.4,22.0,19.0,0.0,5.0,41.1,5.4,10.9,0.0,50,Đúng,Không,Không,Không,Không,Đúng,Không,6,0,0,0,0,0,0,0,0,180,0,0,0,0,0,0,0,0,0,0,0,0,0,0,0,0,0,0,0,0,2413,1683,1606,131,2.5,75.0,77.2,72.5,70.5,70.2,70.2,75.0,75.4,74.6,74.6,74.6,74.6,13.34,13.82,12.93,12.47,14.27,14.27,0.83,0.72,13.21,0.12,0.10,16617,1504,48.5,8.7,0,32.0,52,
8.10.2026,19:58:6.436,30052,66066,31.2,24087,24927,49.1,1.0,47104,461,1.049,1.058,1.049,1.039,1.050,1.048,1.048,3984.3,3984.3,3984.3,3984.3,3984.3,3984.3,3984.3,99.6,3685.5,996.1,1365.4,2020.4,634.2,1562.8,912.9,1435.8,835.7,1499.6,1583.7,870.7,2664.8,1455.3,909.1,1365.4,35.8,52.2,16.7,42.0,24.5,37.9,22.2,40.1,40.5,24.8,66.5,38.3,24.0,66.5,35.8,100.0,51.0,73.9,24.0,60.2,35.2,54.7,32.0,56.9,57.0,35.6,92.4,55.1,34.4,51.0,40.0,40.0,40.0,40.0,40.0,40.0,40.0,37.0,137,136,142,136,133,135,138,75,76,70,76,79,77,74,142,142,Không,Không,Không,Không,Không,Không,Không,Không,Không,Không,Không,Không,Không,Không,Không,Không,Không,Không,Không,Không,Không,Không,Không,Không,144,144,46.126,34.200,31.808,2.416,65.0,85.0,134.0,134.0,49.000,34.2,50.6,15.9,39.2,22.9,36.0,20.9,37.6,39.7,21.8,66.8,36.5,22.8,28.8,26.0,37.3,37.4,23.7,14.4,33.8,1593.7,16.00,22,22,22,52,74,880,2,Đúng,Không,Không,Không,Không,Không,Không,Không,Không,Không,Không,Không,Đúng,Đúng,Không,Không,Không,Không,Không,Không,Không,Không,Không,Không,Không,Không,Không,Không,Không,Không,Không,Không,Không,Không,Không,Không,Không,Không,Không,Không,Không,168.8,115,136,140,153,0.996,3.285,11.952,5.040,0.024,1.308,1.212,3.360,3.144,3.072,1541,0,0,Đúng,118,Không,Không,113,92.0,Không,Không,8827,12973,45315,131,87.0,100.0,Không,Không,46183,41441,100.0,98.1,100.0,7.045,1.777,20192,21032,0.0,0.1,0.1,0.000,0.074,365,665,1.2,0.8,2.0,3.484,0.169,23674,77059,112.8,127.2,181.4,0.675,6.285,4.899,12.000,0.076,6.024,6.209,0.186,19.600,19.600,139.0,405.0,544.0,134.1,401.9,23.0,19.0,0.0,5.0,41.0,5.5,10.9,0.0,50,Đúng,Không,Không,Không,Không,Đúng,Không,6,0,0,0,0,0,0,0,0,180,0,0,0,0,0,0,0,0,0,0,0,0,0,0,0,0,0,0,0,0,2416,1680,1603,131,2.5,75.0,76.0,74.0,73.9,73.9,73.9,73.9,75.2,57.1,38.8,37.5,37.5,13.33,13.58,13.08,13.05,13.63,13.63,0.75,0.36,13.21,0.12,0.44,16617,1504,58.1,17.7,0,32.0,52,
8.10.2026,19:58:12.976,30190,65928,31.4,24184,24830,49.3,1.0,47104,461,1.049,1.050,1.051,1.046,1.050,1.050,1.048,3984.3,3984.3,3984.3,3984.3,3984.3,3984.3,3984.3,99.6,3685.5,996.1,1770.5,2044.1,1473.9,1809.4,1655.1,2207.9,1935.4,2292.9,1596.1,1632.9,1255.5,1576.2,1766.7,1770.5,45.1,53.1,35.6,46.3,42.0,57.3,50.1,58.7,39.7,41.8,31.6,39.8,45.2,58.7,45.1,100.0,64.1,75.5,50.7,66.3,59.6,80.5,70.5,82.9,56.3,60.3,45.6,57.2,63.8,64.1,40.0,40.0,40.0,40.0,40.0,40.0,40.0,37.0,138,142,140,136,136,135,136,74,70,72,76,76,77,76,142,142,Không,Không,Không,Không,Không,Không,Không,Không,Không,Không,Không,Không,Không,Không,Không,Không,Không,Không,Không,Không,Không,Không,Không,Không,144,144,40.360,37.563,35.089,2.501,65.0,85.0,134.0,134.0,40.000,44.4,51.2,36.9,45.3,41.5,55.3,48.5,57.5,40.0,40.9,31.5,39.5,44.3,23.8,23.2,28.6,10.7,20.0,32.1,28.3,1593.7,16.00,22,22,22,52,74,880,2,Đúng,Không,Không,Không,Không,Không,Không,Không,Không,Không,Không,Không,Đúng,Đúng,Không,Không,Không,Không,Không,Không,Không,Không,Không,Không,Không,Không,Không,Không,Không,Không,Không,Không,Không,Không,Không,Không,Không,Không,Không,Không,Không,170.6,115,136,142,153,1.020,3.324,11.808,4.950,0.024,1.308,1.212,3.360,3.144,3.072,1527,0,0,Đúng,118,Không,Không,113,92.0,Không,Không,8827,12973,45315,129,87.0,100.0,Không,Không,46183,41441,100.0,100.0,100.0,70.735,0.800,20540,21043,0.3,0.1,0.3,0.130,0.066,365,666,0.4,3.0,3.4,0.144,2.450,23683,77124,112.5,127.0,181.4,0.675,6.280,4.897,12.000,0.076,6.024,6.204,0.181,19.600,19.600,139.0,405.0,544.0,134.0,403.1,24.0,19.0,0.0,5.0,41.0,5.3,10.6,0.0,50,Đúng,Không,Không,Không,Không,Đúng,Không,6,0,0,0,0,0,0,0,0,180,0,0,0,0,0,0,0,0,0,0,0,0,0,0,0,0,0,0,0,0,2416,1680,1603,131,2.5,75.0,76.6,73.4,72.5,72.4,72.4,75.0,75.4,74.6,74.4,74.4,74.4,13.34,13.64,13.03,12.80,13.85,13.85,0.78,0.37,13.20,0.13,0.09,16618,1504,191.1,47.4,0,32.0,52,
8.10.2026,19:58:16.819,30221,65898,31.4,24180,24834,49.3,1.0,47104,461,1.054,1.062,1.051,1.049,1.061,1.048,1.051,3984.3,3984.3,3984.3,3984.3,3984.3,3984.3,3984.3,99.6,3685.5,996.1,1401.7,1523.4,1692.1,1643.4,1188.7,1740.1,1370.5,1656.7,997.7,1413.5,902.2,1276.6,1415.1,1401.7,36.6,42.7,44.5,43.3,30.2,45.0,34.9,42.8,25.3,37.6,22.7,35.5,35.0,45.0,36.6,100.0,52.5,61.2,62.7,62.3,43.5,64.3,49.6,61.4,36.7,54.4,33.1,51.1,49.9,52.5,40.0,40.0,40.0,40.0,40.0,40.0,40.0,37.0,131,126,131,131,131,142,127,81,86,81,81,81,70,85,140,142,Không,Không,Không,Không,Không,Không,Không,Không,Không,Không,Không,Không,Không,Không,Không,Không,Không,Không,Không,Không,Không,Không,Không,Không,142,142,40.360,39.602,37.112,2.526,65.0,85.0,134.0,134.0,26.000,35.1,38.2,42.4,41.2,29.8,43.6,34.3,41.5,25.0,35.4,22.6,32.0,35.5,28.9,16.5,30.8,24.0,31.9,39.1,31.0,1593.7,16.00,22,22,22,52,74,880,2,Đúng,Không,Không,Không,Không,Không,Không,Không,Không,Không,Không,Không,Đúng,Đúng,Không,Không,Không,Không,Không,Không,Không,Không,Không,Không,Không,Không,Không,Không,Không,Không,Không,Không,Không,Không,Không,Không,Không,Không,Không,Không,Không,168.8,115,136,138,153,1.008,3.305,11.880,4.980,0.024,1.308,1.212,3.360,3.144,3.072,1541,0,0,Đúng,118,Không,Không,113,92.0,Không,Không,8827,12973,45315,129,87.0,100.0,Không,Không,46183,41441,100.0,83.2,100.0,11.033,2.071,20628,21049,0.2,0.1,0.3,0.089,0.118,366,666,1.2,0.6,1.8,1.413,2.003,23686,77146,112.7,127.1,181.4,0.675,6.279,4.897,12.000,0.076,6.024,6.203,0.180,19.600,19.600,139.0,405.0,544.0,134.0,402.8,23.0,18.0,0.0,5.0,41.0,5.2,10.3,0.0,50,Đúng,Không,Không,Không,Không,Đúng,Không,6,0,0,0,0,0,0,0,0,180,0,0,0,0,0,0,0,0,0,0,0,0,0,0,0,0,0,0,0,0,2416,1680,1603,131,2.5,75.0,76.2,73.8,73.6,73.6,73.6,75.0,75.3,74.7,74.7,74.7,74.7,13.33,13.57,13.09,13.05,13.67,13.67,0.77,0.36,13.22,0.12,0.08,16619,1504,3.0,7.4,0,32.0,52,
8.10.2026,19:58:25.210,30258,65860,31.4,24202,24813,49.3,1.0,47104,461,1.045,1.044,1.047,1.036,1.042,1.043,1.058,3984.3,3984.3,3984.3,3984.3,3984.3,3984.3,3984.3,99.6,3685.5,996.1,1453.3,1860.7,793.7,1455.1,1164.9,2512.3,861.2,2353.9,794.6,1941.6,819.9,1361.5,1520.4,1453.3,37.9,49.7,21.3,38.1,30.3,65.3,23.5,60.7,23.2,50.7,22.6,36.5,32.9,65.3,37.9,100.0,53.7,70.7,30.3,55.1,42.9,91.0,33.5,85.1,33.1,71.5,32.1,52.6,46.8,53.7,40.0,40.0,40.0,40.0,40.0,40.0,40.0,37.0,133,131,140,131,129,131,138,79,81,72,81,83,81,74,142,140,Không,Không,Không,Không,Không,Không,Không,Không,Không,Không,Không,Không,Không,Không,Không,Không,Không,Không,Không,Không,Không,Không,Không,Không,138,138,27.868,35.399,33.013,2.428,65.0,85.0,134.0,134.0,26.000,36.4,46.9,19.9,36.5,29.2,62.9,21.6,59.0,19.9,48.6,20.5,34.1,38.1,24.3,26.0,30.2,15.9,18.8,27.4,27.4,1593.7,16.00,22,22,22,52,74,880,2,Đúng,Không,Không,Không,Không,Không,Không,Không,Không,Không,Không,Không,Đúng,Đúng,Không,Không,Không,Không,Không,Không,Không,Không,Không,Không,Không,Không,Không,Không,Không,Không,Không,Không,Không,Không,Không,Không,Không,Không,Không,Không,Không,168.8,115,136,138,151,1.032,3.324,11.808,4.950,0.024,1.308,1.212,3.360,3.144,3.072,1527,0,0,Đúng,118,Không,Không,113,92.0,Không,Không,8827,12973,45315,129,87.0,100.0,Không,Không,46183,41441,100.0,100.0,100.0,12.434,0.772,20709,21057,0.3,0.1,0.3,0.122,0.097,366,667,8.7,0.4,9.1,4.414,0.403,23717,77149,112.4,126.8,181.4,0.675,6.278,4.896,12.000,0.076,6.024,6.202,0.179,19.600,19.600,139.0,405.0,544.0,134.0,403.4,19.0,18.0,0.0,5.0,41.0,5.2,10.3,0.0,50,Đúng,Không,Không,Không,Không,Đúng,Không,6,0,0,0,0,0,0,0,0,180,0,0,0,0,0,0,0,0,0,0,0,0,0,0,0,0,0,0,0,0,2416,1680,1603,130,2.5,75.0,76.4,73.3,73.2,73.2,73.2,75.0,75.3,74.7,74.6,74.6,74.6,13.34,13.70,13.06,12.96,13.71,13.71,0.76,0.54,13.21,0.12,0.08,16619,1504,18.4,4.5,0,32.0,52,
8.10.2026,19:58:28.470,30335,65784,31.5,24217,24798,49.4,1.0,47104,461,1.050,1.050,1.061,1.060,1.039,1.030,1.060,3984.3,3984.3,3984.3,3984.3,3984.3,3984.3,3984.3,99.6,3685.5,996.1,1506.7,1741.9,1129.8,1604.6,1349.0,1668.8,1071.2,1430.3,2353.2,1428.8,1247.2,1717.2,1338.8,1506.7,37.7,46.5,29.7,50.1,31.7,40.5,26.1,33.2,55.6,34.1,31.9,41.6,31.6,55.6,37.7,100.0,53.9,66.4,42.3,71.3,45.3,58.3,37.8,47.7,77.9,49.6,45.4,59.6,45.0,53.9,40.0,40.0,40.0,40.0,40.0,40.0,40.0,37.0,131,126,135,127,138,127,135,81,86,77,85,74,85,77,140,138,Không,Không,Không,Không,Không,Không,Không,Không,Không,Không,Không,Không,Không,Không,Không,Không,Không,Không,Không,Không,Không,Không,Không,Không,138,138,38.438,35.026,32.613,2.444,65.0,85.0,134.0,134.0,42.000,37.8,43.7,28.3,40.2,33.8,41.8,26.8,35.8,59.0,35.8,31.2,43.0,33.5,23.4,19.8,25.7,27.6,10.1,29.9,27.1,1593.7,16.00,22,22,22,52,74,880,2,Đúng,Không,Không,Không,Không,Không,Không,Không,Không,Không,Không,Không,Đúng,Đúng,Không,Không,Không,Không,Không,Không,Không,Không,Không,Không,Không,Không,Không,Không,Không,Không,Không,Không,Không,Không,Không,Không,Không,Không,Không,Không,Không,168.8,115,136,142,151,1.020,3.344,11.880,4.980,0.024,1.296,1.212,3.360,3.144,3.072,1530,0,0,Đúng,118,Không,Không,113,92.0,Không,Không,8827,12973,45315,129,87.0,100.0,Không,Không,46183,41441,100.0,100.0,100.0,14.627,2.414,20758,21065,0.2,0.0,0.2,0.080,0.064,366,667,0.2,1.1,1.3,0.202,0.209,23717,77149,112.5,127.0,181.4,0.675,6.280,4.897,12.000,0.076,6.024,6.204,0.181,19.600,19.600,139.0,405.0,544.0,134.0,402.8,20.0,18.0,0.0,5.0,41.0,5.4,10.7,0.0,50,Đúng,Không,Không,Không,Không,Đúng,Không,6,0,0,0,0,0,0,0,0,180,0,0,0,0,0,0,0,0,0,0,0,0,0,0,0,0,0,0,0,0,2416,1680,1603,131,2.5,75.0,76.4,73.5,73.5,73.5,73.5,75.0,75.4,74.7,74.6,74.6,74.6,13.34,13.62,13.04,13.03,13.66,13.66,0.81,0.53,13.21,0.12,0.08,16619,1504,8.3,24.0,0,32.0,52,
8.10.2026,19:58:31.621,30313,65805,31.5,24186,24828,49.3,1.0,47104,461,1.042,1.048,1.039,1.040,1.028,1.053,1.044,3984.3,3984.3,3984.3,3984.3,3984.3,3984.3,3984.3,99.6,3685.5,996.1,1223.8,1354.6,715.7,1551.7,741.1,1533.1,625.7,586.6,3226.6,1127.3,1247.0,1323.8,652.8,1223.8,30.9,34.6,18.3,39.1,18.7,38.6,15.7,16.6,79.5,28.8,31.0,33.1,17.0,79.5,30.9,100.0,44.2,50.2,26.2,56.3,27.2,55.4,23.1,24.1,110.0,41.6,43.7,48.1,24.6,44.2,40.0,40.0,40.0,40.0,40.0,40.0,40.0,37.0,131,133,135,131,135,122,131,81,79,77,81,77,90,81,138,135,Không,Không,Không,Không,Không,Không,Không,Không,Không,Không,Không,Không,Không,Không,Không,Không,Không,Không,Không,Không,Không,Không,Không,Không,140,140,27.868,32.344,30.000,2.379,65.0,85.0,134.0,134.0,28.000,30.7,33.9,17.9,38.9,18.6,38.4,15.7,14.7,80.8,28.2,31.2,33.2,16.4,26.9,28.9,26.4,31.4,7.7,31.8,35.4,1593.7,16.00,22,22,22,52,74,880,2,Đúng,Không,Không,Không,Không,Không,Không,Không,Không,Không,Không,Không,Đúng,Đúng,Không,Không,Không,Không,Không,Không,Không,Không,Không,Không,Không,Không,Không,Không,Không,Không,Không,Không,Không,Không,Không,Không,Không,Không,Không,Không,Không,168.8,115,136,138,151,1.008,3.324,11.880,4.980,0.024,1.308,1.212,3.360,3.144,3.072,1527,0,0,Đúng,118,Không,Không,113,92.0,Không,Không,8827,12973,45315,127,87.0,100.0,Không,Không,46183,41441,100.0,81.6,100.0,13.950,2.838,20784,21071,0.1,0.0,0.1,0.041,0.070,367,667,0.9,0.2,1.1,1.558,0.251,23720,77150,112.5,126.9,181.4,0.675,6.283,4.898,12.000,0.076,6.024,6.207,0.184,19.600,19.600,139.0,405.0,544.0,134.1,405.0,19.0,18.0,0.0,5.0,41.0,5.2,10.3,0.0,50,Đúng,Không,Không,Không,Không,Đúng,Không,6,0,0,0,0,0,0,0,0,180,0,0,0,0,0,0,0,0,0,0,0,0,0,0,0,0,0,0,0,0,2416,1680,1603,127,2.5,75.0,76.0,74.0,73.9,73.9,73.9,75.0,75.4,74.7,74.6,74.6,74.6,13.33,13.54,13.13,13.08,13.56,13.56,0.73,0.19,13.22,0.12,0.08,16619,1504,0.8,2.9,0,32.0,52,
8.10.2026,19:58:35.159,30327,65792,31.5,24196,24818,49.3,1.0,47104,461,1.046,1.048,1.033,1.032,1.045,1.055,1.065,3984.3,3984.3,3984.3,3984.3,3984.3,3984.3,3984.3,99.6,3685.5,996.1,1416.1,1906.0,751.5,1659.5,961.4,1322.9,1129.1,1203.2,2277.5,2516.1,656.3,1622.8,986.3,1416.1,36.2,48.6,19.1,41.7,24.2,34.2,28.6,44.2,50.8,58.6,20.4,32.7,31.1,58.6,36.2,100.0,51.3,69.0,27.3,59.6,34.8,49.0,40.8,62.0,70.8,82.2,29.3,47.1,44.0,51.3,40.0,40.0,40.0,40.0,40.0,40.0,40.0,37.0,133,129,131,133,126,138,140,79,83,81,79,86,74,72,140,140,Không,Không,Không,Không,Không,Không,Không,Không,Không,Không,Không,Không,Không,Không,Không,Không,Không,Không,Không,Không,Không,Không,Không,Không,145,145,44.204,35.241,32.850,2.414,65.0,85.0,134.0,134.0,43.000,35.5,47.7,18.8,41.6,24.1,33.1,28.3,30.1,57.1,63.0,16.4,40.7,24.7,29.3,28.9,36.7,36.6,18.2,17.9,37.5,1593.7,16.00,22,22,22,52,74,880,2,Đúng,Không,Không,Không,Không,Không,Không,Không,Không,Không,Không,Không,Đúng,Đúng,Không,Không,Không,Không,Không,Không,Không,Không,Không,Không,Không,Không,Không,Không,Không,Không,Không,Không,Không,Không,Không,Không,Không,Không,Không,Không,Không,168.8,115,136,138,151,1.008,3.324,11.880,4.980,0.024,1.308,1.212,3.360,3.144,3.072,1544,0,0,Đúng,118,Không,Không,113,92.0,Không,Không,8827,12973,45315,129,87.0,100.0,Không,Không,46183,41441,100.0,95.5,100.0,15.621,2.830,20853,21078,0.0,0.0,0.0,0.000,0.021,367,667,1.1,0.7,1.8,1.762,0.190,23723,77153,112.4,126.8,181.4,0.675,6.284,4.899,12.000,0.076,6.024,6.208,0.184,19.600,19.600,139.0,405.0,544.0,134.0,402.4,20.0,18.0,0.0,5.0,41.0,5.3,10.7,0.0,50,Đúng,Không,Không,Không,Không,Đúng,Không,6,0,0,0,0,0,0,0,0,180,0,0,0,0,0,0,0,0,0,0,0,0,0,0,0,0,0,0,0,0,2416,1680,1603,127,2.5,75.0,76.8,73.2,71.8,71.7,71.7,75.0,75.3,74.7,74.7,74.7,74.7,13.33,13.73,12.94,12.69,14.02,14.02,0.76,0.01,13.21,0.12,0.10,16619,1504,12.1,2.8,0,32.0,52,
8.10.2026,19:58:37.818,30331,65787,31.5,24220,24794,49.4,1.0,47104,461,1.045,1.052,1.046,1.035,1.046,1.046,1.048,3984.3,3984.3,3984.3,3984.3,3984.3,3984.3,3984.3,99.6,3685.5,996.1,2337.2,2488.1,2031.8,2584.3,2056.9,2568.2,2025.6,2467.4,2319.7,2534.4,2070.9,2441.1,2458.2,2337.2,61.5,67.2,53.8,67.2,54.5,68.5,53.2,64.9,61.2,66.2,54.4,66.4,60.3,68.5,61.5,100.0,86.8,94.7,76.1,95.0,77.4,96.4,75.4,91.4,86.2,93.3,76.8,93.7,84.9,86.8,40.0,40.0,40.0,40.0,40.0,40.0,40.0,37.0,135,133,135,129,142,129,140,77,79,77,83,70,83,72,144,142,Không,Không,Không,Không,Không,Không,Không,Không,Không,Không,Không,Không,Không,Không,Không,Không,Không,Không,Không,Không,Không,Không,Không,Không,145,145,44.204,46.614,44.038,2.616,65.0,85.0,134.0,134.0,46.000,58.6,62.3,50.9,64.8,51.5,64.3,50.8,61.8,58.1,63.5,51.9,61.2,61.6,4.1,3.3,4.1,6.5,2.1,6.1,2.6,1593.7,16.00,22,22,22,52,74,880,2,Đúng,Không,Không,Không,Không,Không,Không,Không,Không,Không,Không,Không,Đúng,Đúng,Không,Không,Không,Không,Không,Không,Không,Không,Không,Không,Không,Không,Không,Không,Không,Không,Không,Không,Không,Không,Không,Không,Không,Không,Không,Không,Không,168.8,115,136,144,151,1.044,3.285,11.880,5.010,0.024,1.296,1.212,3.360,3.144,3.072,1544,0,0,Đúng,118,Không,Không,113,92.0,Không,Không,8827,12973,45315,129,87.0,100.0,Không,Không,46183,41441,100.0,63.6,100.0,11.990,2.440,20874,21083,0.2,0.0,0.2,0.087,0.017,367,667,2.5,5.1,7.6,3.722,21.830,23730,77192,112.4,126.8,181.4,0.675,6.280,4.897,12.000,0.076,6.024,6.204,0.180,19.600,19.600,139.0,405.0,544.0,134.0,402.6,20.0,18.0,0.0,5.0,41.0,5.2,10.4,0.0,50,Đúng,Không,Không,Không,Không,Đúng,Không,6,0,0,0,0,0,0,0,0,180,0,0,0,0,0,0,0,0,0,0,0,0,0,0,0,0,0,0,0,0,2416,1680,1603,127,2.5,75.0,76.6,73.8,73.7,73.7,73.7,75.0,75.4,74.6,74.5,74.5,74.5,13.33,13.62,13.02,12.98,13.71,13.71,0.81,0.90,13.20,0.14,0.10,16619,1504,34.0,2.9,0,32.0,52,
8.10.2026,19:58:41.320,30333,65786,31.5,24222,24792,49.4,1.0,47104,461,1.051,1.032,1.049,1.051,1.063,1.052,1.056,3984.3,3984.3,3984.3,3984.3,3984.3,3984.3,3984.3,99.6,3685.5,996.1,1764.6,2016.1,1422.0,2092.0,1535.0,1852.4,1711.4,1817.1,2062.1,1885.6,1365.2,1952.4,1463.7,1764.6,45.8,54.1,37.9,54.2,40.1,48.7,53.6,44.9,48.0,45.8,37.7,46.1,38.8,54.2,45.8,100.0,64.9,76.7,53.4,76.8,56.8,69.0,75.3,63.8,67.6,65.2,53.5,65.8,54.9,64.9,40.0,40.0,40.0,40.0,40.0,40.0,40.0,37.0,132,142,131,126,129,133,129,80,70,81,86,83,79,83,142,142,Không,Không,Không,Không,Không,Không,Không,Không,Không,Không,Không,Không,Không,Không,Không,Không,Không,Không,Không,Không,Không,Không,Không,Không,142,142,44.204,38.429,35.952,2.513,65.0,85.0,134.0,134.0,46.000,44.2,50.5,35.6,52.4,38.5,46.4,42.9,45.5,51.7,47.2,34.2,48.9,36.7,16.2,13.6,21.8,11.4,11.2,18.6,20.6,1593.7,16.00,22,22,22,52,74,880,2,Đúng,Không,Không,Không,Không,Không,Không,Không,Không,Không,Không,Không,Đúng,Đúng,Không,Không,Không,Không,Không,Không,Không,Không,Không,Không,Không,Không,Không,Không,Không,Không,Không,Không,Không,Không,Không,Không,Không,Không,Không,Không,Không,168.8,115,136,142,153,1.020,3.324,11.880,4.980,0.024,1.308,1.212,3.360,3.144,3.072,1551,0,0,Đúng,118,Không,Không,113,92.0,Không,Không,8827,12973,45315,129,87.0,100.0,Không,Không,46183,41441,100.0,97.2,100.0,13.952,2.597,20915,21092,0.2,0.0,0.2,0.084,0.026,367,668,0.5,0.5,0.9,0.657,0.414,23732,77208,112.5,126.9,181.4,0.675,6.280,4.897,12.000,0.076,6.024,6.204,0.180,19.600,19.600,139.0,405.0,544.0,134.0,402.8,20.0,18.0,0.0,5.0,41.0,5.7,11.4,0.0,50,Đúng,Không,Không,Không,Không,Đúng,Không,6,0,0,0,0,0,0,0,0,180,0,0,0,0,0,0,0,0,0,0,0,0,0,0,0,0,0,0,0,0,2416,1680,1603,129,2.5,75.0,76.9,73.4,73.3,73.3,73.3,75.0,75.4,74.6,74.6,74.6,74.6,13.33,13.73,12.90,12.85,13.83,13.83,0.73,0.70,13.20,0.13,0.11,16619,1504,32.4,36.8,0,32.0,52,
8.10.2026,19:58:44.780,30343,65775,31.5,24232,24782,49.4,1.0,47104,461,1.052,1.048,1.059,1.056,1.055,1.050,1.048,3984.3,3984.3,3984.3,3984.3,3984.3,3984.3,3984.3,99.6,3685.5,996.1,1647.8,2297.5,1051.5,1675.9,1347.3,1900.3,969.7,1786.5,1542.4,2348.3,1360.2,2038.7,1455.5,1647.8,43.4,61.8,27.7,44.4,35.3,49.6,26.4,46.3,50.1,59.5,33.4,51.8,34.5,61.8,43.4,100.0,61.7,87.0,39.6,63.7,50.6,70.6,38.3,65.7,70.5,84.1,47.6,73.4,49.0,61.7,40.0,40.0,40.0,40.0,40.0,40.0,40.0,37.0,129,127,129,127,126,142,124,83,85,83,85,86,70,88,144,142,Không,Không,Không,Không,Không,Không,Không,Không,Không,Không,Không,Không,Không,Không,Không,Không,Không,Không,Không,Không,Không,Không,Không,Không,142,142,39.399,36.758,34.327,2.452,65.0,85.0,134.0,134.0,41.000,41.3,57.5,26.3,42.0,33.8,47.6,24.3,44.8,38.6,58.8,34.1,51.1,36.5,14.0,10.2,24.6,22.7,7.8,7.2,11.5,1593.7,16.00,22,22,22,52,74,880,2,Đúng,Không,Không,Không,Không,Không,Không,Không,Không,Không,Không,Không,Đúng,Đúng,Không,Không,Không,Không,Không,Không,Không,Không,Không,Không,Không,Không,Không,Không,Không,Không,Không,Không,Không,Không,Không,Không,Không,Không,Không,Không,Không,168.8,115,136,138,153,1.020,3.285,11.952,5.040,0.024,1.308,1.212,3.360,3.144,3.072,1544,0,0,Đúng,118,Không,Không,113,92.0,Không,Không,8827,12973,45315,129,87.0,100.0,Không,Không,46183,41441,100.0,96.2,100.0,9.186,2.527,20946,21101,0.1,0.1,0.2,0.072,0.082,367,668,1.5,0.9,2.4,3.954,2.244,23741,77212,112.4,126.8,181.4,0.675,6.278,4.896,12.000,0.076,6.024,6.202,0.179,19.600,19.600,139.0,405.0,544.0,134.0,402.8,20.0,18.0,0.0,5.0,41.0,5.4,10.7,0.0,50,Đúng,Không,Không,Không,Không,Đúng,Không,6,0,0,0,0,0,0,0,0,180,0,0,0,0,0,0,0,0,0,0,0,0,0,0,0,0,0,0,0,0,2416,1680,1603,129,2.5,75.0,76.7,73.5,72.9,72.8,72.8,75.0,75.3,74.7,74.7,74.7,74.7,13.33,13.64,13.00,12.95,13.72,13.72,0.78,0.01,13.21,0.13,0.10,16619,1505,5.7,35.9,0,32.0,52,
8.10.2026,19:58:50.301,30165,65953,31.3,24194,24821,49.3,1.0,47104,461,1.047,1.068,1.038,1.027,1.051,1.047,1.048,3984.3,3984.3,3984.3,3984.3,3984.3,3984.3,3984.3,99.6,3685.5,996.1,1503.8,1786.2,925.0,2857.0,968.6,1476.1,1143.1,1943.3,1327.1,1756.9,914.5,1788.2,1159.7,1503.8,39.2,47.7,24.8,72.7,26.0,38.8,36.0,49.5,29.3,45.3,23.7,47.0,29.8,72.7,39.2,100.0,56.2,68.3,35.9,102.1,37.8,56.3,51.7,70.6,42.2,65.2,34.8,67.3,42.8,56.3,40.0,40.0,40.0,40.0,40.0,40.0,40.0,37.0,130,127,145,122,124,131,129,82,85,67,90,88,81,83,147,145,Không,Không,Không,Không,Không,Không,Không,Không,Không,Không,Không,Không,Không,Không,Không,Không,Không,Không,Không,Không,Không,Không,Không,Không,144,144,46.126,35.089,33.524,1.598,65.0,85.0,134.0,134.0,45.000,37.7,44.7,23.2,71.6,24.3,37.0,28.6,48.6,33.2,44.0,22.9,44.8,29.1,21.1,21.6,8.1,22.3,21.2,26.7,26.5,1593.7,16.00,22,22,22,52,74,880,2,Đúng,Không,Không,Không,Không,Không,Không,Không,Không,Không,Không,Không,Đúng,Đúng,Không,Không,Không,Không,Không,Không,Không,Không,Không,Không,Không,Không,Không,Không,Không,Không,Không,Không,Không,Không,Không,Không,Không,Không,Không,Không,Không,168.8,115,136,140,153,1.032,3.285,11.880,5.010,0.024,1.308,1.200,3.360,3.144,3.072,1537,0,0,Đúng,118,Không,Không,113,92.0,Không,Không,8827,12973,45315,127,87.0,100.0,Không,Không,46183,41441,100.0,100.0,100.0,4.689,2.462,20964,21110,0.0,0.0,0.0,0.000,0.064,367,668,1.4,0.7,2.1,1.436,0.880,23744,77216,113.1,127.5,181.4,0.675,6.353,4.926,12.000,0.076,6.024,6.277,0.254,19.600,19.600,696.0,810.0,658.0,696.1,806.5,32.0,16.0,0.0,20.0,41.0,10.5,21.1,0.0,50,Đúng,Không,Không,Không,Không,Đúng,Không,6,0,0,0,0,0,0,0,0,182,0,0,0,0,0,0,0,0,0,0,0,0,0,0,0,0,0,0,0,0,2416,1680,1603,129,5.0,75.0,76.5,73.6,73.3,73.3,73.3,75.0,75.4,74.5,74.4,74.4,74.4,13.33,13.66,13.04,13.03,13.69,13.69,2.32,0.01,13.21,0.12,0.12,16619,1505,0.0,15.6,0,32.0,52,
8.10.2026,19:58:55.005,30117,66001,31.3,24153,24861,49.2,1.0,47104,461,1.039,1.064,1.027,1.022,1.036,1.032,1.057,3984.3,3984.3,3984.3,3984.3,3984.3,3984.3,3984.3,99.6,3685.5,996.1,1278.0,1898.8,1251.8,1361.2,922.2,1291.5,768.1,1387.7,970.3,1087.2,739.1,2210.0,1448.1,1278.0,32.8,48.3,31.7,34.3,23.2,32.6,19.4,35.0,24.4,27.3,37.7,44.2,36.1,48.3,32.8,100.0,46.7,68.2,44.5,49.5,33.4,47.0,28.1,50.1,34.9,39.2,52.9,62.2,50.6,46.7,40.0,40.0,40.0,40.0,40.0,40.0,40.0,37.0,126,122,129,124,124,126,135,86,90,83,88,88,86,77,136,135,Không,Không,Không,Không,Không,Không,Không,Không,Không,Không,Không,Không,Không,Không,Không,Không,Không,Không,Không,Không,Không,Không,Không,Không,142,142,45.165,38.873,37.085,1.816,65.0,85.0,134.0,134.0,47.000,32.0,47.6,31.4,34.1,23.1,32.4,19.2,34.8,24.3,27.2,18.5,55.4,36.3,33.8,24.1,40.3,43.0,40.6,36.6,18.2,1593.7,16.00,22,22,22,52,74,880,2,Đúng,Không,Không,Không,Không,Không,Không,Không,Không,Không,Không,Không,Đúng,Đúng,Không,Không,Không,Không,Không,Không,Không,Không,Không,Không,Không,Không,Không,Không,Không,Không,Không,Không,Không,Không,Không,Không,Không,Không,Không,Không,Không,168.8,115,136,140,151,1.032,3.265,11.952,4.980,0.024,1.296,1.212,3.360,3.144,3.072,1541,0,0,Đúng,118,Không,Không,113,92.0,Không,Không,8827,12973,45315,129,87.0,100.0,Không,Không,46183,41441,100.0,100.0,100.0,16.456,1.598,21089,21121,0.0,0.2,0.2,0.000,0.141,367,669,0.1,0.3,0.4,0.077,0.279,23766,77219,112.8,127.2,181.4,0.675,6.349,4.925,12.000,0.076,6.024,6.273,0.250,19.600,19.600,696.0,810.0,658.0,696.1,803.9,31.0,16.0,0.0,18.0,41.0,11.3,22.6,0.0,50,Đúng,Không,Không,Không,Không,Đúng,Không,6,0,0,0,0,0,0,0,0,182,0,0,0,0,0,0,0,0,0,0,0,0,0,0,0,0,0,0,0,0,2416,1680,1603,129,5.0,75.0,76.5,73.8,73.7,73.7,73.7,75.0,75.4,74.6,74.5,74.4,74.4,13.33,13.57,13.05,13.01,13.57,13.57,2.39,0.01,13.22,0.12,0.09,16619,1505,0.8,8.4,0,32.0,52,
8.10.2026,19:58:58.680,30123,65995,31.3,24159,24855,49.2,1.0,47104,461,1.047,1.040,1.043,1.053,1.040,1.050,1.053,3984.3,3984.3,3984.3,3984.3,3984.3,3984.3,3984.3,99.6,3685.5,996.1,1634.7,1890.9,1225.0,1914.2,1382.2,1710.2,1690.1,1738.7,2144.0,1960.5,1031.7,1809.2,1119.7,1634.7,44.4,52.2,33.5,50.3,36.7,45.3,44.9,46.4,45.6,56.6,31.4,56.1,34.0,56.6,44.4,100.0,63.6,74.4,48.2,72.4,52.9,65.1,63.9,66.3,64.6,80.6,45.3,80.1,48.8,63.6,40.0,40.0,40.0,40.0,40.0,40.0,40.0,37.0,130,129,131,126,136,129,131,82,83,81,86,76,83,81,136,136,Không,Không,Không,Không,Không,Không,Không,Không,Không,Không,Không,Không,Không,Không,Không,Không,Không,Không,Không,Không,Không,Không,Không,Không,135,135,40.360,37.201,35.419,1.814,65.0,85.0,134.0,134.0,39.000,40.9,47.4,30.7,48.0,34.6,42.8,42.3,43.5,53.7,49.1,25.8,45.3,28.1,18.0,16.3,18.1,13.8,14.8,19.6,25.3,1593.7,16.00,22,22,22,52,74,880,2,Đúng,Không,Không,Không,Không,Không,Không,Không,Không,Không,Không,Không,Đúng,Đúng,Không,Không,Không,Không,Không,Không,Không,Không,Không,Không,Không,Không,Không,Không,Không,Không,Không,Không,Không,Không,Không,Không,Không,Không,Không,Không,Không,168.8,115,136,138,151,1.020,3.344,11.880,4.980,0.024,1.296,1.212,3.360,3.144,3.072,1527,0,0,Đúng,118,Không,Không,113,92.0,Không,Không,8827,12973,45315,127,87.0,100.0,Không,Không,46183,41441,100.0,71.2,100.0,20.295,1.870,21133,21125,0.1,0.0,0.1,0.053,0.064,368,669,0.8,0.8,1.6,0.451,1.674,23767,77222,112.9,127.3,181.4,0.675,6.353,4.926,12.000,0.076,6.024,6.277,0.254,19.600,19.600,696.0,810.0,658.0,696.1,802.6,32.0,16.0,0.0,19.0,41.0,11.0,22.0,0.0,50,Đúng,Không,Không,Không,Không,Đúng,Không,6,0,0,0,0,0,0,0,0,182,0,0,0,0,0,0,0,0,0,0,0,0,0,0,0,0,0,0,0,0,2416,1680,1603,129,5.0,75.0,76.4,73.7,73.7,73.7,73.7,75.0,75.5,74.6,74.5,74.5,74.5,13.33,13.61,13.06,12.95,13.61,13.61,2.33,0.01,13.21,0.12,0.09,16619,1505,0.6,7.9,0,32.0,52,
8.10.2026,19:59:5.203,30135,65983,31.3,24188,24826,49.3,1.0,47104,461,1.050,1.069,1.034,1.052,1.048,1.048,1.048,3984.3,3984.3,3984.3,3984.3,3984.3,3984.3,3984.3,99.6,3685.5,996.1,1533.4,1869.0,939.8,1733.5,1259.3,1446.1,2808.8,1848.1,1112.1,1494.5,1044.6,1757.7,1086.9,1533.4,40.5,49.8,26.0,46.2,33.3,38.4,68.6,48.8,29.6,47.0,26.6,40.7,30.9,68.6,40.5,100.0,57.5,71.2,37.0,65.9,47.4,54.0,95.9,69.1,41.7,67.6,37.8,58.1,43.8,57.5,40.0,40.0,40.0,40.0,40.0,40.0,40.0,37.0,131,127,127,142,127,126,138,81,85,85,70,85,86,74,142,142,Không,Không,Không,Không,Không,Không,Không,Không,Không,Không,Không,Không,Không,Không,Không,Không,Không,Không,Không,Không,Không,Không,Không,Không,140,140,47.087,35.747,34.014,1.772,65.0,85.0,134.0,134.0,45.000,38.4,46.8,23.5,43.4,31.6,36.2,70.3,46.3,27.9,37.4,26.2,44.0,27.2,21.1,19.8,23.3,5.7,24.6,27.7,25.6,1593.7,16.00,22,22,22,52,74,880,2,Đúng,Không,Không,Không,Không,Không,Không,Không,Không,Không,Không,Không,Đúng,Đúng,Không,Không,Không,Không,Không,Không,Không,Không,Không,Không,Không,Không,Không,Không,Không,Không,Không,Không,Không,Không,Không,Không,Không,Không,Không,Không,Không,168.8,115,136,140,151,1.008,3.324,11.880,4.980,0.024,1.308,1.212,3.360,3.144,3.072,1544,0,0,Đúng,118,Không,Không,113,92.0,Không,Không,8827,12973,45315,127,87.0,100.0,Không,Không,46183,41441,100.0,100.0,100.0,12.016,4.214,21231,21152,0.0,0.0,0.0,0.000,0.030,368,669,0.1,1.0,1.1,0.157,3.311,23774,77233,112.8,127.2,181.4,0.675,6.355,4.927,12.000,0.076,6.024,6.280,0.255,19.600,19.600,696.0,810.0,658.0,696.1,801.5,31.0,16.0,0.0,19.0,41.0,11.1,22.3,0.0,50,Đúng,Không,Không,Không,Không,Đúng,Không,6,0,0,0,0,0,0,0,0,182,0,0,0,0,0,0,0,0,0,0,0,0,0,0,0,0,0,0,0,0,2416,1680,1603,130,5.0,75.0,75.9,73.9,73.8,73.8,73.8,75.0,75.3,74.7,74.6,74.6,74.6,13.33,13.56,13.13,13.12,13.57,13.57,2.39,0.01,13.21,0.12,0.08,16619,1505,2.5,6.0,0,32.0,52,
8.10.2026,19:59:10.768,30112,66006,31.3,24169,24845,49.3,1.0,47104,461,1.050,1.059,1.052,1.052,1.052,1.048,1.035,3984.3,3984.3,3984.3,3984.3,3984.3,3984.3,3984.3,99.6,3685.5,996.1,1624.4,2105.7,1172.7,1770.1,1325.6,1901.3,1146.1,2270.1,1882.9,1573.8,996.2,2013.6,1335.1,1624.4,42.9,55.8,31.0,46.4,40.1,49.4,30.8,53.6,42.1,43.2,29.6,51.2,41.6,55.8,42.9,100.0,61.0,79.3,44.4,66.3,57.0,70.5,44.3,75.7,59.5,61.9,42.6,72.5,58.6,61.0,40.0,40.0,40.0,40.0,40.0,40.0,40.0,37.0,130,133,127,126,140,124,129,82,79,85,86,72,88,83,140,140,Không,Không,Không,Không,Không,Không,Không,Không,Không,Không,Không,Không,Không,Không,Không,Không,Không,Không,Không,Không,Không,Không,Không,Không,138,138,44.204,36.842,35.136,1.736,65.0,85.0,134.0,134.0,33.000,40.7,52.6,29.4,44.4,33.2,47.6,28.7,56.9,47.2,39.4,25.0,50.5,33.5,22.1,17.8,18.5,24.0,14.6,32.9,24.7,1593.7,16.00,22,22,22,52,74,880,2,Đúng,Không,Không,Không,Không,Không,Không,Không,Không,Không,Không,Không,Đúng,Đúng,Không,Không,Không,Không,Không,Không,Không,Không,Không,Không,Không,Không,Không,Không,Không,Không,Không,Không,Không,Không,Không,Không,Không,Không,Không,Không,Không,168.8,115,136,138,151,1.020,3.324,11.880,4.980,0.024,1.308,1.212,3.360,3.144,3.072,1548,0,0,Đúng,118,Không,Không,113,92.0,Không,Không,8827,12973,45315,127,87.0,100.0,Không,Không,46183,41441,100.0,94.0,100.0,15.106,8.113,21282,21176,0.1,0.0,0.1,0.051,0.029,368,669,1.8,1.5,3.3,1.918,1.815,23779,77251,113.1,127.5,181.4,0.675,6.286,4.899,12.000,0.076,6.024,6.210,0.187,19.600,19.600,607.5,405.0,556.5,696.1,403.2,7.0,15.0,0.0,3.0,41.0,2.6,5.2,0.0,50,Đúng,Không,Không,Không,Không,Đúng,Không,6,0,0,0,0,0,0,0,0,183,0,0,0,0,0,0,0,0,0,0,0,0,0,0,0,0,0,0,0,0,2416,1680,1603,130,2.5,244.3,244.3,244.3,244.3,244.3,244.3,0.0,0.0,0.0,0.0,0.0,0.0,3.66,3.66,3.66,3.66,3.66,3.66,1.23,0.01,3.41,0.25,0.00,16619,1505,5.0,12.0,0,32.0,52,
8.10.2026,19:59:17.182,30172,65946,31.3,24215,24799,49.4,1.0,47104,461,1.052,1.049,1.054,1.050,1.053,1.051,1.058,3984.3,3984.3,3984.3,3984.3,3984.3,3984.3,3984.3,99.6,3685.5,996.1,1573.1,2628.5,1159.8,1567.3,1059.3,1406.6,1848.0,1609.9,1751.4,1697.7,1273.3,1560.0,1315.5,1573.1,39.5,67.6,29.2,39.7,26.5,33.8,46.0,40.7,43.1,46.7,29.7,39.1,32.3,67.6,39.5,100.0,56.6,94.6,41.3,57.9,38.6,49.0,65.6,58.8,61.0,66.7,42.7,56.7,46.1,56.6,40.0,40.0,40.0,40.0,40.0,40.0,40.0,37.0,133,131,135,140,129,133,129,79,81,77,72,83,79,83,138,140,Không,Không,Không,Không,Không,Không,Không,Không,Không,Không,Không,Không,Không,Không,Không,Không,Không,Không,Không,Không,Không,Không,Không,Không,140,140,43.243,37.056,35.310,1.770,65.0,85.0,134.0,134.0,43.000,39.4,65.9,29.1,39.3,26.5,35.2,46.3,40.3,43.9,42.5,31.9,39.1,33.0,14.7,5.1,18.7,14.5,9.9,17.6,22.2,1593.7,16.00,22,22,22,52,74,880,2,Đúng,Không,Không,Không,Không,Không,Không,Không,Không,Không,Không,Không,Đúng,Đúng,Không,Không,Không,Không,Không,Không,Không,Không,Không,Không,Không,Không,Không,Không,Không,Không,Không,Không,Không,Không,Không,Không,Không,Không,Không,Không,Không,168.8,115,136,142,151,1.008,3.285,11.952,5.010,0.024,1.308,1.212,3.360,3.144,3.072,1544,0,0,Đúng,118,Không,Không,113,92.0,Không,Không,8827,12973,45315,127,87.0,100.0,Không,Không,46183,41441,100.0,100.0,100.0,30.417,2.580,21487,21185,0.1,0.0,0.1,0.042,0.006,368,669,0.6,0.6,1.2,0.589,0.408,23781,77254,112.9,127.3,181.4,0.675,6.282,4.898,12.000,0.076,6.024,6.206,0.182,19.600,19.600,696.0,810.0,658.0,696.1,806.9,8.0,9.0,0.0,3.0,41.0,3.7,7.4,0.0,50,Đúng,Không,Không,Không,Không,Đúng,Không,6,0,0,0,0,0,0,0,0,184,0,0,0,0,0,0,0,0,0,0,0,0,0,0,0,0,0,0,0,0,2416,1680,1603,130,5.0,75.0,76.9,73.1,72.8,72.8,72.8,75.0,75.6,74.5,74.3,74.2,74.2,13.33,13.72,12.99,12.88,13.78,13.78,2.21,0.01,13.21,0.13,0.11,16619,1505,39.0,22.3,0,32.0,52,
8.10.2026,19:59:21.453,30162,65956,31.3,24246,24768,49.4,1.0,47104,461,1.052,1.066,1.055,1.045,1.046,1.049,1.049,3984.3,3984.3,3984.3,3984.3,3984.3,3984.3,3984.3,99.6,3685.5,996.1,1878.6,2062.0,1884.8,1887.0,2041.1,2209.4,1575.6,2512.9,1521.2,1975.1,1217.7,1903.8,1752.7,1878.6,48.8,54.8,48.6,49.0,49.2,57.0,41.0,58.9,38.3,55.0,33.4,54.3,45.9,58.9,48.8,100.0,69.4,77.8,68.7,70.3,69.8,80.8,58.7,83.5,54.9,78.3,48.3,76.9,65.0,69.4,40.0,40.0,40.0,40.0,40.0,40.0,40.0,37.0,134,124,151,136,142,124,129,78,88,61,76,70,88,83,151,151,Không,Không,Không,Không,Không,Không,Không,Không,Không,Không,Không,Không,Không,Không,Không,Không,Không,Không,Không,Không,Không,Không,Không,Không,147,147,49.009,40.661,38.873,1.804,65.0,85.0,134.0,134.0,49.000,47.1,51.7,47.2,47.3,51.1,55.3,39.5,63.0,38.1,49.5,30.5,47.7,43.9,13.4,6.7,12.7,11.9,8.3,22.3,18.4,1593.7,16.00,22,22,22,52,74,880,2,Đúng,Không,Không,Không,Không,Không,Không,Không,Không,Không,Không,Không,Đúng,Đúng,Không,Không,Không,Không,Không,Không,Không,Không,Không,Không,Không,Không,Không,Không,Không,Không,Không,Không,Không,Không,Không,Không,Không,Không,Không,Không,Không,170.6,115,135,144,153,1.020,3.265,11.880,4.980,0.024,1.308,1.212,3.360,3.144,3.072,1541,0,0,Đúng,118,Không,Không,113,92.0,Không,Không,8827,12973,45315,127,87.0,100.0,Không,Không,46183,41441,100.0,100.0,100.0,26.831,1.813,21584,21194,0.2,0.0,0.2,0.103,0.063,369,670,6.7,0.3,7.1,8.499,0.328,23801,77259,113.1,127.5,181.4,0.675,6.286,4.899,12.000,0.076,6.024,6.210,0.187,19.600,19.600,696.0,810.0,658.0,696.1,806.7,16.0,12.0,0.0,7.0,41.0,3.2,6.4,0.0,50,Đúng,Không,Không,Không,Không,Đúng,Không,6,0,0,0,0,0,0,0,0,184,0,0,0,0,0,0,0,0,0,0,0,0,0,0,0,0,0,0,0,0,2416,1680,1603,129,5.0,75.0,76.4,74.0,73.7,73.7,73.7,75.0,75.3,74.6,74.4,74.4,74.4,13.33,13.57,13.06,12.99,13.59,13.59,0.47,1.63,13.21,0.12,0.08,16620,1505,129.5,47.6,0,32.0,52,
8.10.2026,19:59:30.278,30252,65866,31.4,24303,24711,49.5,1.0,47104,461,1.037,1.062,1.018,1.017,1.060,1.034,1.029,3984.3,3984.3,3984.3,3984.3,3984.3,3984.3,3984.3,99.6,3685.5,996.1,1380.3,1677.4,895.6,1890.0,1040.3,1883.5,884.4,2326.3,1340.9,1066.5,1319.6,1305.4,934.0,1380.3,35.8,44.2,23.9,48.7,27.0,49.2,23.3,53.6,36.4,27.7,36.8,33.9,24.8,53.6,35.8,100.0,51.0,62.9,34.1,68.8,38.5,69.8,33.5,75.6,51.4,40.5,52.0,48.9,35.5,51.0,40.0,40.0,40.0,40.0,40.0,40.0,40.0,37.0,128,122,133,129,136,120,127,84,90,79,83,76,92,85,136,136,Không,Không,Không,Không,Không,Không,Không,Không,Không,Không,Không,Không,Không,Không,Không,Không,Không,Không,Không,Không,Không,Không,Không,Không,144,144,28.829,33.577,31.918,1.688,65.0,85.0,134.0,134.0,25.000,34.6,42.0,22.4,47.4,26.1,47.2,22.2,58.3,33.6,26.7,33.1,32.7,23.4,26.4,26.3,28.1,16.3,12.8,35.5,39.6,1593.7,16.00,22,22,22,52,74,880,2,Đúng,Không,Không,Không,Không,Không,Không,Không,Không,Không,Không,Không,Đúng,Đúng,Không,Không,Không,Không,Không,Không,Không,Không,Không,Không,Không,Không,Không,Không,Không,Không,Không,Không,Không,Không,Không,Không,Không,Không,Không,Không,Không,168.8,115,136,138,151,0.996,3.344,11.880,5.010,0.024,1.308,1.212,3.360,3.144,3.072,1523,0,0,Đúng,118,Không,Không,113,92.0,Không,Không,8827,12973,45315,126,87.0,100.0,Không,Không,46183,41441,100.0,100.0,100.0,11.618,1.629,21925,21205,0.1,0.2,0.3,0.064,0.110,370,671,1.0,0.3,1.3,1.193,0.385,23808,77270,112.9,127.3,181.4,0.675,6.281,4.897,12.000,0.076,6.024,6.205,0.182,19.600,19.600,696.0,810.0,658.0,696.1,805.4,8.0,9.0,0.0,3.0,41.3,2.5,5.0,0.0,50,Đúng,Không,Không,Không,Không,Đúng,Không,6,0,0,0,0,0,0,0,0,184,0,0,0,0,0,0,0,0,0,0,0,0,0,0,0,0,0,0,0,0,2403,1693,1616,132,5.0,75.0,76.6,73.7,72.9,72.8,72.8,75.0,75.5,74.6,74.3,74.3,74.3,13.33,13.60,13.01,12.90,13.78,13.78,0.39,1.64,13.21,0.12,0.11,16620,1505,12.2,10.6,0,32.0,52,
8.10.2026,19:59:34.706,30227,65891,31.4,24303,24712,49.5,1.0,47104,461,1.056,1.073,1.062,1.061,1.040,1.040,1.059,3984.3,3984.3,3984.3,3984.3,3984.3,3984.3,3984.3,99.6,3685.5,996.1,1548.2,1902.3,988.2,1606.9,1215.4,1981.2,2441.1,1489.3,1164.5,1579.9,988.8,1493.4,1726.8,1548.2,40.1,49.5,26.0,41.8,31.6,50.5,59.3,38.7,30.3,41.1,27.0,40.2,45.8,59.3,40.1,100.0,57.1,70.3,37.1,59.8,45.2,70.9,82.6,55.6,43.5,59.1,39.1,57.3,64.5,57.1,40.0,40.0,40.0,40.0,40.0,40.0,40.0,37.0,128,122,127,144,127,124,124,84,90,85,68,85,88,88,144,144,Không,Không,Không,Không,Không,Không,Không,Không,Không,Không,Không,Không,Không,Không,Không,Không,Không,Không,Không,Không,Không,Không,Không,Không,142,142,37.477,36.031,34.310,1.735,65.0,85.0,134.0,134.0,38.000,38.8,47.6,24.8,40.3,30.5,49.6,61.2,37.3,29.2,39.6,24.8,37.4,43.3,23.1,22.9,27.2,7.5,32.6,26.9,21.7,1593.7,16.00,22,22,22,52,74,880,2,Đúng,Không,Không,Không,Không,Không,Không,Không,Không,Không,Không,Không,Đúng,Đúng,Không,Không,Không,Không,Không,Không,Không,Không,Không,Không,Không,Không,Không,Không,Không,Không,Không,Không,Không,Không,Không,Không,Không,Không,Không,Không,Không,168.8,115,136,142,151,1.020,3.324,11.880,4.980,0.024,1.308,1.212,3.360,3.144,3.072,1544,0,0,Đúng,118,Không,Không,113,92.0,Không,Không,8827,12973,45315,126,87.0,100.0,Không,Không,46183,41441,100.0,100.0,100.0,13.609,1.769,21986,21214,0.0,0.0,0.1,0.020,0.091,370,671,0.2,0.4,0.6,0.138,0.331,23809,77271,112.8,127.2,181.4,0.675,6.286,4.899,12.000,0.076,6.024,6.210,0.186,19.600,19.600,696.0,810.0,658.0,696.1,805.5,8.0,9.0,0.0,3.0,41.0,2.5,5.0,0.0,50,Đúng,Không,Không,Không,Không,Đúng,Không,6,0,0,0,0,0,0,0,0,184,0,0,0,0,0,0,0,0,0,0,0,0,0,0,0,0,0,0,0,0,2415,1681,1604,131,5.0,75.0,76.2,73.8,73.7,73.6,73.6,75.0,75.3,74.7,74.7,74.7,74.7,13.33,13.58,13.11,13.09,13.61,13.61,0.42,1.61,13.21,0.12,0.09,16620,1505,14.8,9.7,0,32.0,52,
8.10.2026,19:59:44.965,30233,65885,31.4,24502,24512,49.9,1.0,47104,461,1.048,1.048,1.047,1.047,1.049,1.048,1.047,3984.3,3984.3,3984.3,3984.3,3984.3,3984.3,3984.3,99.6,3685.5,996.1,1807.3,1978.7,1358.3,2146.2,1402.4,1840.1,1439.2,1941.2,1735.0,2787.4,1332.0,1768.9,1958.1,1807.3,47.1,51.7,35.5,55.3,37.2,48.0,37.7,50.7,44.4,71.4,36.6,46.4,50.7,71.4,47.1,100.0,66.5,73.3,50.2,78.0,52.9,68.2,53.6,71.6,62.6,99.8,51.6,65.6,71.1,66.5,40.0,40.0,40.0,40.0,40.0,40.0,40.0,37.0,136,136,142,133,138,131,135,76,76,70,79,74,81,77,145,142,Không,Không,Không,Không,Không,Không,Không,Không,Không,Không,Không,Không,Không,Không,Không,Không,Không,Không,Không,Không,Không,Không,Không,Không,144,144,52.852,38.527,36.747,1.801,65.0,85.0,134.0,134.0,52.000,45.3,49.6,34.0,53.8,35.1,46.1,36.1,48.6,43.5,69.8,33.4,44.3,49.0,16.7,19.6,20.4,21.8,12.0,9.3,17.2,1593.7,16.00,22,22,22,52,74,880,2,Đúng,Không,Không,Không,Không,Không,Không,Không,Không,Không,Không,Không,Đúng,Đúng,Không,Không,Không,Không,Không,Không,Không,Không,Không,Không,Không,Không,Không,Không,Không,Không,Không,Không,Không,Không,Không,Không,Không,Không,Không,Không,Không,168.8,115,136,142,153,1.020,3.285,11.952,4.980,0.024,1.308,1.212,3.360,3.144,3.072,1562,0,0,Đúng,118,Không,Không,113,92.0,Không,Không,8827,12973,45315,129,87.0,100.0,Không,Không,46183,41441,100.0,100.0,100.0,4.770,2.780,22090,21239,0.3,0.2,0.5,0.145,0.095,371,671,7.8,22.7,30.5,10.498,74.611,23859,78050,113.1,127.5,181.4,0.675,6.289,4.900,12.000,0.076,6.024,6.213,0.189,19.600,19.600,696.0,810.0,658.0,696.1,805.8,9.0,9.0,0.0,3.0,41.0,2.5,5.0,0.0,50,Đúng,Không,Không,Không,Không,Đúng,Không,6,0,0,0,0,0,0,0,0,184,0,0,0,0,0,0,0,0,0,0,0,0,0,0,0,0,0,0,0,0,2415,1681,1604,132,5.0,75.0,76.6,73.6,73.5,73.5,73.5,75.0,75.2,74.7,74.7,74.7,74.7,13.34,13.63,13.03,12.99,13.66,13.66,0.41,1.26,13.21,0.13,0.09,16621,1506,5.3,4.2,0,32.0,52,
8.10.2026,19:59:51.557,30318,65800,31.5,25084,23931,51.1,1.0,47104,461,1.045,1.046,1.040,1.044,1.047,1.050,1.045,3984.3,3984.3,3984.3,3984.3,3984.3,3984.3,3984.3,99.6,3685.5,996.1,1937.8,2472.4,1325.4,2049.7,2040.1,2315.4,1574.6,2065.4,1709.8,2320.2,1638.9,1980.2,1761.1,1937.8,50.0,63.7,33.9,52.2,51.6,58.8,40.2,52.3,44.1,62.0,43.1,52.2,46.0,63.7,50.0,100.0,71.0,90.0,49.2,74.4,73.2,83.4,57.5,74.5,62.8,86.9,60.9,73.8,65.4,71.0,40.0,40.0,40.0,40.0,40.0,40.0,40.0,37.0,138,136,144,140,138,135,135,74,76,68,72,74,77,77,144,144,Không,Không,Không,Không,Không,Không,Không,Không,Không,Không,Không,Không,Không,Không,Không,Không,Không,Không,Không,Không,Không,Không,Không,Không,147,147,42.282,42.615,40.817,1.816,65.0,85.0,134.0,134.0,36.000,48.6,62.0,33.2,51.4,51.1,58.0,39.5,51.8,42.8,58.1,41.1,49.6,44.1,11.6,11.6,9.6,11.0,14.7,7.6,14.9,1593.7,16.00,22,22,22,52,74,880,2,Đúng,Không,Không,Không,Không,Không,Không,Không,Không,Không,Không,Không,Đúng,Đúng,Không,Không,Không,Không,Không,Không,Không,Không,Không,Không,Không,Không,Không,Không,Không,Không,Không,Không,Không,Không,Không,Không,Không,Không,Không,Không,Không,168.8,115,135,144,153,1.032,3.324,11.808,4.980,0.024,1.308,1.212,3.360,3.144,3.072,1558,0,0,Đúng,118,Không,Không,113,92.0,Không,Không,8827,12973,45315,129,87.0,100.0,Không,Không,46185,41441,100.0,100.0,100.0,4.071,3.167,22127,21259,0.0,0.0,0.0,0.000,0.024,372,672,0.4,25.2,25.7,0.488,225.630,23912,78812,113.0,127.4,181.4,0.675,6.282,4.898,12.000,0.076,6.024,6.206,0.183,19.600,19.600,696.0,810.0,658.0,696.1,805.0,7.0,9.0,0.0,2.0,41.0,2.5,5.0,0.0,50,Đúng,Không,Không,Không,Không,Đúng,Không,6,0,0,0,0,0,0,0,0,184,0,0,0,0,0,0,0,0,0,0,0,0,0,0,0,0,0,0,0,0,2415,1681,1604,132,5.0,75.0,77.1,73.2,72.9,72.9,72.9,75.0,75.9,74.2,73.4,73.3,73.3,13.33,13.71,12.95,12.93,13.72,13.72,0.42,1.62,13.20,0.13,0.14,16621,1506,20.5,18.9,0,33.8,52,
8.10.2026,19:59:56.585,30278,65840,31.5,24372,24642,49.7,1.0,47104,461,1.046,1.049,1.050,1.045,1.045,1.041,1.042,3984.3,3984.3,3984.3,3984.3,3984.3,3984.3,3984.3,99.6,3685.5,996.1,1469.2,1692.7,1044.7,1398.8,1901.6,1481.8,2318.8,1354.5,989.4,1217.9,1197.5,1498.0,1534.4,1469.2,39.0,44.0,26.9,36.1,48.2,40.3,58.4,35.8,40.5,37.3,36.1,33.9,30.8,58.4,39.0,100.0,55.7,63.1,38.9,52.0,68.1,57.2,81.8,51.7,57.4,53.6,51.4,49.2,44.2,55.7,40.0,40.0,40.0,40.0,40.0,40.0,40.0,37.0,139,136,147,140,136,138,136,73,76,65,72,76,74,76,145,147,Không,Không,Không,Không,Không,Không,Không,Không,Không,Không,Không,Không,Không,Không,Không,Không,Không,Không,Không,Không,Không,Không,Không,Không,147,147,39.399,35.867,34.212,1.688,65.0,85.0,134.0,134.0,34.000,36.8,42.4,26.2,35.0,47.6,37.1,58.1,33.9,24.8,30.5,30.0,37.5,38.4,27.2,34.9,19.8,14.3,29.2,31.4,33.9,1593.7,16.00,22,22,22,52,74,880,2,Đúng,Không,Không,Không,Không,Không,Không,Không,Không,Không,Không,Không,Đúng,Đúng,Không,Không,Không,Không,Không,Không,Không,Không,Không,Không,Không,Không,Không,Không,Không,Không,Không,Không,Không,Không,Không,Không,Không,Không,Không,Không,Không,168.8,115,135,144,153,1.008,3.285,11.880,4.950,0.024,1.308,1.212,3.360,3.144,3.072,1566,0,0,Đúng,118,Không,Không,113,92.0,Không,Không,8827,12973,45315,133,87.0,100.0,Không,Không,46185,41441,100.0,91.5,100.0,5.627,1.524,22146,21269,0.0,0.1,0.1,0.000,0.089,372,672,5.8,66.2,72.1,0.065,9.614,23933,79542,112.8,127.2,181.4,0.675,6.281,4.897,12.000,0.076,6.024,6.205,0.182,19.600,19.600,278.0,405.0,544.0,696.1,402.8,20.0,18.0,0.0,5.0,41.0,3.0,6.0,0.0,50,Đúng,Không,Không,Không,Không,Đúng,Không,6,0,0,0,0,0,0,0,0,185,0,0,0,0,0,0,0,0,0,0,0,0,0,0,0,0,0,0,0,0,2415,1681,1604,132,2.5,75.0,76.0,73.8,73.7,73.7,73.7,75.0,75.3,74.7,74.6,74.6,74.6,13.34,13.62,13.11,13.08,13.66,13.66,0.40,1.63,13.21,0.12,0.09,16621,1507,9.0,2.9,0,33.8,52,
8.10.2026,20:0:0.209,30258,65860,31.4,24351,24663,49.6,1.0,47104,461,1.047,1.048,1.048,1.047,1.049,1.048,1.044,3984.3,3984.3,3984.3,3984.3,3984.3,3984.3,3984.3,99.6,3685.5,996.1,1502.2,1929.1,1087.8,1620.3,1642.0,1627.7,946.6,1868.1,1301.6,1986.1,1062.0,1714.7,1239.9,1502.2,40.8,50.4,28.7,42.1,43.3,42.6,27.0,48.7,57.8,54.3,25.7,39.6,29.3,57.8,40.8,100.0,57.6,71.3,40.5,60.0,60.9,60.8,38.5,68.0,80.3,76.7,36.6,56.6,41.6,57.7,40.0,40.0,40.0,40.0,40.0,40.0,40.0,37.0,136,131,142,135,136,133,140,76,81,70,77,76,79,72,142,142,Không,Không,Không,Không,Không,Không,Không,Không,Không,Không,Không,Không,Không,Không,Không,Không,Không,Không,Không,Không,Không,Không,Không,Không,140,140,38.438,37.915,35.514,2.432,65.0,85.0,134.0,134.0,22.000,37.6,48.1,27.3,40.6,41.1,40.8,23.7,46.8,32.6,49.8,26.6,43.0,31.1,19.1,19.0,18.6,29.0,1.8,18.2,28.3,1593.7,16.00,22,22,22,52,74,880,2,Đúng,Không,Không,Không,Không,Không,Không,Không,Không,Không,Không,Không,Đúng,Đúng,Không,Không,Không,Không,Không,Không,Không,Không,Không,Không,Không,Không,Không,Không,Không,Không,Không,Không,Không,Không,Không,Không,Không,Không,Không,Không,Không,168.8,115,136,142,153,1.020,3.285,11.952,5.010,0.024,1.308,1.212,3.360,3.144,3.072,1544,0,0,Đúng,118,Không,Không,113,92.0,Không,Không,8827,12973,45315,133,87.0,100.0,Không,Không,46185,41441,100.0,100.0,100.0,12.367,2.147,22198,21276,0.0,0.1,0.1,0.000,0.067,372,672,7.4,100.0,100.0,0.182,10.479,23933,79585,112.7,127.1,181.4,0.675,6.292,4.902,12.000,0.076,6.024,6.216,0.192,19.600,19.600,202.5,405.0,544.0,134.0,401.9,20.0,18.0,0.0,5.0,41.0,5.4,10.8,0.0,50,Đúng,Không,Không,Không,Không,Đúng,Không,6,0,0,0,0,0,0,0,0,185,0,0,0,0,0,0,0,0,0,0,0,0,0,0,0,0,0,0,0,0,2415,1681,1604,121,2.5,75.0,76.3,73.9,73.7,73.7,73.7,75.0,75.4,74.6,74.3,74.3,74.3,13.34,13.57,13.09,13.09,13.62,13.62,0.81,0.36,13.21,0.13,0.09,16621,1507,10.9,13.3,0,33.8,52,
8.10.2026,20:0:7.711,30268,65850,31.4,24343,24671,49.6,1.0,47104,461,1.044,1.059,1.046,1.046,1.027,1.039,1.046,3984.3,3984.3,3984.3,3984.3,3984.3,3984.3,3984.3,99.6,3685.5,996.1,1674.6,1889.3,1479.7,2778.9,1532.6,1705.6,1327.1,1929.7,1488.3,1623.4,1588.1,1549.8,1202.5,1674.6,44.0,50.3,33.9,75.3,38.2,44.9,42.8,49.6,35.6,42.6,36.4,43.2,35.0,75.3,44.0,100.0,62.5,71.6,48.3,105.2,54.2,64.2,60.7,70.5,50.8,61.0,51.8,62.0,49.9,62.5,40.0,40.0,40.0,40.0,40.0,40.0,40.0,37.0,135,144,147,131,127,135,124,77,68,65,81,85,77,88,144,147,Không,Không,Không,Không,Không,Không,Không,Không,Không,Không,Không,Không,Không,Không,Không,Không,Không,Không,Không,Không,Không,Không,Không,Không,147,147,34.594,38.787,36.373,2.461,65.0,85.0,134.0,134.0,41.000,42.0,47.3,37.1,69.6,38.4,42.7,33.3,48.4,37.3,40.7,39.8,38.8,30.1,21.5,23.3,6.7,20.6,20.6,28.2,29.5,1593.7,16.00,22,22,22,52,74,880,2,Đúng,Không,Không,Không,Không,Không,Không,Không,Không,Không,Không,Không,Đúng,Đúng,Không,Không,Không,Không,Không,Không,Không,Không,Không,Không,Không,Không,Không,Không,Không,Không,Không,Không,Không,Không,Không,Không,Không,Không,Không,Không,Không,168.8,115,135,144,153,1.008,3.245,11.880,4.980,0.024,1.320,1.212,3.360,3.144,3.072,1562,0,0,Đúng,118,Không,Không,113,92.0,Không,Không,8827,12973,45315,135,87.0,100.0,Không,Không,46185,41441,100.0,100.0,100.0,10.858,1.933,22281,21291,0.0,0.1,0.1,0.000,0.091,372,673,56.5,100.0,100.0,1.414,14.520,23940,79674,112.5,127.0,181.4,0.675,6.279,4.897,12.000,0.076,6.024,6.203,0.180,19.600,19.600,139.0,405.0,544.0,134.0,402.2,20.0,18.0,0.0,5.0,41.0,5.3,10.6,0.0,50,Đúng,Không,Không,Không,Không,Đúng,Không,6,0,0,0,0,0,0,0,0,185,0,0,0,0,0,0,0,0,0,0,0,0,0,0,0,0,0,0,0,0,2415,1681,1604,121,2.5,75.0,76.2,73.4,73.1,73.0,73.0,75.0,75.6,74.4,74.1,74.1,74.1,13.33,13.70,13.07,13.05,13.76,13.76,0.78,0.71,13.21,0.12,0.11,16621,1507,3.9,4.3,0,32.0,52,
8.10.2026,20:0:10.654,30244,65874,31.4,24321,24693,49.6,1.0,47104,461,1.042,1.050,1.049,1.032,1.042,1.038,1.041,3984.3,3984.3,3984.3,3984.3,3984.3,3984.3,3984.3,99.6,3685.5,996.1,1490.4,1671.7,903.1,1687.0,1969.5,2792.8,883.0,1519.2,1332.4,1535.2,965.7,1708.7,916.3,1490.4,37.5,42.6,28.7,40.4,50.4,66.2,22.7,36.8,27.3,39.1,30.5,42.9,21.9,66.2,37.5,100.0,53.2,60.9,40.6,57.4,70.5,92.4,32.5,52.9,39.0,55.9,43.4,61.1,31.6,53.2,40.0,40.0,40.0,40.0,40.0,40.0,40.0,37.0,130,124,135,149,126,120,124,82,88,77,63,86,92,88,144,149,Không,Không,Không,Không,Không,Không,Không,Không,Không,Không,Không,Không,Không,Không,Không,Không,Không,Không,Không,Không,Không,Không,Không,Không,144,144,26.907,36.382,34.012,2.399,65.0,85.0,134.0,134.0,28.000,37.3,41.9,22.6,42.3,49.3,70.0,22.1,38.1,33.4,38.5,24.2,42.8,23.0,26.0,26.1,15.8,15.2,33.8,30.8,34.5,1593.7,16.00,22,22,22,52,74,880,2,Đúng,Không,Không,Không,Không,Không,Không,Không,Không,Không,Không,Không,Đúng,Đúng,Không,Không,Không,Không,Không,Không,Không,Không,Không,Không,Không,Không,Không,Không,Không,Không,Không,Không,Không,Không,Không,Không,Không,Không,Không,Không,Không,168.8,115,136,140,153,1.032,3.245,11.952,5.010,0.024,1.308,1.212,3.360,3.144,3.072,1573,0,0,Đúng,118,Không,Không,113,92.0,Không,Không,8827,12973,45315,136,87.0,100.0,Không,Không,46185,41441,100.0,68.3,100.0,15.780,1.092,22311,21293,0.0,0.0,0.0,0.000,0.031,372,673,10.1,94.7,100.0,0.198,8.767,23940,79691,112.8,127.2,181.4,0.675,6.283,4.898,12.000,0.076,6.024,6.207,0.184,19.600,19.600,139.0,405.0,544.0,134.0,402.2,20.0,18.0,0.0,5.0,41.0,5.3,10.5,0.0,50,Đúng,Không,Không,Không,Không,Đúng,Không,6,0,0,0,0,0,0,0,0,185,0,0,0,0,0,0,0,0,0,0,0,0,0,0,0,0,0,0,0,0,2415,1681,1604,121,2.5,75.0,76.1,73.8,73.4,73.3,73.3,75.0,75.3,74.7,74.6,74.6,74.6,13.33,13.58,13.09,12.95,13.73,13.73,0.78,0.18,13.21,0.12,0.08,16621,1507,2.6,5.1,0,32.0,52,
8.10.2026,20:0:18.487,30480,65638,31.7,24396,24618,49.7,1.0,47104,461,1.051,1.050,1.049,1.055,1.051,1.051,1.051,3984.3,3984.3,3984.3,3984.3,3984.3,3984.3,3984.3,99.6,3685.5,996.1,1636.4,1907.6,1183.1,1869.1,1814.7,1651.8,1860.9,1972.6,1199.5,1765.8,1215.7,1890.2,1305.8,1636.4,41.8,49.7,31.0,48.1,46.4,41.8,47.0,51.1,30.0,45.0,31.4,46.7,34.1,51.1,41.8,100.0,59.5,70.8,44.2,68.0,65.5,59.5,66.2,72.5,43.2,64.2,45.0,66.4,48.5,59.5,40.0,40.0,40.0,40.0,40.0,40.0,40.0,37.0,133,126,133,140,127,135,140,79,86,79,72,85,77,72,144,140,Không,Không,Không,Không,Không,Không,Không,Không,Không,Không,Không,Không,Không,Không,Không,Không,Không,Không,Không,Không,Không,Không,Không,Không,144,144,21.141,38.880,36.498,2.412,65.0,85.0,134.0,134.0,21.000,41.0,47.8,29.6,46.8,45.4,41.4,46.6,49.4,30.1,44.2,30.5,47.3,32.7,19.5,19.8,14.4,16.9,22.4,26.7,17.0,1593.7,16.00,22,22,22,52,74,880,2,Đúng,Không,Không,Không,Không,Không,Không,Không,Không,Không,Không,Không,Đúng,Đúng,Không,Không,Không,Không,Không,Không,Không,Không,Không,Không,Không,Không,Không,Không,Không,Không,Không,Không,Không,Không,Không,Không,Không,Không,Không,Không,Không,170.6,115,136,142,153,1.020,3.245,11.880,5.010,0.024,1.308,1.212,3.360,3.144,3.072,1588,0,0,Đúng,118,Không,Không,113,92.0,Không,Không,8827,12973,45315,138,87.0,100.0,Không,Không,46185,41441,100.0,100.0,100.0,86.663,0.330,22603,21305,0.0,0.2,0.2,0.000,0.053,372,673,4.2,44.7,49.0,1.320,3.932,23947,79730,112.8,127.2,181.4,0.675,6.283,4.898,12.000,0.076,6.024,6.207,0.184,19.600,19.600,139.0,405.0,544.0,134.1,403.4,20.0,18.0,0.0,5.0,41.0,5.2,10.4,0.0,50,Đúng,Không,Không,Không,Không,Đúng,Không,6,0,0,0,0,0,0,0,0,185,0,0,0,0,0,0,0,0,0,0,0,0,0,0,0,0,0,0,0,0,2415,1681,1604,121,2.5,75.0,76.5,73.9,73.7,73.7,73.7,75.0,75.3,74.7,74.7,74.7,74.7,13.33,13.58,13.01,12.90,13.67,13.67,0.82,0.01,13.21,0.12,0.08,16621,1507,10.4,15.6,0,33.8,52,
8.10.2026,20:0:22.940,30212,65907,31.4,24317,24698,49.6,1.0,47104,461,1.052,1.056,1.039,1.060,1.055,1.044,1.056,3984.3,3984.3,3984.3,3984.3,3984.3,3984.3,3984.3,99.6,3685.5,996.1,1509.7,1899.5,893.7,1320.0,1391.8,1585.4,982.0,2016.1,1037.5,1095.0,3010.6,1676.3,1208.5,1509.7,38.2,48.5,22.6,33.4,35.2,40.0,24.8,50.8,26.2,27.8,75.5,42.4,30.9,75.5,38.2,100.0,54.0,68.7,32.0,48.1,49.6,57.3,35.5,71.3,37.1,39.3,104.7,60.1,43.6,54.0,40.0,40.0,40.0,40.0,40.0,40.0,40.0,37.0,132,127,135,136,131,138,127,80,85,77,76,81,74,85,142,138,Không,Không,Không,Không,Không,Không,Không,Không,Không,Không,Không,Không,Không,Không,Không,Không,Không,Không,Không,Không,Không,Không,Không,Không,142,142,44.204,36.806,34.453,2.398,65.0,85.0,134.0,134.0,53.000,37.8,47.6,22.4,33.1,34.9,39.7,24.6,50.5,26.0,27.4,75.4,42.0,30.3,24.6,20.4,35.5,31.6,30.5,0.5,29.3,1593.7,16.00,22,22,22,52,74,880,2,Đúng,Không,Không,Không,Không,Không,Không,Không,Không,Không,Không,Không,Đúng,Đúng,Không,Không,Không,Không,Không,Không,Không,Không,Không,Không,Không,Không,Không,Không,Không,Không,Không,Không,Không,Không,Không,Không,Không,Không,Không,Không,Không,168.8,115,136,142,153,0.996,3.245,11.952,5.040,0.024,1.308,1.212,3.360,3.144,3.072,1569,0,0,Đúng,118,Không,Không,113,92.0,Không,Không,8827,12973,45315,138,87.0,100.0,Không,Không,46185,41441,100.0,83.8,100.0,10.763,1.956,22716,21310,0.0,0.0,0.0,0.000,0.055,372,674,1.4,39.3,40.6,0.268,3.608,23948,79749,112.7,127.1,181.4,0.675,6.286,4.899,12.000,0.076,6.024,6.210,0.186,19.600,19.600,139.0,405.0,544.0,134.0,403.4,19.0,18.0,0.0,5.0,41.0,5.3,10.6,0.0,50,Đúng,Không,Không,Không,Không,Đúng,Không,6,0,0,0,0,0,0,0,0,185,0,0,0,0,0,0,0,0,0,0,0,0,0,0,0,0,0,0,0,0,2415,1681,1604,121,2.5,75.0,76.7,73.9,73.9,73.9,73.9,75.0,75.5,74.6,74.5,74.5,74.5,13.33,13.55,13.04,12.99,13.56,13.56,0.80,0.54,13.21,0.12,0.09,16621,1507,3.4,3.1,0,33.8,52,
8.10.2026,20:0:29.689,30234,65884,31.4,24359,24655,49.6,1.0,47104,461,1.044,1.048,1.031,1.051,1.048,1.043,1.046,3984.3,3984.3,3984.3,3984.3,3984.3,3984.3,3984.3,99.6,3685.5,996.1,1161.7,1384.3,1096.0,1912.2,1960.9,1151.9,672.6,913.2,820.0,1232.8,617.4,1394.2,784.5,1161.7,30.8,35.6,31.3,47.8,46.1,29.9,17.1,23.6,37.4,32.1,16.6,35.1,17.2,47.8,30.8,100.0,43.3,50.6,43.4,66.5,63.9,42.7,24.2,33.5,52.0,45.5,23.4,49.6,24.1,43.3,40.0,40.0,40.0,40.0,40.0,40.0,40.0,37.0,129,122,145,124,127,122,131,83,90,67,88,85,90,81,145,145,Không,Không,Không,Không,Không,Không,Không,Không,Không,Không,Không,Không,Không,Không,Không,Không,Không,Không,Không,Không,Không,Không,Không,Không,136,136,50.930,31.426,29.094,2.348,65.0,85.0,134.0,134.0,46.000,29.1,34.7,27.5,47.9,49.1,28.9,16.9,22.9,20.5,30.9,15.5,34.9,19.7,40.8,37.9,13.8,53.0,40.6,53.3,46.2,1593.7,16.00,22,22,22,52,74,880,2,Đúng,Không,Không,Không,Không,Không,Không,Không,Không,Không,Không,Không,Đúng,Đúng,Không,Không,Không,Không,Không,Không,Không,Không,Không,Không,Không,Không,Không,Không,Không,Không,Không,Không,Không,Không,Không,Không,Không,Không,Không,Không,Không,168.8,115,136,142,153,1.008,3.285,11.952,5.010,0.024,1.320,1.212,3.360,3.144,3.072,1566,0,0,Đúng,118,Không,Không,113,92.0,Không,Không,8827,12973,45315,138,87.0,100.0,Không,Không,46185,41441,100.0,100.0,100.0,4.474,5.576,22816,21342,0.0,0.0,0.0,0.000,0.018,372,674,3.1,18.0,21.1,0.180,0.766,23954,79763,112.5,127.0,181.4,0.675,6.289,4.900,12.000,0.076,6.024,6.213,0.190,19.600,19.600,139.0,405.0,544.0,134.1,402.7,21.0,19.0,0.0,5.0,41.1,5.2,10.4,0.0,50,Đúng,Không,Không,Không,Không,Đúng,Không,6,0,0,0,0,0,0,0,0,185,0,0,0,0,0,0,0,0,0,0,0,0,0,0,0,0,0,0,0,0,2412,1684,1604,121,2.5,75.0,76.5,73.5,73.4,73.4,73.4,75.0,75.4,74.6,74.4,74.4,74.4,13.33,13.65,13.04,12.99,13.67,13.67,0.79,0.18,13.22,0.12,0.10,16621,1507,3.1,8.4,0,32.0,52,
8.10.2026,20:0:35.102,30267,65851,31.4,24373,24641,49.7,1.0,47104,461,1.041,1.065,1.030,1.041,1.026,1.052,1.033,3984.3,3984.3,3984.3,3984.3,3984.3,3984.3,3984.3,99.6,3685.5,996.1,1271.5,1777.3,661.2,886.3,2957.8,1335.7,846.3,1333.6,1316.1,1308.7,679.4,1391.1,763.9,1271.5,31.7,45.2,16.9,22.2,73.6,33.8,21.7,34.0,28.2,34.7,17.7,33.4,19.5,73.6,31.7,100.0,45.2,64.3,24.2,32.0,102.1,48.6,31.1,48.7,39.9,49.8,25.7,48.0,28.1,45.2,40.0,40.0,40.0,40.0,40.0,40.0,40.0,37.0,131,124,147,124,127,131,135,81,88,65,88,85,81,77,147,147,Không,Không,Không,Không,Không,Không,Không,Không,Không,Không,Không,Không,Không,Không,Không,Không,Không,Không,Không,Không,Không,Không,Không,Không,138,138,51.891,32.067,29.757,2.349,65.0,85.0,134.0,134.0,52.000,31.9,44.5,16.6,22.2,74.1,33.5,21.2,33.4,33.0,32.8,17.0,34.9,19.1,34.7,31.3,15.1,39.6,39.6,39.5,42.9,1593.7,16.00,22,22,22,52,74,880,2,Đúng,Không,Không,Không,Không,Không,Không,Không,Không,Không,Không,Không,Đúng,Đúng,Không,Không,Không,Không,Không,Không,Không,Không,Không,Không,Không,Không,Không,Không,Không,Không,Không,Không,Không,Không,Không,Không,Không,Không,Không,Không,Không,168.8,115,136,142,153,0.996,3.245,11.952,5.040,0.024,1.308,1.212,3.360,3.144,3.072,1558,0,0,Đúng,118,Không,Không,113,92.0,Không,Không,8827,12973,45315,140,87.0,100.0,Không,Không,46185,41441,100.0,100.0,100.0,4.628,9.114,22829,21373,0.0,0.2,0.2,0.000,0.097,372,674,8.2,13.1,21.3,1.275,0.727,23957,79766,112.4,126.8,181.4,0.675,6.280,4.897,12.000,0.076,6.024,6.204,0.180,19.600,19.600,139.0,405.0,544.0,134.1,403.2,21.0,19.0,0.0,5.0,41.0,5.3,10.6,0.0,50,Đúng,Không,Không,Không,Không,Đúng,Không,6,0,0,0,0,0,0,0,0,185,0,0,0,0,0,0,0,0,0,0,0,0,0,0,0,0,0,0,0,0,2415,1681,1604,125,2.5,75.0,76.2,73.9,73.8,73.8,73.8,75.0,75.5,74.5,74.4,74.4,74.4,13.34,13.54,13.09,13.08,13.57,13.57,0.76,0.01,13.22,0.12,0.09,16622,1507,270.9,8.3,0,32.0,52,
8.10.2026,20:0:38.234,30250,65868,31.4,24352,24662,49.6,1.0,47104,461,1.047,1.056,1.041,1.049,1.047,1.048,1.043,3984.3,3984.3,3984.3,3984.3,3984.3,3984.3,3984.3,99.6,3685.5,996.1,1472.5,2012.6,1084.5,1829.1,1142.3,1468.9,1154.1,1133.7,2904.1,1502.9,844.8,1653.2,939.2,1472.5,38.7,51.5,27.6,46.5,29.0,37.2,34.6,32.1,70.4,40.6,24.3,43.5,27.3,70.4,38.7,100.0,55.3,73.4,39.7,66.7,41.9,53.8,49.3,45.7,97.9,58.4,35.6,62.4,39.3,55.3,40.0,40.0,40.0,40.0,40.0,40.0,40.0,37.0,132,136,133,129,133,129,129,80,76,79,83,79,83,83,136,136,Không,Không,Không,Không,Không,Không,Không,Không,Không,Không,Không,Không,Không,Không,Không,Không,Không,Không,Không,Không,Không,Không,Không,Không,145,145,45.165,36.046,33.643,2.436,65.0,85.0,134.0,134.0,45.000,36.9,50.4,27.2,45.8,28.6,36.8,28.9,28.4,72.8,37.7,21.2,41.4,23.5,23.7,20.1,23.1,30.9,6.0,32.5,29.9,1593.7,16.00,22,22,22,52,74,880,2,Đúng,Không,Không,Không,Không,Không,Không,Không,Không,Không,Không,Không,Đúng,Đúng,Không,Không,Không,Không,Không,Không,Không,Không,Không,Không,Không,Không,Không,Không,Không,Không,Không,Không,Không,Không,Không,Không,Không,Không,Không,Không,Không,168.8,115,136,140,153,0.996,3.285,11.952,5.040,0.024,1.308,1.212,3.360,3.144,3.072,1551,0,0,Đúng,118,Không,Không,113,92.0,Không,Không,8827,12973,45315,140,87.0,100.0,Không,Không,46185,41441,100.0,100.0,100.0,10.671,2.866,22856,21382,0.0,0.0,0.0,0.000,0.021,372,675,3.1,1.5,4.6,2.203,0.236,23960,79768,112.8,127.2,181.4,0.675,6.289,4.900,12.000,0.076,6.024,6.213,0.190,19.600,19.600,139.0,405.0,544.0,134.0,402.1,22.0,19.0,0.0,5.0,41.1,5.2,10.4,0.0,50,Đúng,Không,Không,Không,Không,Đúng,Không,6,0,0,0,0,0,0,0,0,185,0,0,0,0,0,0,0,0,0,0,0,0,0,0,0,0,0,0,0,0,2412,1684,1607,125,2.5,75.0,76.2,73.9,73.8,73.8,73.8,75.0,75.5,74.6,74.5,74.5,74.5,13.33,13.53,13.07,13.02,13.55,13.55,0.77,0.19,13.22,0.12,0.09,16623,1507,535.9,11.1,0,32.0,52,
8.10.2026,20:0:41.335,30282,65836,31.5,24393,24621,49.7,1.0,47104,461,1.047,1.045,1.050,1.039,1.051,1.045,1.049,3984.3,3984.3,3984.3,3984.3,3984.3,3984.3,3984.3,99.6,3685.5,996.1,1136.3,2013.0,1505.0,1197.9,872.9,984.5,1252.1,1356.9,696.5,1026.5,502.8,1229.1,998.2,1136.3,28.8,51.3,37.8,30.2,21.8,24.6,31.3,34.0,24.5,24.2,12.5,29.1,23.8,51.3,28.8,100.0,41.7,72.6,53.0,44.3,31.9,36.4,44.8,49.1,35.6,36.1,19.4,42.4,34.5,41.7,40.0,40.0,40.0,40.0,40.0,40.0,40.0,37.0,135,133,135,136,131,138,136,77,79,77,76,81,74,76,140,138,Không,Không,Không,Không,Không,Không,Không,Không,Không,Không,Không,Không,Không,Không,Không,Không,Không,Không,Không,Không,Không,Không,Không,Không,144,144,33.633,38.209,35.756,2.483,65.0,85.0,134.0,134.0,20.000,28.5,50.4,37.7,30.0,21.9,24.7,31.4,34.0,17.5,25.7,12.6,30.8,25.0,39.0,13.0,45.0,41.7,37.3,55.0,42.1,1593.7,16.00,22,22,22,52,74,880,2,Đúng,Không,Không,Không,Không,Không,Không,Không,Không,Không,Không,Không,Đúng,Đúng,Không,Không,Không,Không,Không,Không,Không,Không,Không,Không,Không,Không,Không,Không,Không,Không,Không,Không,Không,Không,Không,Không,Không,Không,Không,Không,Không,168.8,115,136,140,153,1.008,3.265,11.880,4.980,0.024,1.308,1.212,3.360,3.144,3.072,1544,0,0,Đúng,118,Không,Không,113,92.0,Không,Không,8827,12973,45315,142,87.0,100.0,Không,Không,46185,41441,100.0,99.7,100.0,12.103,2.869,22891,21391,0.0,0.0,0.0,0.000,0.037,372,675,1.7,2.9,4.6,0.144,0.122,23961,79771,112.5,127.0,181.4,0.675,6.280,4.897,12.000,0.076,6.024,6.204,0.181,19.600,19.600,139.0,405.0,544.0,134.0,402.6,21.0,18.0,0.0,6.0,41.0,5.2,10.5,0.0,50,Đúng,Không,Không,Không,Không,Đúng,Không,6,0,0,0,0,0,0,0,0,185,0,0,0,0,0,0,0,0,0,0,0,0,0,0,0,0,0,0,0,0,2415,1681,1604,125,2.5,75.0,76.4,73.7,73.5,73.5,73.5,75.0,75.3,74.6,74.6,74.6,74.6,13.34,13.60,13.05,13.03,13.67,13.67,0.82,0.18,13.22,0.12,0.09,16624,1507,285.5,6.9,0,32.0,52,
8.10.2026,20:0:44.967,30223,65895,31.4,24322,24692,49.6,1.0,47104,461,1.042,1.057,1.038,1.034,1.029,1.044,1.050,3984.3,3984.3,3984.3,3984.3,3984.3,3984.3,3984.3,99.6,3685.5,996.1,1840.5,2049.9,1503.7,2251.7,1524.9,2396.3,1345.5,1555.9,2459.6,2184.1,1578.5,1871.1,1364.8,1840.5,47.6,53.9,39.4,57.8,39.4,60.7,35.8,41.0,64.0,53.6,33.4,52.8,39.7,64.0,47.6,100.0,67.5,76.5,55.7,81.9,55.9,85.8,51.0,58.5,89.5,76.1,47.9,74.8,56.3,67.5,40.0,40.0,40.0,40.0,40.0,40.0,40.0,37.0,132,124,126,145,124,144,131,80,88,86,67,88,68,81,142,145,Không,Không,Không,Không,Không,Không,Không,Không,Không,Không,Không,Không,Không,Không,Không,Không,Không,Không,Không,Không,Không,Không,Không,Không,138,138,42.282,39.610,37.157,2.490,65.0,85.0,134.0,134.0,42.000,46.1,51.4,37.7,56.4,38.2,60.0,33.7,39.0,61.6,54.7,39.6,46.9,34.2,16.9,13.2,17.2,14.2,13.6,18.4,24.7,1593.7,16.00,22,22,22,52,74,880,2,Đúng,Không,Không,Không,Không,Không,Không,Không,Không,Không,Không,Không,Đúng,Đúng,Không,Không,Không,Không,Không,Không,Không,Không,Không,Không,Không,Không,Không,Không,Không,Không,Không,Không,Không,Không,Không,Không,Không,Không,Không,Không,Không,168.8,115,136,142,151,1.008,3.245,11.952,5.040,0.024,1.308,1.212,3.360,3.144,3.072,1551,0,0,Đúng,118,Không,Không,113,92.0,Không,Không,8827,12973,45315,142,87.0,100.0,Không,Không,46185,41441,100.0,73.4,100.0,5.816,2.367,22905,21397,0.0,0.1,0.1,0.000,0.080,372,675,2.9,7.4,10.3,1.271,0.721,23964,79773,112.5,126.9,181.4,0.675,6.278,4.896,12.000,0.076,6.024,6.202,0.179,19.600,19.600,139.0,405.0,544.0,134.0,402.7,18.0,17.0,0.0,4.0,41.0,5.1,10.2,0.0,50,Đúng,Không,Không,Không,Không,Đúng,Không,6,0,0,0,0,0,0,0,0,185,0,0,0,0,0,0,0,0,0,0,0,0,0,0,0,0,0,0,0,0,2415,1681,1604,124,2.5,75.0,76.1,74.1,74.0,74.0,74.0,75.0,75.4,74.6,74.5,74.5,74.5,13.33,13.52,13.12,13.06,13.54,13.54,0.74,0.18,13.22,0.12,0.09,16624,1507,95.5,7.8,0,32.0,52,
8.10.2026,20:0:48.013,30176,65942,31.3,24327,24687,49.6,1.0,47104,461,1.047,1.057,1.030,1.045,1.053,1.048,1.046,3984.3,3984.3,3984.3,3984.3,3984.3,3984.3,3984.3,99.6,3685.5,996.1,1520.4,1744.0,953.9,1654.1,1068.7,1658.2,2412.4,1587.6,1591.0,1727.2,985.6,1880.3,981.5,1520.4,37.6,45.6,24.6,42.6,27.4,42.6,61.5,40.6,36.9,36.9,26.0,41.8,24.2,61.5,37.6,100.0,54.6,65.8,36.2,62.4,40.5,61.1,86.3,59.1,53.3,54.3,39.1,60.9,35.7,54.6,40.0,40.0,40.0,40.0,40.0,40.0,40.0,37.0,131,122,124,122,138,142,138,81,90,88,90,74,70,74,140,142,Không,Không,Không,Không,Không,Không,Không,Không,Không,Không,Không,Không,Không,Không,Không,Không,Không,Không,Không,Không,Không,Không,Không,Không,140,140,42.282,35.698,33.309,2.427,65.0,85.0,134.0,134.0,43.000,38.1,43.7,23.9,41.4,26.8,41.5,60.4,39.8,39.9,43.3,24.7,47.1,24.6,24.4,25.0,32.4,7.9,23.4,29.7,28.1,1593.7,16.00,22,22,22,52,74,880,2,Đúng,Không,Không,Không,Không,Không,Không,Không,Không,Không,Không,Không,Đúng,Đúng,Không,Không,Không,Không,Không,Không,Không,Không,Không,Không,Không,Không,Không,Không,Không,Không,Không,Không,Không,Không,Không,Không,Không,Không,Không,Không,Không,168.8,115,136,138,151,1.020,3.245,11.952,4.980,0.024,1.308,1.212,3.360,3.144,3.072,1544,0,0,Đúng,118,Không,Không,113,92.0,Không,Không,8827,12973,45315,142,87.0,100.0,Không,Không,46185,41441,100.0,100.0,100.0,9.299,3.164,22944,21406,0.0,0.0,0.0,0.000,0.027,372,675,2.5,5.7,8.2,1.485,0.275,23967,79774,112.7,127.1,181.4,0.675,6.285,4.899,12.000,0.076,6.024,6.209,0.186,19.600,19.600,139.0,405.0,544.0,134.0,402.6,20.0,18.0,0.0,5.0,41.0,5.2,10.4,0.0,50,Đúng,Không,Không,Không,Không,Đúng,Không,6,0,0,0,0,0,0,0,0,185,0,0,0,0,0,0,0,0,0,0,0,0,0,0,0,0,0,0,0,0,2415,1681,1604,126,2.5,75.0,76.8,73.4,73.1,73.0,73.0,75.0,75.5,74.4,74.4,74.4,74.4,13.33,13.65,13.00,12.96,13.69,13.69,0.80,0.37,13.22,0.12,0.09,16626,1507,484.7,11.6,0,32.0,52,
8.10.2026,20:0:53.251,30271,65847,31.4,24388,24626,49.7,1.0,47104,461,1.049,1.049,1.050,1.048,1.047,1.050,1.050,3984.3,3984.3,3984.3,3984.3,3984.3,3984.3,3984.3,99.6,3685.5,996.1,2340.0,2442.7,2016.2,2266.6,2320.3,2426.2,1918.9,2265.8,2699.1,2245.1,2229.3,2882.6,2367.1,2340.0,60.3,64.0,52.5,59.1,59.6,63.6,50.1,58.6,68.9,58.5,58.0,78.3,52.8,78.3,60.3,100.0,84.6,89.9,73.6,83.2,83.7,89.4,70.7,81.9,95.7,82.4,81.2,109.1,74.0,84.6,40.0,40.0,40.0,40.0,40.0,40.0,40.0,37.0,137,140,144,136,135,133,136,75,72,68,76,77,79,76,144,144,Không,Không,Không,Không,Không,Không,Không,Không,Không,Không,Không,Không,Không,Không,Không,Không,Không,Không,Không,Không,Không,Không,Không,Không,142,142,47.087,36.159,33.795,2.398,65.0,85.0,134.0,134.0,47.000,58.6,61.2,50.5,56.8,58.1,60.8,48.1,56.8,67.6,56.2,55.9,72.2,59.3,9.6,9.1,9.0,11.2,12.0,12.8,3.2,1593.7,16.00,22,22,22,52,74,880,2,Đúng,Không,Không,Không,Không,Không,Không,Không,Không,Không,Không,Không,Đúng,Đúng,Không,Không,Không,Không,Không,Không,Không,Không,Không,Không,Không,Không,Không,Không,Không,Không,Không,Không,Không,Không,Không,Không,Không,Không,Không,Không,Không,168.8,115,136,140,151,1.008,3.285,11.952,5.010,0.024,1.320,1.212,3.360,3.144,3.072,1548,0,0,Đúng,118,Không,Không,113,92.0,Không,Không,8827,12973,45315,138,87.0,100.0,Không,Không,46185,41441,100.0,97.6,100.0,11.076,2.079,22997,21417,0.0,0.1,0.1,0.000,0.111,372,676,1.5,1.4,2.9,1.699,2.135,23971,79798,112.5,127.0,181.4,0.675,6.280,4.897,12.000,0.076,6.024,6.204,0.180,19.600,19.600,139.0,405.0,544.0,134.0,402.6,20.0,18.0,0.0,5.0,41.1,5.3,10.7,0.0,50,Đúng,Không,Không,Không,Không,Đúng,Không,6,0,0,0,0,0,0,0,0,185,0,0,0,0,0,0,0,0,0,0,0,0,0,0,0,0,0,0,0,0,2414,1682,1605,127,2.5,75.1,78.7,73.4,72.7,72.6,72.6,75.0,75.4,74.5,74.5,74.5,74.5,13.31,13.66,12.70,12.09,13.78,13.78,0.78,0.89,13.18,0.13,0.14,16627,1507,371.1,10.3,0,32.0,52,
8.10.2026,20:1:0.437,30131,65987,31.3,24274,24740,49.5,1.0,47104,461,1.049,1.048,1.051,1.039,1.054,1.053,1.048,3984.3,3984.3,3984.3,3984.3,3984.3,3984.3,3984.3,99.6,3685.5,996.1,1394.2,1840.6,986.5,1472.6,1133.9,1250.9,980.0,1229.8,1699.7,2553.8,1205.3,1236.9,1140.0,1394.2,34.5,46.9,24.7,37.1,28.6,31.4,25.0,31.0,42.9,64.6,19.7,31.6,31.0,64.6,34.5,100.0,49.4,66.9,35.3,53.5,41.0,45.6,35.9,44.6,60.5,90.5,28.7,45.7,44.1,49.4,40.0,40.0,40.0,40.0,40.0,40.0,40.0,37.0,132,133,135,133,129,138,122,80,79,77,79,83,74,90,138,138,Không,Không,Không,Không,Không,Không,Không,Không,Không,Không,Không,Không,Không,Không,Không,Không,Không,Không,Không,Không,Không,Không,Không,Không,138,138,47.087,33.295,30.915,2.417,65.0,85.0,134.0,134.0,43.000,34.9,46.1,24.7,36.9,28.4,31.3,24.6,30.8,42.6,64.0,30.2,31.0,28.6,33.0,30.2,37.4,43.5,26.1,19.5,41.6,1593.7,16.00,22,22,22,52,74,880,2,Đúng,Không,Không,Không,Không,Không,Không,Không,Không,Không,Không,Không,Đúng,Đúng,Không,Không,Không,Không,Không,Không,Không,Không,Không,Không,Không,Không,Không,Không,Không,Không,Không,Không,Không,Không,Không,Không,Không,Không,Không,Không,Không,168.8,115,136,140,153,1.032,3.285,11.952,4.980,0.024,1.320,1.212,3.360,3.144,3.072,1544,0,0,Đúng,118,Không,Không,113,92.0,Không,Không,8827,12973,45315,136,87.0,100.0,Không,Không,46185,41441,100.0,100.0,100.0,7.153,22.886,23139,21503,0.0,0.0,0.0,0.000,0.049,372,676,2.3,1.5,3.9,3.302,2.021,23995,79805,112.7,127.1,181.4,0.675,6.280,4.897,12.000,0.076,6.024,6.204,0.180,19.600,19.600,139.0,405.0,544.0,134.0,403.1,20.0,18.0,0.0,5.0,41.1,5.1,10.1,0.0,50,Đúng,Không,Không,Không,Không,Đúng,Không,6,0,0,0,0,0,0,0,0,185,0,0,0,0,0,0,0,0,0,0,0,0,0,0,0,0,0,0,0,0,2412,1684,1607,127,2.5,75.0,76.5,73.9,73.6,73.5,73.5,75.0,75.7,74.6,74.4,74.4,74.4,13.33,13.59,13.01,13.00,13.62,13.62,0.75,0.19,13.21,0.12,0.09,16628,1507,60.7,5.1,0,32.0,52,
8.10.2026,20:1:9.489,30130,65988,31.3,24281,24733,49.5,1.0,47104,461,1.044,1.050,1.031,1.041,1.038,1.048,1.056,3984.3,3984.3,3984.3,3984.3,3984.3,3984.3,3984.3,99.6,3685.5,996.1,1536.0,1655.2,1356.1,2321.7,1095.2,1783.2,1436.1,1800.0,1579.4,1612.0,1090.1,1469.5,1233.4,1536.0,40.3,44.3,35.2,59.8,28.5,45.8,37.7,51.3,38.9,41.3,28.1,41.2,31.1,59.8,40.3,100.0,57.8,63.8,50.4,84.4,41.4,65.5,54.0,72.9,55.6,59.9,41.0,59.6,45.0,57.8,40.0,40.0,40.0,40.0,40.0,40.0,40.0,37.0,128,126,131,144,124,124,122,84,86,81,68,88,88,90,145,144,Không,Không,Không,Không,Không,Không,Không,Không,Không,Không,Không,Không,Không,Không,Không,Không,Không,Không,Không,Không,Không,Không,Không,Không,145,145,38.438,31.450,29.124,2.368,65.0,85.0,134.0,134.0,32.000,38.5,41.5,34.0,58.2,27.4,44.7,36.0,45.1,39.5,40.4,27.3,36.8,30.9,21.7,20.7,18.8,20.5,15.9,25.4,28.7,1593.7,16.00,22,22,22,52,74,880,2,Đúng,Không,Không,Không,Không,Không,Không,Không,Không,Không,Không,Không,Đúng,Đúng,Không,Không,Không,Không,Không,Không,Không,Không,Không,Không,Không,Không,Không,Không,Không,Không,Không,Không,Không,Không,Không,Không,Không,Không,Không,Không,Không,168.8,115,136,138,151,1.020,3.285,11.880,4.980,0.024,1.296,1.212,3.360,3.144,3.072,1551,0,0,Đúng,118,Không,Không,113,92.0,Không,Không,8827,12973,45315,133,87.0,100.0,Không,Không,46185,41441,100.0,100.0,100.0,13.309,1.735,23350,21515,0.0,0.0,0.0,0.000,0.063,372,677,0.3,0.2,0.5,0.170,0.156,24002,79809,112.7,127.1,181.4,0.675,6.285,4.899,12.000,0.076,6.024,6.209,0.186,19.600,19.600,139.0,405.0,544.0,134.0,404.1,19.0,18.0,0.0,5.0,41.1,5.1,10.1,0.0,50,Đúng,Không,Không,Không,Không,Đúng,Không,6,0,0,0,0,0,0,0,0,185,0,0,0,0,0,0,0,0,0,0,0,0,0,0,0,0,0,0,0,0,2412,1684,1607,127,2.5,75.0,79.6,71.2,69.5,69.3,69.3,75.0,75.8,74.3,74.2,74.2,74.2,13.33,14.05,12.53,12.33,14.44,14.44,0.78,0.71,13.20,0.13,0.14,16630,1507,213.6,13.7,0,32.0,52,
8.10.2026,20:1:13.796,30179,65939,31.3,24296,24718,49.5,1.0,47104,461,1.043,1.043,1.041,1.045,1.042,1.044,1.042,3984.3,3984.3,3984.3,3984.3,3984.3,3984.3,3984.3,99.6,3685.5,996.1,2073.5,2189.6,1681.7,3038.6,1927.1,2652.9,1637.7,2041.4,1960.1,2036.5,1857.9,1899.9,1958.5,2073.5,53.5,58.0,44.1,78.0,50.3,67.8,41.9,52.5,49.6,52.5,47.9,48.6,50.9,78.0,53.5,100.0,75.5,82.2,62.5,109.1,71.1,95.4,59.6,74.6,70.2,74.2,67.4,68.7,71.3,75.5,40.0,40.0,40.0,40.0,40.0,40.0,40.0,37.0,142,142,144,142,140,144,140,70,70,68,70,72,68,72,145,144,Không,Không,Không,Không,Không,Không,Không,Không,Không,Không,Không,Không,Không,Không,Không,Không,Không,Không,Không,Không,Không,Không,Không,Không,145,145,47.087,42.831,40.333,2.528,65.0,85.0,134.0,134.0,48.000,51.9,54.9,42.1,76.1,48.3,66.4,41.0,51.1,49.1,51.0,46.5,47.6,49.1,14.7,17.1,3.0,13.7,15.3,19.5,19.8,1593.7,16.00,22,22,22,52,74,880,2,Đúng,Không,Không,Không,Không,Không,Không,Không,Không,Không,Không,Không,Đúng,Đúng,Không,Không,Không,Không,Không,Không,Không,Không,Không,Không,Không,Không,Không,Không,Không,Không,Không,Không,Không,Không,Không,Không,Không,Không,Không,Không,Không,168.8,115,136,145,153,1.020,3.285,11.880,4.950,0.024,1.308,1.212,3.360,3.144,3.072,1551,0,0,Đúng,118,Không,Không,113,92.0,Không,Không,8827,12973,45315,133,87.0,100.0,Không,Không,46185,41441,100.0,100.0,100.0,10.994,2.551,23394,21523,0.0,0.0,0.0,0.000,0.023,372,677,1.5,0.3,1.7,1.574,0.219,24006,79811,112.5,127.0,181.4,0.675,6.280,4.897,12.000,0.076,6.024,6.204,0.181,19.600,19.600,139.0,405.0,544.0,134.0,401.3,20.0,18.0,0.0,5.0,41.1,5.3,10.6,0.0,50,Đúng,Không,Không,Không,Không,Đúng,Không,6,0,0,0,0,0,0,0,0,185,0,0,0,0,0,0,0,0,0,0,0,0,0,0,0,0,0,0,0,0,2412,1684,1607,127,2.5,139.0,139.0,139.0,139.0,139.0,139.0,0.0,0.0,0.0,0.0,0.0,0.0,7.23,7.23,7.23,7.23,7.23,7.23,3.63,0.06,6.92,0.31,0.00,16631,1507,200.8,10.8,0,32.0,52,
8.10.2026,20:1:17.649,30139,65979,31.3,24316,24699,49.6,1.0,47104,461,1.047,1.061,1.048,1.039,1.051,1.044,1.039,3984.3,3984.3,3984.3,3984.3,3984.3,3984.3,3984.3,99.6,3685.5,996.1,1829.3,2354.6,1280.1,1861.1,2317.2,2209.1,1934.5,2163.8,1734.1,1495.3,1171.7,2032.6,1397.1,1829.3,48.3,62.3,34.9,50.2,59.9,57.9,50.5,56.9,36.7,40.5,33.6,57.5,38.9,62.3,48.3,100.0,68.4,87.7,49.6,71.0,84.1,81.5,71.2,80.5,52.4,58.6,48.2,81.3,55.3,68.5,40.0,40.0,40.0,40.0,40.0,40.0,40.0,37.0,136,138,136,145,129,129,135,76,74,76,67,83,83,77,145,145,Không,Không,Không,Không,Không,Không,Không,Không,Không,Không,Không,Không,Không,Không,Không,Không,Không,Không,Không,Không,Không,Không,Không,Không,144,144,47.087,41.808,39.340,2.499,65.0,85.0,134.0,134.0,48.000,45.8,59.0,32.1,46.6,58.0,55.3,48.5,54.2,43.4,37.5,29.4,50.9,35.0,12.8,3.9,8.1,8.6,10.9,30.5,14.8,1593.7,16.00,22,22,22,52,74,880,2,Đúng,Không,Không,Không,Không,Không,Không,Không,Không,Không,Không,Không,Đúng,Đúng,Không,Không,Không,Không,Không,Không,Không,Không,Không,Không,Không,Không,Không,Không,Không,Không,Không,Không,Không,Không,Không,Không,Không,Không,Không,Không,Không,168.8,115,136,142,153,1.008,3.285,11.880,5.010,0.024,1.308,1.212,3.360,3.144,3.072,1566,0,0,Đúng,118,Không,Không,113,92.0,Không,Không,8827,12973,45315,133,87.0,100.0,Không,Không,46185,41441,100.0,100.0,100.0,6.829,1.945,23424,21532,0.0,0.0,0.0,0.000,0.043,372,677,1.3,0.4,1.8,1.450,0.537,24010,79813,112.6,127.0,181.4,0.675,6.281,4.897,12.000,0.076,6.024,6.205,0.182,19.600,19.600,139.0,405.0,544.0,134.0,402.5,19.0,18.0,0.0,5.0,41.1,5.3,10.5,0.0,50,Đúng,Không,Không,Không,Không,Đúng,Không,6,0,0,0,0,0,0,0,0,185,0,0,0,0,0,0,0,0,0,0,0,0,0,0,0,0,0,0,0,0,2412,1684,1607,127,2.5,75.0,76.2,73.7,73.6,73.6,73.6,75.0,75.3,74.7,74.7,74.7,74.7,13.33,13.61,13.08,13.08,13.64,13.64,0.77,0.36,13.21,0.12,0.10,16631,1507,240.8,14.9,0,32.0,52,
8.10.2026,20:1:24.129,30168,65951,31.3,24335,24679,49.6,1.0,47104,461,1.048,1.056,1.041,1.038,1.053,1.047,1.053,3984.3,3984.3,3984.3,3984.3,3984.3,3984.3,3984.3,99.6,3685.5,996.1,1797.6,2364.0,1423.2,2232.8,1908.6,1853.4,1294.2,1942.6,1585.9,1506.7,1858.2,2281.7,1319.7,1797.6,45.7,60.3,34.8,56.8,48.8,47.1,33.1,49.5,33.7,47.1,44.1,61.7,31.6,61.7,45.7,100.0,64.2,84.4,48.8,79.4,68.3,66.8,46.8,69.8,47.7,66.3,61.7,86.2,44.6,64.2,40.0,40.0,40.0,40.0,40.0,40.0,40.0,37.0,133,144,131,127,129,135,133,79,68,81,85,83,77,79,144,144,Không,Không,Không,Không,Không,Không,Không,Không,Không,Không,Không,Không,Không,Không,Không,Không,Không,Không,Không,Không,Không,Không,Không,Không,144,144,39.399,41.578,39.166,2.435,65.0,85.0,134.0,134.0,41.000,45.0,59.2,35.7,55.9,47.8,46.4,32.4,48.7,39.7,37.8,46.6,57.2,33.1,17.5,10.2,5.1,27.0,19.9,25.2,17.8,1593.7,16.00,22,22,22,52,74,880,2,Đúng,Không,Không,Không,Không,Không,Không,Không,Không,Không,Không,Không,Đúng,Đúng,Không,Không,Không,Không,Không,Không,Không,Không,Không,Không,Không,Không,Không,Không,Không,Không,Không,Không,Không,Không,Không,Không,Không,Không,Không,Không,Không,170.6,115,136,142,153,1.020,3.285,11.880,4.950,0.024,1.320,1.212,3.360,3.144,3.072,1573,0,0,Đúng,118,Không,Không,113,92.0,Không,Không,8827,12973,45315,133,87.0,100.0,Không,Không,46185,41441,100.0,100.0,100.0,7.194,2.755,23587,21543,0.0,0.2,0.2,0.000,0.116,372,678,1.3,1.4,2.7,1.660,4.226,24014,79832,112.6,127.0,181.4,0.675,6.289,4.900,12.000,0.076,6.024,6.213,0.189,19.600,19.600,139.0,405.0,544.0,134.0,402.4,20.0,18.0,0.0,5.0,41.1,5.2,10.4,0.0,50,Đúng,Không,Không,Không,Không,Đúng,Không,6,0,0,0,0,0,0,0,0,185,0,0,0,0,0,0,0,0,0,0,0,0,0,0,0,0,0,0,0,0,2412,1684,1607,127,2.5,75.0,76.5,73.8,73.8,73.8,73.8,75.0,75.4,74.6,74.5,74.5,74.5,13.33,13.61,13.00,13.00,13.63,13.63,0.84,0.54,13.21,0.12,0.09,16632,1507,48.6,5.8,0,32.0,52,
8.10.2026,20:1:27.451,30170,65948,31.3,24341,24673,49.6,1.0,47104,461,1.046,1.057,1.041,1.038,1.037,1.052,1.048,3984.3,3984.3,3984.3,3984.3,3984.3,3984.3,3984.3,99.6,3685.5,996.1,2085.7,2561.9,1554.8,2611.1,2115.8,2191.4,1688.5,1822.8,2841.8,2026.4,1519.4,2540.0,1554.7,2085.7,53.5,67.5,41.8,66.3,53.7,56.6,43.3,47.6,74.4,48.9,40.1,60.4,41.2,74.4,53.5,100.0,75.8,94.8,59.4,93.2,76.0,80.7,61.8,67.3,103.9,70.3,57.5,85.6,58.9,75.8,40.0,40.0,40.0,40.0,40.0,40.0,40.0,37.0,137,129,138,136,142,140,138,75,83,74,76,70,72,74,142,142,Không,Không,Không,Không,Không,Không,Không,Không,Không,Không,Không,Không,Không,Không,Không,Không,Không,Không,Không,Không,Không,Không,Không,Không,142,142,49.009,43.872,41.340,2.572,65.0,85.0,134.0,134.0,49.000,52.3,64.2,39.0,65.4,53.0,54.9,42.3,45.7,71.2,50.8,38.1,63.6,39.0,6.2,1.6,3.5,11.4,0.2,17.4,3.2,1593.7,16.00,22,22,22,52,74,880,2,Đúng,Không,Không,Không,Không,Không,Không,Không,Không,Không,Không,Không,Đúng,Đúng,Không,Không,Không,Không,Không,Không,Không,Không,Không,Không,Không,Không,Không,Không,Không,Không,Không,Không,Không,Không,Không,Không,Không,Không,Không,Không,Không,168.8,115,136,142,153,1.020,3.324,11.808,4.980,0.024,1.308,1.212,3.360,3.144,3.072,1562,0,0,Đúng,118,Không,Không,113,92.0,Không,Không,8827,12973,45315,131,87.0,100.0,Không,Không,46185,41441,100.0,69.1,100.0,20.410,1.291,23623,21545,0.0,0.0,0.0,0.000,0.041,372,678,0.2,0.2,0.5,0.191,0.538,24014,79833,112.4,126.8,181.4,0.675,6.281,4.897,12.000,0.076,6.024,6.205,0.182,19.600,19.600,139.0,405.0,544.0,134.0,402.6,22.0,19.0,0.0,6.0,41.1,5.6,11.1,0.0,50,Đúng,Không,Không,Không,Không,Đúng,Không,6,0,0,0,0,0,0,0,0,185,0,0,0,0,0,0,0,0,0,0,0,0,0,0,0,0,0,0,0,0,2412,1684,1607,127,2.5,75.0,76.6,73.4,73.3,73.3,73.3,75.0,75.5,74.5,74.5,74.5,74.5,13.33,13.67,13.00,12.98,13.70,13.70,0.77,0.19,13.20,0.13,0.11,16632,1507,239.7,5.9,0,33.8,52,
8.10.2026,20:1:30.686,30203,65915,31.4,24353,24661,49.6,1.0,47104,461,1.035,1.026,1.042,1.042,1.030,1.029,1.043,3984.3,3984.3,3984.3,3984.3,3984.3,3984.3,3984.3,99.6,3685.5,996.1,2465.5,2811.4,1895.5,2785.2,2492.1,2902.7,2132.7,2626.9,2356.6,2518.5,2104.8,2745.0,2214.1,2465.5,64.3,73.6,51.7,71.3,64.3,74.8,56.6,68.5,61.3,66.4,54.7,69.7,58.9,74.8,64.3,100.0,91.3,103.9,74.0,101.4,91.3,105.9,80.6,96.9,86.6,94.7,78.1,98.7,83.4,91.3,40.0,40.0,40.0,40.0,40.0,40.0,40.0,37.0,134,133,136,133,133,124,145,78,79,76,79,79,88,67,140,145,Không,Không,Không,Không,Không,Không,Không,Không,Không,Không,Không,Không,Không,Không,Không,Không,Không,Không,Không,Không,Không,Không,Không,Không,142,142,45.165,47.781,45.138,2.665,65.0,85.0,134.0,134.0,47.000,61.8,70.4,47.5,69.8,62.4,72.7,53.4,65.8,59.0,63.1,52.7,68.8,55.5,1.7,0.0,1.9,0.9,2.4,4.9,0.0,1593.7,16.00,22,22,22,52,74,880,2,Đúng,Không,Không,Không,Không,Không,Không,Không,Không,Không,Không,Không,Đúng,Đúng,Không,Không,Không,Không,Không,Không,Không,Không,Không,Không,Không,Không,Không,Không,Không,Không,Không,Không,Không,Không,Không,Không,Không,Không,Không,Không,Không,172.4,115,136,142,153,1.020,3.324,11.808,4.980,0.024,1.296,1.212,3.360,3.144,3.072,1573,0,0,Đúng,118,Không,Không,113,92.0,Không,Không,8827,12973,45315,131,87.0,100.0,Không,Không,46185,41441,100.0,100.0,100.0,15.843,2.586,23712,21555,0.0,0.0,0.0,0.000,0.057,372,678,0.1,0.3,0.5,0.167,0.245,24017,79834,112.5,127.0,181.4,0.675,6.323,4.914,12.000,0.076,6.024,6.246,0.223,19.600,19.600,139.0,405.0,544.0,134.0,402.9,34.0,23.0,0.0,14.0,41.1,7.1,14.3,0.0,50,Đúng,Không,Không,Không,Không,Đúng,Không,6,0,0,0,0,0,0,0,0,185,0,0,0,0,0,0,0,0,0,0,0,0,0,0,0,0,0,0,0,0,2412,1684,1607,127,2.5,75.0,76.1,73.9,73.6,73.5,73.5,75.0,75.4,74.6,74.5,74.4,74.4,13.33,13.58,13.11,13.07,13.62,13.62,0.80,0.36,13.20,0.13,0.08,16633,1507,8.9,8.7,0,33.8,52,
8.10.2026,20:1:35.806,30201,65917,31.4,24342,24672,49.6,1.0,47104,461,1.043,1.047,1.046,1.045,1.046,1.036,1.040,3984.3,3984.3,3984.3,3984.3,3984.3,3984.3,3984.3,99.6,3685.5,996.1,1567.1,1640.4,1053.0,1484.7,1356.5,1578.1,2108.3,1380.8,2029.8,1444.4,1377.9,1681.6,1669.7,1567.1,41.9,42.1,27.6,43.6,36.3,42.3,54.6,39.0,52.6,39.7,37.3,44.9,43.1,54.6,41.9,100.0,59.0,59.8,38.4,61.5,50.8,59.3,75.8,54.7,73.2,56.8,52.8,63.7,60.7,59.0,40.0,40.0,40.0,40.0,40.0,40.0,40.0,37.0,136,138,140,136,135,133,136,76,74,72,76,77,79,76,142,140,Không,Không,Không,Không,Không,Không,Không,Không,Không,Không,Không,Không,Không,Không,Không,Không,Không,Không,Không,Không,Không,Không,Không,Không,147,147,46.126,38.186,36.534,1.683,65.0,85.0,134.0,134.0,46.000,39.2,40.6,26.4,37.2,34.0,39.5,52.8,34.6,50.9,36.2,34.5,42.1,41.8,24.5,31.2,30.6,15.9,15.5,29.6,24.4,1593.7,16.00,22,22,22,52,74,880,2,Đúng,Không,Không,Không,Không,Không,Không,Không,Không,Không,Không,Không,Đúng,Đúng,Không,Không,Không,Không,Không,Không,Không,Không,Không,Không,Không,Không,Không,Không,Không,Không,Không,Không,Không,Không,Không,Không,Không,Không,Không,Không,Không,168.8,115,136,144,153,1.020,3.285,11.880,4.980,0.024,1.308,1.212,3.360,3.144,3.072,1588,0,0,Đúng,118,Không,Không,113,92.0,Không,Không,8827,12973,45315,129,87.0,100.0,Không,Không,46185,41441,100.0,100.0,100.0,50.252,2.046,23831,21568,0.0,0.0,0.0,0.000,0.038,372,678,0.4,1.4,1.8,0.295,1.799,24021,79840,112.9,127.3,181.4,0.675,6.299,4.904,12.000,0.076,6.024,6.222,0.199,19.600,19.600,405.0,405.0,544.0,696.1,402.7,17.0,19.0,0.0,6.0,41.1,3.8,7.5,0.0,50,Đúng,Không,Không,Không,Không,Đúng,Không,6,0,0,0,0,0,0,0,0,188,0,0,0,0,0,0,0,0,0,0,0,0,0,0,0,0,0,0,0,0,2412,1684,1607,128,2.5,75.0,76.4,73.9,73.7,73.7,73.7,75.0,75.4,74.6,74.5,74.5,74.5,13.33,13.57,13.07,13.04,13.62,13.62,0.43,1.45,13.21,0.13,0.10,16633,1507,80.2,8.4,0,33.8,52,
8.10.2026,20:1:40.267,30229,65889,31.4,24346,24668,49.6,1.0,47104,461,1.048,1.046,1.048,1.047,1.046,1.048,1.050,3984.3,3984.3,3984.3,3984.3,3984.3,3984.3,3984.3,99.6,3685.5,996.1,1357.2,2519.8,657.2,1406.1,1022.1,1432.7,867.6,1464.3,1106.9,1042.4,1004.5,3013.4,750.0,1357.2,34.5,64.6,16.9,36.6,26.1,36.2,22.0,38.2,28.0,26.5,25.0,75.5,17.9,75.5,34.5,100.0,49.0,90.5,24.2,52.8,37.5,52.1,31.8,54.4,39.9,38.7,35.9,105.1,25.7,49.0,40.0,40.0,40.0,40.0,40.0,40.0,40.0,37.0,139,138,147,140,135,135,140,73,74,65,72,77,77,72,147,147,Không,Không,Không,Không,Không,Không,Không,Không,Không,Không,Không,Không,Không,Không,Không,Không,Không,Không,Không,Không,Không,Không,Không,Không,142,142,47.087,33.483,31.094,2.416,65.0,85.0,134.0,134.0,47.000,34.0,63.1,16.5,35.2,25.6,35.9,21.7,36.7,27.7,26.1,25.2,75.5,18.8,32.3,11.6,38.7,42.3,37.0,47.9,16.3,1593.7,16.00,22,22,22,52,74,880,2,Đúng,Không,Không,Không,Không,Không,Không,Không,Không,Không,Không,Không,Đúng,Đúng,Không,Không,Không,Không,Không,Không,Không,Không,Không,Không,Không,Không,Không,Không,Không,Không,Không,Không,Không,Không,Không,Không,Không,Không,Không,Không,Không,168.8,115,136,140,153,1.044,3.285,11.952,4.980,0.024,1.308,1.212,3.360,3.144,3.072,1541,0,0,Đúng,118,Không,Không,113,92.0,Không,Không,8827,12973,45315,129,87.0,100.0,Không,Không,46185,41441,100.0,90.1,100.0,11.154,2.088,23880,21574,0.1,0.2,0.3,0.050,0.104,372,679,0.2,0.4,0.6,0.054,0.671,24026,79842,112.7,127.1,181.4,0.675,6.306,4.907,12.000,0.076,6.024,6.230,0.207,19.600,19.600,253.0,405.0,544.0,134.0,402.7,24.0,20.0,0.0,6.0,41.1,5.4,10.8,0.0,50,Đúng,Không,Không,Không,Không,Đúng,Không,6,0,0,0,0,0,0,0,0,188,0,0,0,0,0,0,0,0,0,0,0,0,0,0,0,0,0,0,0,0,2412,1684,1607,128,2.5,75.0,76.3,73.6,73.1,73.1,73.1,75.0,75.3,74.7,74.7,74.7,74.7,13.34,13.67,13.04,12.94,13.77,13.77,0.72,0.54,13.21,0.13,0.09,16634,1507,268.9,9.2,0,33.8,52,
8.10.2026,20:1:46.602,30201,65917,31.4,24337,24677,49.6,1.0,47104,461,1.039,1.063,1.055,1.046,1.025,1.019,1.026,3984.3,3984.3,3984.3,3984.3,3984.3,3984.3,3984.3,99.6,3685.5,996.1,1519.8,1840.2,857.8,1700.7,1277.3,1703.3,970.1,2571.4,1412.7,1472.6,1645.5,1694.5,1091.0,1519.8,39.3,47.9,22.9,43.5,32.5,43.7,25.5,65.6,36.6,39.3,38.0,46.5,29.9,65.6,39.3,100.0,56.1,68.4,33.1,62.3,46.6,62.4,37.1,91.8,51.9,56.3,53.9,66.4,42.9,56.1,40.0,40.0,40.0,40.0,40.0,40.0,40.0,37.0,129,122,126,135,127,144,122,83,90,86,77,85,68,90,144,144,Không,Không,Không,Không,Không,Không,Không,Không,Không,Không,Không,Không,Không,Không,Không,Không,Không,Không,Không,Không,Không,Không,Không,Không,142,142,39.399,35.909,33.493,2.453,65.0,85.0,134.0,134.0,41.000,38.1,46.1,21.5,42.6,32.0,42.7,24.3,64.4,35.4,36.9,41.2,42.5,27.3,26.1,28.4,30.9,33.3,9.2,27.8,26.9,1593.7,16.00,22,22,22,52,74,880,2,Đúng,Không,Không,Không,Không,Không,Không,Không,Không,Không,Không,Không,Đúng,Đúng,Không,Không,Không,Không,Không,Không,Không,Không,Không,Không,Không,Không,Không,Không,Không,Không,Không,Không,Không,Không,Không,Không,Không,Không,Không,Không,Không,168.8,115,136,138,153,0.996,3.324,11.880,4.980,0.024,1.308,1.212,3.360,3.144,3.072,1544,0,0,Đúng,118,Không,Không,113,92.0,Không,Không,8827,12973,45315,129,87.0,100.0,Không,Không,46185,41441,100.0,95.7,100.0,26.838,1.065,23991,21586,0.1,0.1,0.2,0.058,0.119,373,679,0.2,0.3,0.5,0.175,0.425,24030,79845,112.8,127.2,181.4,0.675,6.295,4.903,12.000,0.076,6.024,6.219,0.195,19.600,19.600,303.5,405.0,544.0,224.4,404.1,17.0,19.0,0.0,6.0,41.2,5.8,11.6,0.0,50,Đúng,Không,Không,Không,Không,Đúng,Không,6,0,0,0,0,0,0,0,0,188,0,0,0,0,0,0,0,0,0,0,0,0,0,0,0,0,0,0,0,0,2410,1686,1609,129,2.5,75.0,76.0,73.7,73.3,73.2,73.2,75.0,75.4,74.7,74.7,74.6,74.6,13.33,13.58,13.15,13.13,13.68,13.68,0.68,1.25,13.22,0.12,0.08,16635,1507,70.7,6.8,0,33.8,52,
8.10.2026,20:1:51.452,30168,65950,31.3,24341,24673,49.6,1.0,47104,461,1.045,1.043,1.043,1.045,1.045,1.045,1.048,3984.3,3984.3,3984.3,3984.3,3984.3,3984.3,3984.3,99.6,3685.5,996.1,1929.2,2542.4,1580.6,2237.5,1648.8,2841.9,1490.3,2417.4,1441.7,1902.1,1390.0,2234.4,1423.3,1929.2,49.9,65.8,40.5,57.7,42.5,72.6,38.6,61.6,40.8,50.7,35.1,56.7,36.7,72.6,49.9,100.0,70.0,91.9,56.5,81.0,59.8,101.1,54.1,86.1,57.2,71.5,49.6,79.6,51.5,70.0,40.0,40.0,40.0,40.0,40.0,40.0,40.0,37.0,142,144,145,144,140,142,138,70,68,67,68,72,70,74,145,145,Không,Không,Không,Không,Không,Không,Không,Không,Không,Không,Không,Không,Không,Không,Không,Không,Không,Không,Không,Không,Không,Không,Không,Không,147,147,44.204,44.956,42.462,2.507,65.0,85.0,134.0,134.0,44.000,48.3,63.7,39.6,56.1,41.3,71.2,37.3,60.6,36.1,47.7,34.8,56.0,35.7,11.6,2.3,9.8,5.6,14.5,21.4,16.3,1593.7,16.00,22,22,22,52,74,880,2,Đúng,Không,Không,Không,Không,Không,Không,Không,Không,Không,Không,Không,Đúng,Đúng,Không,Không,Không,Không,Không,Không,Không,Không,Không,Không,Không,Không,Không,Không,Không,Không,Không,Không,Không,Không,Không,Không,Không,Không,Không,Không,Không,168.8,115,136,144,153,1.032,3.324,11.808,4.950,0.024,1.320,1.212,3.360,3.144,3.072,1588,0,0,Đúng,118,Không,Không,113,92.0,Không,Không,8827,12973,45315,129,87.0,100.0,Không,Không,46185,41442,100.0,100.0,100.0,28.742,1.445,24216,21595,0.0,0.0,0.0,0.000,0.030,373,679,0.2,0.2,0.4,0.126,0.193,24052,79884,112.7,127.1,181.4,0.675,6.283,4.898,12.000,0.076,6.024,6.207,0.184,19.600,19.600,303.5,405.0,544.0,268.0,401.8,14.0,18.0,0.0,5.0,41.2,4.5,9.1,0.0,50,Đúng,Không,Không,Không,Không,Đúng,Không,6,0,0,0,0,0,0,0,0,188,0,0,0,0,0,0,0,0,0,0,0,0,0,0,0,0,0,0,0,0,2410,1686,1609,129,2.5,75.0,76.1,73.9,73.7,73.7,73.7,75.0,75.4,74.6,74.6,74.6,74.6,13.33,13.57,13.14,13.12,13.60,13.60,0.64,1.60,13.20,0.13,0.08,16635,1508,228.4,83.2,0,33.8,52,
8.10.2026,20:1:55.312,30155,65963,31.3,24312,24702,49.6,1.0,47104,461,1.040,1.048,1.034,1.053,1.030,1.030,1.047,3984.3,3984.3,3984.3,3984.3,3984.3,3984.3,3984.3,99.6,3685.5,996.1,2133.4,2395.1,1783.0,2524.0,2184.9,1982.5,2879.6,2547.5,1685.1,2207.7,1548.0,2331.9,1530.9,2133.4,56.9,62.3,45.8,64.6,55.5,50.9,66.7,73.4,47.6,61.7,44.1,65.7,44.6,73.4,56.9,100.0,80.2,87.9,64.9,91.1,78.3,72.1,93.2,102.7,67.0,87.0,62.5,92.3,63.2,80.2,40.0,40.0,40.0,40.0,40.0,40.0,40.0,37.0,139,140,144,145,135,131,138,73,72,68,67,77,81,74,144,145,Không,Không,Không,Không,Không,Không,Không,Không,Không,Không,Không,Không,Không,Không,Không,Không,Không,Không,Không,Không,Không,Không,Không,Không,138,138,51.891,45.293,42.774,2.551,65.0,85.0,134.0,134.0,48.000,53.4,60.0,44.7,63.2,54.7,49.7,72.1,63.8,42.2,55.3,38.8,58.4,38.4,13.4,14.5,5.3,10.3,15.3,19.5,15.7,1593.7,16.00,22,22,22,52,74,880,2,Đúng,Không,Không,Không,Không,Không,Không,Không,Không,Không,Không,Không,Đúng,Đúng,Không,Không,Không,Không,Không,Không,Không,Không,Không,Không,Không,Không,Không,Không,Không,Không,Không,Không,Không,Không,Không,Không,Không,Không,Không,Không,Không,168.8,115,136,145,153,1.032,3.305,11.880,4.980,0.024,1.308,1.212,3.360,3.144,3.072,1595,0,0,Đúng,118,Không,Không,113,92.0,Không,Không,8827,12973,45315,129,87.0,100.0,Không,Không,46185,41442,100.0,74.2,100.0,43.518,1.022,24319,21597,0.0,0.1,0.1,0.000,0.088,373,679,1.2,1.8,3.0,1.434,6.384,24056,79900,112.8,127.2,181.4,0.675,6.280,4.897,12.000,0.076,6.024,6.204,0.181,19.600,19.600,303.5,405.0,544.0,268.0,403.6,15.0,18.0,0.0,5.0,41.2,4.6,9.2,0.0,50,Đúng,Không,Không,Không,Không,Đúng,Không,6,0,0,0,0,0,0,0,0,188,0,0,0,0,0,0,0,0,0,0,0,0,0,0,0,0,0,0,0,0,2410,1686,1609,128,2.5,75.0,76.2,74.0,73.9,73.9,73.9,75.0,75.3,74.7,74.7,74.7,74.7,13.33,13.56,13.08,13.02,13.62,13.62,0.60,1.44,13.21,0.12,0.08,16636,1508,149.6,8.2,0,33.8,52,
8.10.2026,20:1:59.462,30179,65940,31.3,24346,24668,49.6,1.0,47104,461,1.049,1.049,1.049,1.052,1.048,1.048,1.047,3984.3,3984.3,3984.3,3984.3,3984.3,3984.3,3984.3,99.6,3685.5,996.1,1928.2,2230.9,1627.9,2196.9,1840.4,1790.8,1548.9,2114.8,1844.2,2154.5,1501.9,2938.1,1348.5,1928.2,48.8,58.5,41.9,57.7,46.3,46.0,38.6,52.6,46.3,54.5,37.4,72.5,33.6,72.5,48.8,100.0,69.2,82.6,59.3,81.5,65.7,65.8,55.2,74.6,65.4,77.1,53.3,101.3,48.0,69.1,40.0,40.0,40.0,40.0,40.0,40.0,40.0,37.0,139,142,147,140,142,133,131,73,70,65,72,70,79,81,147,147,Không,Không,Không,Không,Không,Không,Không,Không,Không,Không,Không,Không,Không,Không,Không,Không,Không,Không,Không,Không,Không,Không,Không,Không,142,142,38.438,41.760,39.273,2.514,65.0,85.0,134.0,134.0,36.000,48.3,55.9,40.8,55.0,46.1,44.9,38.8,53.0,46.2,54.0,37.6,73.6,33.8,13.8,11.1,13.4,19.0,11.0,17.6,10.4,1593.7,16.00,22,22,22,52,74,880,2,Đúng,Không,Không,Không,Không,Không,Không,Không,Không,Không,Không,Không,Đúng,Đúng,Không,Không,Không,Không,Không,Không,Không,Không,Không,Không,Không,Không,Không,Không,Không,Không,Không,Không,Không,Không,Không,Không,Không,Không,Không,Không,Không,168.8,115,136,144,153,1.008,3.324,11.808,4.950,0.024,1.308,1.212,3.360,3.144,3.072,1588,0,0,Đúng,118,Không,Không,113,92.0,Không,Không,8827,12973,45315,129,87.0,100.0,Không,Không,46185,41442,100.0,100.0,100.0,20.353,1.823,24420,21608,0.0,0.0,0.0,0.000,0.014,373,680,1.5,0.3,1.8,1.904,0.080,24060,79904,112.8,127.2,181.4,0.675,6.280,4.897,12.000,0.076,6.024,6.204,0.181,19.600,19.600,303.5,405.0,544.0,268.1,402.8,18.0,18.0,0.0,5.0,41.2,4.6,9.2,0.0,50,Đúng,Không,Không,Không,Không,Đúng,Không,6,0,0,0,0,0,0,0,0,188,0,0,0,0,0,0,0,0,0,0,0,0,0,0,0,0,0,0,0,0,2410,1686,1609,128,2.5,75.0,76.3,73.6,73.6,73.6,73.6,75.0,75.8,74.3,74.3,74.3,74.3,13.34,13.62,13.08,13.06,13.63,13.63,0.60,1.63,13.21,0.13,0.11,16636,1508,31.7,4.2,0,33.8,52,
8.10.2026,20:2:2.944,30177,65941,31.3,24343,24671,49.6,1.0,47104,461,1.048,1.053,1.044,1.051,1.047,1.048,1.045,3984.3,3984.3,3984.3,3984.3,3984.3,3984.3,3984.3,99.6,3685.5,996.1,1958.2,2319.2,1270.2,2260.8,1856.8,2961.5,1652.0,2048.3,1523.0,2692.7,1153.3,2182.7,1578.6,1958.2,49.6,59.7,32.6,57.8,46.8,75.1,42.1,52.3,38.7,67.5,29.3,54.1,39.4,75.1,49.6,100.0,70.1,84.4,46.7,81.7,66.2,104.7,59.4,74.3,55.1,94.7,42.1,76.7,55.8,70.1,40.0,40.0,40.0,40.0,40.0,40.0,40.0,37.0,136,127,145,135,133,138,140,76,85,67,77,79,74,72,145,145,Không,Không,Không,Không,Không,Không,Không,Không,Không,Không,Không,Không,Không,Không,Không,Không,Không,Không,Không,Không,Không,Không,Không,Không,145,145,40.360,42.671,40.174,2.523,65.0,85.0,134.0,134.0,41.000,49.1,58.1,31.8,56.6,46.5,74.2,41.4,51.3,38.2,67.5,28.9,54.7,39.6,10.8,11.4,7.0,2.9,16.8,8.8,17.5,1593.7,16.00,22,22,22,52,74,880,2,Đúng,Không,Không,Không,Không,Không,Không,Không,Không,Không,Không,Không,Đúng,Đúng,Không,Không,Không,Không,Không,Không,Không,Không,Không,Không,Không,Không,Không,Không,Không,Không,Không,Không,Không,Không,Không,Không,Không,Không,Không,Không,Không,168.8,115,136,144,153,1.032,3.285,11.880,4.980,0.024,1.296,1.212,3.360,3.144,3.072,1580,0,0,Đúng,118,Không,Không,113,92.0,Không,Không,8827,12973,45315,129,87.0,100.0,Không,Không,46185,41442,100.0,71.2,100.0,11.451,1.989,24443,21612,0.0,0.1,0.1,0.019,0.092,373,680,0.2,0.4,0.7,0.216,0.533,24060,79905,112.8,127.2,181.4,0.675,6.283,4.898,12.000,0.076,6.024,6.207,0.184,19.600,19.600,303.5,405.0,544.0,268.1,402.9,19.0,19.0,0.0,5.0,41.2,4.7,9.3,0.0,50,Đúng,Không,Không,Không,Không,Đúng,Không,6,0,0,0,0,0,0,0,0,188,0,0,0,0,0,0,0,0,0,0,0,0,0,0,0,0,0,0,0,0,2410,1686,1609,129,2.5,75.0,76.2,74.0,73.9,73.9,73.9,75.0,75.3,74.7,74.6,74.6,74.6,13.33,13.56,13.07,13.06,13.58,13.58,0.60,1.07,13.21,0.13,0.09,16636,1508,2.8,2.1,0,33.8,52,
8.10.2026,20:2:6.323,30194,65924,31.4,24361,24653,49.7,1.0,47104,461,1.046,1.051,1.049,1.049,1.040,1.031,1.054,3984.3,3984.3,3984.3,3984.3,3984.3,3984.3,3984.3,99.6,3685.5,996.1,1939.5,2149.7,1386.2,2244.1,1770.4,2205.3,1521.4,1818.9,1566.6,2580.0,2139.2,1988.2,1904.4,1939.5,49.2,55.0,35.5,56.9,45.0,55.8,38.9,46.5,39.4,65.5,50.4,51.2,50.4,65.5,49.2,100.0,69.5,77.7,50.5,80.3,63.6,79.0,55.3,66.3,56.5,91.3,70.6,72.3,70.7,69.5,40.0,40.0,40.0,40.0,40.0,40.0,40.0,37.0,136,140,144,133,129,142,131,76,72,68,79,83,70,81,144,144,Không,Không,Không,Không,Không,Không,Không,Không,Không,Không,Không,Không,Không,Không,Không,Không,Không,Không,Không,Không,Không,Không,Không,Không,142,142,38.438,43.022,40.549,2.495,65.0,85.0,134.0,134.0,40.000,48.6,53.8,34.7,56.2,44.3,55.3,38.1,45.6,39.2,64.6,53.6,49.8,47.7,12.6,13.7,10.3,12.9,21.7,2.4,14.5,1593.7,16.00,22,22,22,52,74,880,2,Đúng,Không,Không,Không,Không,Không,Không,Không,Không,Không,Không,Không,Đúng,Đúng,Không,Không,Không,Không,Không,Không,Không,Không,Không,Không,Không,Không,Không,Không,Không,Không,Không,Không,Không,Không,Không,Không,Không,Không,Không,Không,Không,168.8,115,136,144,153,1.020,3.285,11.880,4.980,0.024,1.296,1.212,3.360,3.144,3.072,1580,0,0,Đúng,118,Không,Không,113,92.0,Không,Không,8827,12973,45315,129,87.0,100.0,Không,Không,46185,41442,100.0,95.2,100.0,18.251,2.756,24503,21621,0.2,0.0,0.2,0.104,0.060,373,680,1.4,0.3,1.7,1.714,0.177,24064,79906,112.8,127.2,181.4,0.675,6.285,4.899,12.000,0.076,6.024,6.209,0.186,19.600,19.600,303.5,405.0,544.0,268.1,402.5,17.0,18.0,0.0,5.0,41.2,4.5,8.9,0.0,50,Đúng,Không,Không,Không,Không,Đúng,Không,6,0,0,0,0,0,0,0,0,188,0,0,0,0,0,0,0,0,0,0,0,0,0,0,0,0,0,0,0,0,2410,1686,1609,129,2.5,75.0,76.8,73.8,73.7,73.7,73.7,75.0,75.4,74.6,74.6,74.6,74.6,13.33,13.58,12.98,12.98,13.59,13.59,0.58,1.26,13.21,0.13,0.09,16637,1508,509.0,11.0,0,33.8,52,
8.10.2026,20:2:11.169,30162,65956,31.3,24344,24670,49.6,1.0,47104,461,1.036,1.064,1.023,1.033,1.023,1.023,1.050,3984.3,3984.3,3984.3,3984.3,3984.3,3984.3,3984.3,99.6,3685.5,996.1,1517.1,1780.3,933.7,1571.8,1371.3,1476.5,1000.4,1570.5,1151.8,2072.1,1040.8,3468.7,767.1,1517.1,38.8,46.1,24.2,40.2,35.0,39.0,25.6,40.4,29.6,52.3,27.0,85.4,20.8,85.4,38.8,100.0,55.0,65.7,34.5,57.4,49.7,55.9,36.6,57.6,42.1,73.7,38.4,118.5,29.7,55.0,40.0,40.0,40.0,40.0,40.0,40.0,40.0,37.0,129,124,129,129,127,126,138,83,88,83,83,85,86,74,140,138,Không,Không,Không,Không,Không,Không,Không,Không,Không,Không,Không,Không,Không,Không,Không,Không,Không,Không,Không,Không,Không,Không,Không,Không,144,144,30.750,36.468,34.067,2.431,65.0,85.0,134.0,134.0,31.000,38.0,44.6,23.4,39.4,34.3,37.0,25.1,39.3,28.8,51.9,26.0,86.8,19.2,25.2,24.1,27.0,33.7,34.4,27.3,4.7,1593.7,16.00,22,22,22,52,74,880,2,Đúng,Không,Không,Không,Không,Không,Không,Không,Không,Không,Không,Không,Đúng,Đúng,Không,Không,Không,Không,Không,Không,Không,Không,Không,Không,Không,Không,Không,Không,Không,Không,Không,Không,Không,Không,Không,Không,Không,Không,Không,Không,Không,168.8,115,136,140,153,1.020,3.344,11.880,5.010,0.024,1.308,1.212,3.360,3.144,3.072,1558,0,0,Đúng,118,Không,Không,113,92.0,Không,Không,8827,12973,45315,129,87.0,100.0,Không,Không,46185,41442,100.0,100.0,100.0,12.506,2.516,24545,21629,0.0,0.0,0.0,0.000,0.029,373,680,1.4,0.5,1.9,1.587,0.186,24068,79907,112.8,127.2,181.4,0.675,6.284,4.899,12.000,0.076,6.024,6.208,0.185,19.600,19.600,303.5,405.0,544.0,268.1,403.0,20.0,19.0,0.0,6.0,41.2,4.6,9.1,0.0,50,Đúng,Không,Không,Không,Không,Đúng,Không,6,0,0,0,0,0,0,0,0,188,0,0,0,0,0,0,0,0,0,0,0,0,0,0,0,0,0,0,0,0,2410,1686,1609,129,2.5,75.0,76.6,73.7,73.6,73.6,73.6,75.0,75.6,74.5,74.4,74.3,74.3,13.33,13.60,13.03,13.03,13.60,13.60,0.65,1.61,13.21,0.12,0.09,16638,1508,187.5,5.6,0,35.6,52,
8.10.2026,20:2:16.275,30212,65906,31.4,24362,24652,49.7,1.0,47104,461,1.048,1.049,1.049,1.047,1.047,1.045,1.050,3984.3,3984.3,3984.3,3984.3,3984.3,3984.3,3984.3,99.6,3685.5,996.1,1677.5,1791.2,961.1,1625.2,1285.9,1697.4,1400.6,1449.2,2879.4,2107.1,1172.4,2043.0,1717.3,1677.5,43.0,48.0,25.4,43.4,33.5,43.8,35.8,37.9,77.9,52.0,28.7,51.9,37.8,77.9,43.0,100.0,61.2,68.8,36.7,62.4,48.2,62.7,51.3,54.0,108.3,73.7,41.3,73.5,53.5,61.2,40.0,40.0,40.0,40.0,40.0,40.0,40.0,37.0,137,138,138,144,131,136,135,75,74,74,68,81,76,77,142,144,Không,Không,Không,Không,Không,Không,Không,Không,Không,Không,Không,Không,Không,Không,Không,Không,Không,Không,Không,Không,Không,Không,Không,Không,142,142,18.258,37.822,35.371,2.474,65.0,85.0,134.0,134.0,19.000,42.0,44.9,24.1,40.7,32.2,42.5,35.1,36.3,72.1,52.8,29.4,51.2,43.0,20.6,27.7,30.8,26.5,2.7,20.6,15.1,1593.7,16.00,22,22,22,52,74,880,2,Đúng,Không,Không,Không,Không,Không,Không,Không,Không,Không,Không,Không,Đúng,Đúng,Không,Không,Không,Không,Không,Không,Không,Không,Không,Không,Không,Không,Không,Không,Không,Không,Không,Không,Không,Không,Không,Không,Không,Không,Không,Không,Không,168.8,115,136,142,153,1.032,3.324,11.880,4.950,0.024,1.308,1.212,3.360,3.144,3.072,1534,0,0,Đúng,118,Không,Không,113,92.0,Không,Không,8827,12973,45315,127,87.0,100.0,Không,Không,46185,41442,100.0,99.6,100.0,18.645,1.971,24674,21637,0.2,0.0,0.2,0.074,0.042,374,681,0.2,0.2,0.4,0.077,0.037,24068,79908,112.7,127.1,181.4,0.675,6.285,4.899,12.000,0.076,6.024,6.209,0.186,19.600,19.600,303.5,405.0,544.0,268.1,402.6,15.0,18.0,0.0,5.0,41.2,4.8,9.6,0.0,50,Đúng,Không,Không,Không,Không,Đúng,Không,6,0,0,0,0,0,0,0,0,188,0,0,0,0,0,0,0,0,0,0,0,0,0,0,0,0,0,0,0,0,2410,1686,1609,129,2.5,75.0,76.3,74.0,74.0,74.0,74.0,75.0,75.3,74.7,74.5,74.5,74.5,13.33,13.54,13.08,13.06,13.57,13.57,0.64,1.60,13.21,0.13,0.09,16638,1508,0.0,4.3,0,33.8,52,
8.10.2026,20:2:19.839,30154,65964,31.3,24346,24668,49.6,1.0,47104,461,1.045,1.055,1.048,1.033,1.047,1.035,1.053,3984.3,3984.3,3984.3,3984.3,3984.3,3984.3,3984.3,99.6,3685.5,996.1,1344.6,1581.3,659.9,1303.8,1911.0,1350.0,694.6,3084.9,640.3,1181.3,1314.8,1521.9,891.0,1344.6,33.0,41.8,17.3,33.4,48.4,35.6,18.9,77.3,16.9,31.0,19.4,36.4,19.4,77.3,33.0,100.0,46.9,59.6,24.6,47.8,67.7,51.2,27.3,107.5,24.2,44.9,27.9,52.1,27.9,46.9,40.0,40.0,40.0,40.0,40.0,40.0,40.0,37.0,128,122,127,124,144,126,127,84,90,85,88,68,86,85,140,144,Không,Không,Không,Không,Không,Không,Không,Không,Không,Không,Không,Không,Không,Không,Không,Không,Không,Không,Không,Không,Không,Không,Không,Không,140,140,49.970,33.046,30.689,2.393,65.0,85.0,134.0,134.0,40.000,33.7,39.6,16.5,32.7,47.9,33.8,17.4,77.3,16.0,29.6,32.9,38.1,22.3,30.1,32.0,24.1,38.4,10.3,41.7,33.9,1593.7,16.00,22,22,22,52,74,880,2,Đúng,Không,Không,Không,Không,Không,Không,Không,Không,Không,Không,Không,Đúng,Đúng,Không,Không,Không,Không,Không,Không,Không,Không,Không,Không,Không,Không,Không,Không,Không,Không,Không,Không,Không,Không,Không,Không,Không,Không,Không,Không,Không,168.8,115,136,142,153,1.044,3.324,11.808,4.980,0.024,1.308,1.212,3.360,3.144,3.072,1551,0,0,Đúng,118,Không,Không,113,92.0,Không,Không,8827,12973,45315,127,87.0,100.0,Không,Không,46185,41442,100.0,70.3,100.0,21.919,1.703,24726,21641,0.1,0.0,0.2,0.065,0.029,374,681,1.2,0.2,1.4,1.378,0.335,24072,79909,112.9,127.3,181.4,0.675,6.280,4.897,12.000,0.076,6.024,6.204,0.181,19.600,19.600,303.5,405.0,544.0,268.1,403.8,15.0,18.0,0.0,5.0,41.2,4.6,9.3,0.0,50,Đúng,Không,Không,Không,Không,Đúng,Không,6,0,0,0,0,0,0,0,0,188,0,0,0,0,0,0,0,0,0,0,0,0,0,0,0,0,0,0,0,0,2410,1686,1609,129,2.5,75.0,76.0,73.8,73.5,73.4,73.4,75.0,75.4,74.6,74.6,74.6,74.6,13.34,13.58,13.15,13.11,13.65,13.65,0.62,1.10,13.22,0.12,0.07,16638,1508,0.7,4.7,0,33.8,52,
8.10.2026,20:2:23.090,30136,65982,31.3,24334,24680,49.6,1.0,47104,461,1.047,1.048,1.043,1.039,1.053,1.052,1.049,3984.3,3984.3,3984.3,3984.3,3984.3,3984.3,3984.3,99.6,3685.5,996.1,1956.4,1997.6,1436.9,1897.7,1995.5,2037.6,1405.2,1489.4,3305.4,2767.9,1410.1,1918.8,1814.5,1956.4,47.1,50.6,36.9,47.4,49.2,51.0,34.6,48.9,67.7,63.1,29.9,45.4,40.7,67.7,47.1,100.0,67.3,72.7,53.5,68.5,70.2,73.3,50.1,69.4,94.4,89.4,43.3,65.3,57.3,67.2,40.0,40.0,40.0,40.0,40.0,40.0,40.0,37.0,136,133,140,135,138,140,129,76,79,72,77,74,72,83,142,140,Không,Không,Không,Không,Không,Không,Không,Không,Không,Không,Không,Không,Không,Không,Không,Không,Không,Không,Không,Không,Không,Không,Không,Không,145,145,35.555,39.960,38.549,1.451,65.0,85.0,134.0,134.0,36.000,49.0,50.1,36.0,47.5,50.0,51.1,35.2,37.3,82.8,69.4,35.3,48.1,45.5,11.3,15.6,15.6,19.5,1.5,0.0,15.6,1593.7,16.00,22,22,22,52,74,880,2,Đúng,Không,Không,Không,Không,Không,Không,Không,Không,Không,Không,Không,Đúng,Đúng,Không,Không,Không,Không,Không,Không,Không,Không,Không,Không,Không,Không,Không,Không,Không,Không,Không,Không,Không,Không,Không,Không,Không,Không,Không,Không,Không,168.8,115,136,144,153,1.008,3.285,11.880,4.980,0.024,1.308,1.212,3.360,3.144,3.072,1548,0,0,Đúng,118,Không,Không,113,92.0,Không,Không,8827,12973,45315,129,87.0,100.0,Không,Không,46185,41442,100.0,99.1,100.0,11.661,2.873,24772,21650,0.2,0.0,0.2,0.078,0.000,374,681,0.2,3.2,3.4,0.094,14.110,24072,79929,114.0,128.4,181.4,0.781,6.353,4.926,12.000,0.076,6.024,6.277,0.253,19.600,19.600,1151.5,1050.0,1025.0,1143.2,1046.7,5.0,7.0,0.0,1.0,41.2,5.4,10.7,0.0,50,Đúng,Không,Không,Không,Không,Đúng,Không,7,0,0,0,0,0,0,0,0,189,0,0,0,0,0,0,0,0,0,0,0,0,0,0,0,0,0,0,0,0,2410,1686,1609,129,8.0,75.0,77.3,73.2,73.1,73.0,73.0,75.0,75.4,74.6,74.6,74.5,74.5,13.34,13.67,12.91,12.88,13.69,13.69,0.38,1.63,13.20,0.14,0.11,16639,1508,513.2,26.1,0,33.8,52,
8.10.2026,20:2:29.708,30215,65903,31.4,24297,24717,49.5,1.0,47104,461,1.047,1.044,1.047,1.047,1.047,1.048,1.048,3984.3,3984.3,3984.3,3984.3,3984.3,3984.3,3984.3,99.6,3685.5,996.1,2315.2,2568.5,1654.9,2200.0,1978.8,2179.2,2487.4,2338.6,2325.6,2498.7,2377.2,2011.3,3162.2,2315.2,55.2,65.7,42.0,55.8,50.3,63.7,53.5,56.0,52.2,62.4,48.4,49.5,63.0,65.7,55.2,100.0,77.3,91.8,58.8,78.6,70.7,89.0,74.9,78.9,73.1,87.2,67.9,69.6,87.5,77.3,40.0,40.0,40.0,40.0,40.0,40.0,40.0,37.0,143,144,145,145,142,140,140,69,68,67,67,70,72,72,147,145,Không,Không,Không,Không,Không,Không,Không,Không,Không,Không,Không,Không,Không,Không,Không,Không,Không,Không,Không,Không,Không,Không,Không,Không,144,144,43.243,40.520,38.995,1.546,65.0,85.0,134.0,134.0,42.000,58.0,64.4,41.5,55.1,49.6,54.6,62.3,58.6,58.3,62.6,59.6,50.4,79.2,8.6,8.4,15.5,4.4,12.0,4.4,7.1,1593.7,16.00,22,22,22,52,74,880,2,Đúng,Không,Không,Không,Không,Không,Không,Không,Không,Không,Không,Không,Đúng,Đúng,Không,Không,Không,Không,Không,Không,Không,Không,Không,Không,Không,Không,Không,Không,Không,Không,Không,Không,Không,Không,Không,Không,Không,Không,Không,Không,Không,168.8,115,136,145,153,1.020,3.344,11.880,4.950,0.024,1.320,1.212,3.360,3.144,3.072,1588,0,0,Đúng,118,Không,Không,113,92.0,Không,Không,8827,12973,45315,127,87.0,100.0,Không,Không,46185,41442,100.0,100.0,100.0,4.346,1.522,24820,21665,0.1,0.0,0.1,0.028,0.025,374,681,0.2,0.8,1.0,0.092,0.654,24115,79978,113.7,128.1,181.4,0.675,6.291,4.901,12.000,0.076,6.024,6.215,0.191,19.600,19.600,696.0,810.0,658.0,879.6,805.0,10.0,9.0,0.0,3.0,41.2,2.2,4.4,0.0,50,Đúng,Không,Không,Không,Không,Đúng,Không,7,0,0,0,0,0,0,0,0,190,0,0,0,0,0,0,0,0,0,0,0,0,0,0,0,0,0,0,0,0,2410,1686,1609,130,5.0,75.0,76.7,73.7,73.2,73.2,73.2,75.0,75.5,74.5,74.1,74.0,74.0,13.33,13.60,12.98,12.93,13.71,13.71,0.46,1.61,13.19,0.15,0.09,16640,1508,104.1,7.2,0,33.8,52,
8.10.2026,20:2:32.847,30171,65947,31.3,24290,24724,49.5,1.0,47104,461,1.047,1.042,1.052,1.041,1.041,1.056,1.052,3984.3,3984.3,3984.3,3984.3,3984.3,3984.3,3984.3,99.6,3685.5,996.1,2494.6,3062.4,2069.3,2640.8,2485.3,2450.8,2403.2,2598.9,2323.4,2773.6,2016.1,2860.1,2251.7,2494.6,64.2,80.1,53.8,68.3,63.8,63.6,62.2,67.0,60.3,71.6,52.7,73.4,54.2,80.1,64.2,100.0,90.8,112.1,76.5,96.5,90.2,90.3,87.9,94.5,85.3,100.9,75.2,103.2,77.0,90.8,40.0,40.0,40.0,40.0,40.0,40.0,40.0,37.0,135,147,135,131,131,135,133,77,65,77,81,81,77,79,147,147,Không,Không,Không,Không,Không,Không,Không,Không,Không,Không,Không,Không,Không,Không,Không,Không,Không,Không,Không,Không,Không,Không,Không,Không,147,147,34.594,48.131,45.501,2.642,65.0,85.0,134.0,134.0,35.000,62.5,76.7,51.8,66.2,62.3,61.4,60.2,65.1,58.2,69.5,50.5,71.7,56.4,1.1,0.0,3.2,2.4,1.1,0.0,0.0,1593.7,16.00,22,22,22,52,74,880,2,Đúng,Không,Không,Không,Không,Không,Không,Không,Không,Không,Không,Không,Đúng,Đúng,Không,Không,Không,Không,Không,Không,Không,Không,Không,Không,Không,Không,Không,Không,Không,Không,Không,Không,Không,Không,Không,Không,Không,Không,Không,Không,Không,168.8,115,136,144,153,1.020,3.324,11.808,4.950,0.024,1.320,1.212,3.360,3.144,3.072,1584,0,0,Đúng,118,Không,Không,113,92.0,Không,Không,8827,12973,45315,127,87.0,100.0,Không,Không,46185,41442,100.0,78.0,100.0,13.410,2.012,24848,21669,0.1,0.0,0.2,0.055,0.106,374,682,1.5,0.3,1.8,1.807,0.561,24119,79980,113.1,127.5,181.4,0.675,6.281,4.897,12.000,0.076,6.024,6.205,0.182,19.600,19.600,278.0,405.0,544.0,134.1,402.0,24.0,19.0,0.0,5.0,41.2,5.3,10.6,0.0,50,Đúng,Không,Không,Không,Không,Đúng,Không,7,0,0,0,0,0,0,0,0,191,0,0,0,0,0,0,0,0,0,0,0,0,0,0,0,0,0,0,0,0,2410,1686,1609,130,2.5,75.0,76.2,73.7,73.5,73.5,73.5,75.0,75.5,74.5,74.3,74.3,74.3,13.33,13.61,13.09,13.05,13.65,13.65,0.80,0.36,13.20,0.13,0.10,16640,1508,65.6,10.0,0,35.6,52,
8.10.2026,20:2:37.253,30182,65936,31.4,24292,24722,49.5,1.0,47104,461,1.045,1.064,1.045,1.033,1.049,1.036,1.047,3984.3,3984.3,3984.3,3984.3,3984.3,3984.3,3984.3,99.6,3685.5,996.1,2016.2,2555.2,1492.3,2162.2,1805.8,3168.1,1407.0,2227.7,1555.2,2338.4,1398.4,2507.1,1577.6,2016.2,52.7,67.0,39.0,55.7,46.5,81.8,37.0,57.5,41.5,61.4,37.8,66.1,41.2,81.8,52.7,100.0,74.5,93.9,55.3,79.0,66.1,114.0,52.9,81.5,59.1,86.7,54.1,92.9,58.6,74.5,40.0,40.0,40.0,40.0,40.0,40.0,40.0,37.0,136,127,145,129,144,135,133,76,85,67,83,68,77,79,145,145,Không,Không,Không,Không,Không,Không,Không,Không,Không,Không,Không,Không,Không,Không,Không,Không,Không,Không,Không,Không,Không,Không,Không,Không,145,145,47.087,43.475,40.952,2.552,65.0,85.0,134.0,134.0,50.000,50.5,64.0,37.4,54.2,45.2,79.3,35.2,55.8,39.0,58.6,35.0,62.8,39.5,7.8,4.4,13.4,1.6,13.2,7.1,7.3,1593.7,16.00,22,22,22,52,74,880,2,Đúng,Không,Không,Không,Không,Không,Không,Không,Không,Không,Không,Không,Đúng,Đúng,Không,Không,Không,Không,Không,Không,Không,Không,Không,Không,Không,Không,Không,Không,Không,Không,Không,Không,Không,Không,Không,Không,Không,Không,Không,Không,Không,168.8,115,136,144,153,1.020,3.324,11.880,4.980,0.024,1.308,1.212,3.360,3.144,3.072,1588,0,0,Đúng,118,Không,Không,113,92.0,Không,Không,8827,12973,45315,129,87.0,100.0,Không,Không,46185,41442,100.0,100.0,100.0,7.442,2.175,24878,21677,0.1,0.0,0.1,0.041,0.092,374,682,0.5,0.3,0.8,0.256,0.132,24119,79981,113.1,127.5,181.4,0.675,6.281,4.897,12.000,0.076,6.024,6.205,0.182,19.600,19.600,139.0,405.0,544.0,134.0,402.7,23.0,19.0,0.0,5.0,41.2,5.3,10.5,0.0,50,Đúng,Không,Không,Không,Không,Đúng,Không,7,0,0,0,0,0,0,0,0,191,0,0,0,0,0,0,0,0,0,0,0,0,0,0,0,0,0,0,0,0,2410,1686,1609,130,2.5,75.0,76.2,74.1,74.1,74.1,74.1,75.0,75.3,74.7,74.7,74.7,74.7,13.33,13.51,13.09,13.08,13.52,13.52,0.80,0.56,13.21,0.13,0.09,16641,1508,160.1,7.0,0,35.6,52,
8.10.2026,20:2:40.840,30190,65928,31.4,24300,24714,49.5,1.0,47104,461,1.048,1.065,1.052,1.041,1.047,1.037,1.046,3984.3,3984.3,3984.3,3984.3,3984.3,3984.3,3984.3,99.6,3685.5,996.1,2130.9,2375.3,1970.9,2337.7,2013.7,2571.9,1655.3,2531.6,1855.3,2300.5,1699.6,2285.5,1972.8,2130.9,55.5,63.0,51.4,60.7,52.0,66.5,43.2,66.4,47.9,62.8,42.9,57.2,52.4,66.5,55.5,100.0,78.4,88.6,72.2,85.9,73.6,93.6,61.6,93.5,67.7,88.6,61.2,80.9,74.0,78.5,40.0,40.0,40.0,40.0,40.0,40.0,40.0,37.0,136,129,145,127,127,145,144,76,83,67,85,85,67,68,145,145,Không,Không,Không,Không,Không,Không,Không,Không,Không,Không,Không,Không,Không,Không,Không,Không,Không,Không,Không,Không,Không,Không,Không,Không,142,142,39.399,44.872,42.333,2.565,65.0,85.0,134.0,134.0,42.000,53.4,59.5,49.4,58.5,50.5,64.4,41.5,63.4,46.5,57.6,42.6,57.3,49.4,5.6,4.0,6.1,5.7,7.8,3.9,6.4,1593.7,16.00,22,22,22,52,74,880,2,Đúng,Không,Không,Không,Không,Không,Không,Không,Không,Không,Không,Không,Đúng,Đúng,Không,Không,Không,Không,Không,Không,Không,Không,Không,Không,Không,Không,Không,Không,Không,Không,Không,Không,Không,Không,Không,Không,Không,Không,Không,Không,Không,168.8,115,136,142,154,1.008,3.324,11.808,4.950,0.024,1.296,1.212,3.360,3.144,3.072,1584,0,0,Đúng,118,Không,Không,113,92.0,Không,Không,8827,12973,45315,127,87.0,100.0,Không,Không,46186,41442,100.0,99.4,100.0,15.195,2.801,24922,21684,0.1,0.0,0.1,0.044,0.067,375,682,0.4,0.2,0.6,0.416,0.321,24124,79985,113.0,127.4,181.4,0.675,6.281,4.897,12.000,0.076,6.024,6.205,0.182,19.600,19.600,139.0,405.0,544.0,134.0,402.4,19.0,18.0,0.0,5.0,41.2,5.4,10.7,0.0,50,Đúng,Không,Không,Không,Không,Đúng,Không,7,0,0,0,0,0,0,0,0,191,0,0,0,0,0,0,0,0,0,0,0,0,0,0,0,0,0,0,0,0,2410,1686,1609,130,2.5,75.0,76.4,73.7,73.6,73.6,73.6,75.0,75.3,74.7,74.6,74.6,74.6,13.33,13.60,13.06,13.00,13.63,13.63,0.80,0.36,13.20,0.13,0.09,16641,1508,59.8,5.8,0,35.6,52,
8.10.2026,20:2:43.415,30109,66009,31.3,24242,24772,49.4,1.0,47104,461,1.053,1.067,1.047,1.045,1.048,1.055,1.055,3984.3,3984.3,3984.3,3984.3,3984.3,3984.3,3984.3,99.6,3685.5,996.1,1469.2,1661.6,915.9,2679.6,874.7,1380.5,894.4,1858.5,1255.8,2374.8,879.2,1660.8,1194.7,1469.2,37.0,42.4,23.2,67.3,22.1,34.9,23.0,46.9,31.7,53.1,24.4,47.1,27.8,67.3,37.0,100.0,52.4,60.5,33.0,94.1,31.5,50.3,33.1,66.2,44.7,74.4,34.7,66.6,39.3,52.4,40.0,40.0,40.0,40.0,40.0,40.0,40.0,37.0,132,126,142,127,126,142,127,80,86,70,85,86,70,85,142,142,Không,Không,Không,Không,Không,Không,Không,Không,Không,Không,Không,Không,Không,Không,Không,Không,Không,Không,Không,Không,Không,Không,Không,Không,144,144,41.321,35.314,32.901,2.437,65.0,85.0,134.0,134.0,42.000,36.8,41.6,22.9,67.1,21.9,34.6,22.4,46.6,31.5,59.5,22.0,41.6,29.9,26.5,27.5,17.1,37.5,24.7,22.8,29.4,1593.7,16.00,22,22,22,52,74,880,2,Đúng,Không,Không,Không,Không,Không,Không,Không,Không,Không,Không,Không,Đúng,Đúng,Không,Không,Không,Không,Không,Không,Không,Không,Không,Không,Không,Không,Không,Không,Không,Không,Không,Không,Không,Không,Không,Không,Không,Không,Không,Không,Không,168.8,115,136,142,154,1.020,3.285,11.880,4.980,0.024,1.320,1.212,3.360,3.144,3.072,1580,0,0,Đúng,118,Không,Không,113,92.0,Không,Không,8827,12973,45315,129,87.0,100.0,Không,Không,46186,41442,100.0,86.2,100.0,15.035,2.051,24954,21689,0.0,0.0,0.1,0.018,0.040,375,682,0.7,0.4,1.1,1.115,0.349,24126,79986,113.0,127.4,181.4,0.675,6.282,4.898,12.000,0.076,6.024,6.206,0.183,19.600,19.600,139.0,405.0,544.0,134.1,405.5,19.0,18.0,0.0,5.0,41.2,5.3,10.6,0.0,50,Đúng,Không,Không,Không,Không,Đúng,Không,7,0,0,0,0,0,0,0,0,191,0,0,0,0,0,0,0,0,0,0,0,0,0,0,0,0,0,0,0,0,2410,1686,1609,130,2.5,75.0,76.8,73.4,73.3,73.3,73.3,75.0,75.4,74.5,74.5,74.5,74.5,13.33,13.68,12.97,12.85,13.72,13.72,0.83,0.18,13.20,0.12,0.10,16641,1508,46.7,2.2,0,35.6,52,
8.10.2026,20:2:48.626,30175,65943,31.3,24264,24750,49.5,1.0,47104,461,1.044,1.052,1.042,1.053,1.022,1.063,1.034,3984.3,3984.3,3984.3,3984.3,3984.3,3984.3,3984.3,99.6,3685.5,996.1,1560.2,1803.1,1042.2,1781.8,2198.1,1578.6,1511.0,1674.5,1359.9,1523.0,1027.8,2017.2,1205.0,1560.2,41.5,48.2,27.9,47.1,56.5,41.7,39.4,44.1,36.0,43.2,28.6,50.5,35.0,56.5,41.5,100.0,58.8,68.4,39.5,66.4,79.3,59.5,55.6,62.8,50.9,61.6,40.6,71.2,49.4,58.8,40.0,40.0,40.0,40.0,40.0,40.0,40.0,37.0,133,135,145,124,127,126,140,79,77,67,88,85,86,72,145,145,Không,Không,Không,Không,Không,Không,Không,Không,Không,Không,Không,Không,Không,Không,Không,Không,Không,Không,Không,Không,Không,Không,Không,Không,147,147,41.321,37.474,35.045,2.460,65.0,85.0,134.0,134.0,42.000,39.1,45.2,26.1,44.6,55.1,39.6,37.9,42.0,34.1,38.2,25.8,50.5,30.2,20.4,21.7,6.4,23.4,20.4,29.8,20.5,1593.7,16.00,22,22,22,52,74,880,2,Đúng,Không,Không,Không,Không,Không,Không,Không,Không,Không,Không,Không,Đúng,Đúng,Không,Không,Không,Không,Không,Không,Không,Không,Không,Không,Không,Không,Không,Không,Không,Không,Không,Không,Không,Không,Không,Không,Không,Không,Không,Không,Không,168.8,115,136,140,153,0.996,3.285,11.952,5.010,0.024,1.308,1.212,3.360,3.144,3.072,1573,0,0,Đúng,118,Không,Không,113,92.0,Không,Không,8827,12973,45315,129,87.0,100.0,Không,Không,46186,41442,100.0,100.0,100.0,10.840,1.080,25027,21700,0.1,0.1,0.2,0.040,0.145,375,683,0.5,0.4,0.8,0.248,0.954,24131,79989,112.8,127.2,181.4,0.675,6.281,4.897,12.000,0.076,6.024,6.205,0.182,19.600,19.600,139.0,405.0,544.0,134.0,402.0,21.0,18.0,0.0,6.0,41.2,5.2,10.4,0.0,50,Đúng,Không,Không,Không,Không,Đúng,Không,7,0,0,0,0,0,0,0,0,191,0,0,0,0,0,0,0,0,0,0,0,0,0,0,0,0,0,0,0,0,2410,1686,1609,130,2.5,75.0,76.2,73.9,73.9,73.8,73.8,75.0,75.2,74.7,74.7,74.7,74.7,13.33,13.55,13.10,13.01,13.57,13.57,0.77,0.19,13.22,0.12,0.09,16642,1508,1.2,5.1,0,35.6,52,
8.10.2026,20:2:52.501,30281,65837,31.5,24303,24711,49.5,1.0,47104,461,1.040,1.064,1.030,1.034,1.057,1.027,1.029,3984.3,3984.3,3984.3,3984.3,3984.3,3984.3,3984.3,99.6,3685.5,996.1,1761.9,2025.2,1307.6,1742.8,2032.7,2094.6,1459.1,2237.7,2001.8,1785.1,1256.5,1782.0,1417.4,1761.9,45.8,53.5,34.6,45.6,52.0,52.8,37.7,57.2,51.7,45.1,33.7,49.7,36.4,57.2,45.8,100.0,65.0,75.9,49.3,64.8,73.3,74.9,53.7,80.3,72.4,64.8,48.2,70.8,51.9,65.0,40.0,40.0,40.0,40.0,40.0,40.0,40.0,37.0,137,127,145,144,133,147,126,75,85,67,68,79,65,86,145,147,Không,Không,Không,Không,Không,Không,Không,Không,Không,Không,Không,Không,Không,Không,Không,Không,Không,Không,Không,Không,Không,Không,Không,Không,142,142,42.282,39.865,37.428,2.470,65.0,85.0,134.0,134.0,44.000,44.1,50.7,32.8,43.7,50.9,52.5,36.6,56.1,50.2,44.7,31.5,44.7,35.5,19.9,19.5,15.9,21.6,8.7,27.8,25.7,1593.7,16.00,22,22,22,52,74,880,2,Đúng,Không,Không,Không,Không,Không,Không,Không,Không,Không,Không,Không,Đúng,Đúng,Không,Không,Không,Không,Không,Không,Không,Không,Không,Không,Không,Không,Không,Không,Không,Không,Không,Không,Không,Không,Không,Không,Không,Không,Không,Không,Không,168.8,115,136,142,153,1.008,3.344,11.880,5.010,0.024,1.308,1.212,3.360,3.144,3.072,1558,0,0,Đúng,118,Không,Không,113,92.0,Không,Không,8827,12973,45315,129,87.0,100.0,Không,Không,46186,41442,100.0,100.0,100.0,17.238,2.127,25079,21707,0.2,0.1,0.3,0.101,0.097,375,683,0.3,1.3,1.6,0.138,6.237,24135,80002,112.9,127.3,181.4,0.675,6.285,4.899,12.000,0.076,6.024,6.209,0.186,19.600,19.600,139.0,405.0,544.0,134.0,402.2,20.0,18.0,0.0,5.0,41.2,5.1,10.3,0.0,50,Đúng,Không,Không,Không,Không,Đúng,Không,7,0,0,0,0,0,0,0,0,191,0,0,0,0,0,0,0,0,0,0,0,0,0,0,0,0,0,0,0,0,2410,1686,1609,130,2.5,75.0,76.4,73.9,73.7,73.7,73.7,75.0,75.3,74.6,74.5,74.5,74.5,13.33,13.56,13.05,13.03,13.59,13.59,0.79,0.19,13.21,0.12,0.09,16642,1508,3.7,7.2,0,35.6,52,
8.10.2026,20:2:56.250,30248,65870,31.4,24284,24730,49.5,1.0,47104,461,1.046,1.022,1.049,1.053,1.052,1.051,1.052,3984.3,3984.3,3984.3,3984.3,3984.3,3984.3,3984.3,99.6,3685.5,996.1,1505.1,2262.2,1022.3,1831.9,1166.1,1387.9,1113.3,1523.6,2415.1,1757.9,1052.8,1329.0,1199.8,1505.1,39.6,59.4,27.8,47.6,30.9,37.0,29.9,40.3,55.0,45.1,26.7,39.7,35.5,59.4,39.6,100.0,55.9,83.5,39.0,67.4,43.8,53.0,42.4,56.9,76.6,64.0,38.0,56.5,49.9,55.9,40.0,40.0,40.0,40.0,40.0,40.0,40.0,37.0,133,142,131,127,127,140,129,79,70,81,85,85,72,83,142,142,Không,Không,Không,Không,Không,Không,Không,Không,Không,Không,Không,Không,Không,Không,Không,Không,Không,Không,Không,Không,Không,Không,Không,Không,142,142,45.165,36.375,33.960,2.448,65.0,85.0,134.0,134.0,41.000,37.7,56.7,25.6,45.9,29.2,34.8,27.9,38.2,60.5,44.0,26.4,33.3,30.1,24.4,14.9,22.8,33.5,15.9,26.0,32.9,1593.7,16.00,22,22,22,52,74,880,2,Đúng,Không,Không,Không,Không,Không,Không,Không,Không,Không,Không,Không,Đúng,Đúng,Không,Không,Không,Không,Không,Không,Không,Không,Không,Không,Không,Không,Không,Không,Không,Không,Không,Không,Không,Không,Không,Không,Không,Không,Không,Không,Không,168.8,115,136,140,153,1.008,3.285,11.952,4.980,0.024,1.308,1.212,3.360,3.144,3.072,1548,0,0,Đúng,118,Không,Không,113,92.0,Không,Không,8827,12973,45315,129,87.0,100.0,Không,Không,46186,41442,100.0,100.0,100.0,13.130,2.314,25139,21716,0.1,0.0,0.1,0.046,0.100,375,683,2.2,1.6,3.8,3.262,1.855,24162,80017,113.1,127.5,181.4,0.675,6.275,4.895,12.000,0.076,6.024,6.199,0.175,19.600,19.600,139.0,405.0,544.0,134.0,403.2,19.0,18.0,0.0,5.0,41.2,5.2,10.5,0.0,50,Đúng,Không,Không,Không,Không,Đúng,Không,7,0,0,0,0,0,0,0,0,191,0,0,0,0,0,0,0,0,0,0,0,0,0,0,0,0,0,0,0,0,2410,1686,1609,130,2.5,75.0,76.3,73.7,73.6,73.6,73.6,75.0,75.4,74.7,74.6,74.5,74.5,13.33,13.61,13.11,12.99,13.61,13.61,0.77,0.36,13.22,0.12,0.07,16642,1508,4.4,3.6,0,35.6,52,
8.10.2026,20:3:1.090,30285,65833,31.5,24305,24709,49.5,1.0,47104,461,1.056,1.068,1.050,1.066,1.049,1.052,1.052,3984.3,3984.3,3984.3,3984.3,3984.3,3984.3,3984.3,99.6,3685.5,996.1,1757.4,2095.8,1430.3,2299.8,1467.8,1978.2,1410.2,2363.2,1574.0,1662.9,1086.9,1655.3,2063.8,1757.4,45.8,55.7,37.5,59.2,37.9,49.1,37.5,61.1,41.9,43.9,29.6,40.5,56.0,61.1,45.8,100.0,65.2,79.0,53.3,83.5,54.2,70.0,53.7,86.1,59.5,63.4,42.9,58.1,78.7,65.2,40.0,40.0,40.0,40.0,40.0,40.0,40.0,37.0,136,140,135,145,127,131,136,76,72,77,67,85,81,76,142,145,Không,Không,Không,Không,Không,Không,Không,Không,Không,Không,Không,Không,Không,Không,Không,Không,Không,Không,Không,Không,Không,Không,Không,Không,144,144,37.477,40.599,38.161,2.468,65.0,85.0,134.0,134.0,37.000,44.0,52.5,35.8,57.6,36.8,49.6,35.3,59.2,39.4,41.7,27.2,41.5,51.7,17.8,15.0,15.6,20.6,8.8,32.4,14.4,1593.7,16.00,22,22,22,52,74,880,2,Đúng,Không,Không,Không,Không,Không,Không,Không,Không,Không,Không,Không,Đúng,Đúng,Không,Không,Không,Không,Không,Không,Không,Không,Không,Không,Không,Không,Không,Không,Không,Không,Không,Không,Không,Không,Không,Không,Không,Không,Không,Không,Không,168.8,115,136,140,153,1.008,3.285,11.880,4.950,0.024,1.308,1.212,3.360,3.144,3.072,1558,0,0,Đúng,118,Không,Không,113,92.0,Không,Không,8827,12973,45315,127,87.0,100.0,Không,Không,46186,41442,100.0,98.5,100.0,16.895,1.858,25190,21721,0.1,0.0,0.1,0.055,0.053,376,683,0.2,0.3,0.5,0.109,0.401,24162,80021,113.1,127.5,181.4,0.675,6.281,4.897,12.000,0.076,6.024,6.205,0.182,19.600,19.600,139.0,405.0,544.0,134.0,402.6,19.0,18.0,0.0,5.0,41.2,5.1,10.3,0.0,50,Đúng,Không,Không,Không,Không,Đúng,Không,7,0,0,0,0,0,0,0,0,191,0,0,0,0,0,0,0,0,0,0,0,0,0,0,0,0,0,0,0,0,2410,1686,1609,127,2.5,75.0,75.9,74.0,73.9,73.9,73.9,75.0,75.3,74.6,74.6,74.6,74.6,13.34,13.54,13.14,13.10,13.56,13.56,0.81,0.18,13.22,0.12,0.07,16643,1508,228.7,13.4,0,35.6,52,
8.10.2026,20:3:5.843,30207,65912,31.4,24317,24698,49.6,1.0,47104,461,1.056,1.060,1.056,1.058,1.058,1.049,1.054,3984.3,3984.3,3984.3,3984.3,3984.3,3984.3,3984.3,99.6,3685.5,996.1,1717.6,1953.2,1605.1,2273.2,1399.1,2090.2,1251.8,2234.7,1294.3,2547.2,1248.2,1511.1,1202.5,1717.6,44.1,50.2,40.7,58.6,36.0,53.4,31.9,56.9,33.7,64.5,32.6,39.0,31.4,64.5,44.1,100.0,62.2,71.0,57.2,82.3,50.9,75.2,45.4,80.1,47.8,90.3,46.3,55.9,44.6,62.2,40.0,40.0,40.0,40.0,40.0,40.0,40.0,37.0,136,144,135,136,131,142,127,76,68,77,76,81,70,85,144,144,Không,Không,Không,Không,Không,Không,Không,Không,Không,Không,Không,Không,Không,Không,Không,Không,Không,Không,Không,Không,Không,Không,Không,Không,149,149,45.165,44.353,41.808,2.565,65.0,85.0,134.0,134.0,46.000,43.0,48.9,40.2,57.0,35.1,52.4,31.4,56.0,32.4,63.8,31.3,37.9,30.1,18.5,10.2,16.4,17.1,12.7,19.8,35.0,1593.7,16.00,22,22,22,52,74,880,2,Đúng,Không,Không,Không,Không,Không,Không,Không,Không,Không,Không,Không,Đúng,Đúng,Không,Không,Không,Không,Không,Không,Không,Không,Không,Không,Không,Không,Không,Không,Không,Không,Không,Không,Không,Không,Không,Không,Không,Không,Không,Không,Không,168.8,115,136,145,153,1.032,3.324,11.808,5.010,0.024,1.308,1.212,3.360,3.144,3.072,1562,0,0,Đúng,118,Không,Không,113,92.0,Không,Không,8827,12973,45315,129,87.0,100.0,Không,Không,46186,41442,100.0,100.0,100.0,22.614,2.221,25325,21730,0.1,0.0,0.2,0.073,0.062,376,684,0.3,0.3,0.5,0.273,0.186,24455,80022,113.0,127.4,181.4,0.675,6.280,4.897,12.000,0.076,6.024,6.204,0.181,19.600,19.600,139.0,405.0,544.0,134.0,402.2,19.0,18.0,0.0,5.0,41.2,5.3,10.7,0.0,50,Đúng,Không,Không,Không,Không,Đúng,Không,7,0,0,0,0,0,0,0,0,191,0,0,0,0,0,0,0,0,0,0,0,0,0,0,0,0,0,0,0,0,2410,1686,1609,127,2.5,75.0,76.3,73.7,73.6,73.6,73.6,75.0,75.3,74.7,74.7,74.7,74.7,13.34,13.62,13.05,13.02,13.65,13.65,0.73,0.18,13.22,0.12,0.09,16644,1508,129.8,4.8,0,35.6,52,
8.10.2026,20:3:14.877,30175,65943,31.3,24171,24844,49.3,1.0,47104,461,1.052,1.058,1.055,1.055,1.061,1.043,1.043,3984.3,3984.3,3984.3,3984.3,3984.3,3984.3,3984.3,99.6,3685.5,996.1,1243.6,1605.2,767.4,1389.1,961.6,1170.3,1401.6,1096.3,1148.3,1483.8,829.1,968.3,2102.6,1243.6,32.0,41.8,19.9,35.4,24.9,30.2,35.7,28.4,29.4,39.0,21.4,25.6,52.5,52.5,32.0,100.0,45.6,59.7,28.5,50.6,35.6,43.4,50.4,41.3,41.9,55.5,30.8,36.9,73.3,45.6,40.0,40.0,40.0,40.0,40.0,40.0,40.0,37.0,133,142,136,133,129,127,133,79,70,76,79,83,85,79,142,142,Không,Không,Không,Không,Không,Không,Không,Không,Không,Không,Không,Không,Không,Không,Không,Không,Không,Không,Không,Không,Không,Không,Không,Không,144,144,38.438,32.419,30.085,2.374,65.0,85.0,134.0,134.0,38.000,31.2,40.2,19.2,34.8,24.1,29.3,35.1,27.5,28.8,37.2,20.8,24.3,52.7,36.8,36.4,43.3,35.6,41.7,37.8,25.7,1593.7,16.00,22,22,22,52,74,880,2,Đúng,Không,Không,Không,Không,Không,Không,Không,Không,Không,Không,Không,Đúng,Đúng,Không,Không,Không,Không,Không,Không,Không,Không,Không,Không,Không,Không,Không,Không,Không,Không,Không,Không,Không,Không,Không,Không,Không,Không,Không,Không,Không,168.8,115,136,140,153,1.032,3.285,11.880,4.980,0.024,1.296,1.212,3.360,3.144,3.072,1541,0,0,Đúng,118,Không,Không,113,92.0,Không,Không,8827,12973,45315,127,87.0,100.0,Không,Không,46186,41442,100.0,100.0,100.0,16.492,1.157,25441,21743,0.0,0.0,0.0,0.000,0.050,376,684,0.1,0.5,0.6,0.131,0.200,24463,80024,113.2,127.6,181.4,0.675,6.281,4.897,12.000,0.076,6.024,6.205,0.182,19.600,19.600,139.0,405.0,544.0,134.0,402.3,22.0,19.0,0.0,6.0,41.2,5.3,10.6,0.0,50,Đúng,Không,Không,Không,Không,Đúng,Không,7,0,0,0,0,0,0,0,0,191,0,0,0,0,0,0,0,0,0,0,0,0,0,0,0,0,0,0,0,0,2410,1686,1609,128,2.5,75.0,76.0,74.2,74.2,74.2,74.2,75.0,75.3,74.7,74.7,74.7,74.7,13.33,13.50,13.13,13.10,13.52,13.52,0.81,0.54,13.21,0.12,0.08,16645,1508,38.8,2.8,0,35.6,52,
8.10.2026,20:3:18.292,30146,65972,31.3,24168,24846,49.3,1.0,47104,461,1.051,1.045,1.048,1.047,1.051,1.056,1.056,3984.3,3984.3,3984.3,3984.3,3984.3,3984.3,3984.3,99.6,3685.5,996.1,1445.5,1706.4,940.0,1427.2,1065.1,1273.8,1431.3,1626.5,1579.7,2755.2,884.5,1408.1,1247.6,1445.5,38.0,45.6,25.3,36.9,27.6,34.8,36.7,44.3,42.2,69.8,23.6,36.7,32.2,69.8,38.0,100.0,54.4,65.4,36.5,53.6,40.1,50.5,52.4,62.9,59.7,97.8,34.2,53.1,46.2,54.4,40.0,40.0,40.0,40.0,40.0,40.0,40.0,37.0,136,135,138,135,133,140,138,76,77,74,77,79,72,74,140,140,Không,Không,Không,Không,Không,Không,Không,Không,Không,Không,Không,Không,Không,Không,Không,Không,Không,Không,Không,Không,Không,Không,Không,Không,140,140,33.633,35.796,33.403,2.424,65.0,85.0,134.0,134.0,35.000,36.2,42.8,23.6,35.8,26.7,31.9,35.9,40.8,39.6,69.0,22.2,35.3,31.3,25.4,22.1,37.2,29.4,19.1,11.1,33.5,1593.7,16.00,22,22,22,52,74,880,2,Đúng,Không,Không,Không,Không,Không,Không,Không,Không,Không,Không,Không,Đúng,Đúng,Không,Không,Không,Không,Không,Không,Không,Không,Không,Không,Không,Không,Không,Không,Không,Không,Không,Không,Không,Không,Không,Không,Không,Không,Không,Không,Không,170.6,115,136,140,153,1.032,3.285,11.880,4.980,0.024,1.320,1.212,3.360,3.144,3.072,1541,0,0,Đúng,118,Không,Không,113,92.0,Không,Không,8827,12973,45315,127,87.0,100.0,Không,Không,46186,41442,100.0,99.0,100.0,12.568,2.186,25510,21749,0.1,0.2,0.2,0.041,0.080,376,684,1.5,0.2,1.7,1.840,0.075,24468,80025,112.9,127.3,181.4,0.675,6.286,4.899,12.000,0.076,6.024,6.210,0.187,19.600,19.600,139.0,405.0,544.0,134.1,401.2,22.0,19.0,0.0,6.0,41.2,5.3,10.5,0.0,50,Đúng,Không,Không,Không,Không,Đúng,Không,7,0,0,0,0,0,0,0,0,191,0,0,0,0,0,0,0,0,0,0,0,0,0,0,0,0,0,0,0,0,2410,1686,1609,127,2.5,75.0,76.2,73.8,73.5,73.4,73.4,75.0,75.4,74.6,74.4,74.4,74.4,13.34,13.59,13.10,13.08,13.64,13.64,0.79,0.35,13.21,0.13,0.09,16646,1508,129.0,1.9,0,33.8,52,
8.10.2026,20:3:22.199,30180,65938,31.3,24204,24810,49.3,1.0,47104,461,1.045,1.046,1.047,1.044,1.041,1.042,1.048,3984.3,3984.3,3984.3,3984.3,3984.3,3984.3,3984.3,99.6,3685.5,996.1,1795.3,2022.1,1331.2,1849.1,1674.1,1734.9,2031.3,1775.3,2234.6,1903.5,1417.2,1880.8,1689.7,1795.3,46.9,53.7,35.1,47.7,43.4,45.2,52.1,46.1,57.3,49.6,36.8,56.9,39.1,57.3,46.9,100.0,66.4,76.0,49.8,67.8,61.5,64.3,73.2,65.4,80.2,70.4,52.2,80.2,55.3,66.4,40.0,40.0,40.0,40.0,40.0,40.0,40.0,37.0,139,144,144,142,135,140,131,73,68,68,70,77,72,81,145,144,Không,Không,Không,Không,Không,Không,Không,Không,Không,Không,Không,Không,Không,Không,Không,Không,Không,Không,Không,Không,Không,Không,Không,Không,149,149,50.930,40.249,37.778,2.507,65.0,85.0,134.0,134.0,51.000,45.0,50.7,33.4,46.3,41.9,43.5,50.9,44.5,56.0,47.7,35.5,47.1,42.3,19.5,17.0,23.2,15.9,16.6,23.7,20.4,1593.7,16.00,22,22,22,52,74,880,2,Đúng,Không,Không,Không,Không,Không,Không,Không,Không,Không,Không,Không,Đúng,Đúng,Không,Không,Không,Không,Không,Không,Không,Không,Không,Không,Không,Không,Không,Không,Không,Không,Không,Không,Không,Không,Không,Không,Không,Không,Không,Không,Không,168.8,117,136,144,153,1.008,3.285,11.880,4.980,0.024,1.308,1.212,3.360,3.144,3.072,1544,0,0,Đúng,118,Không,Không,113,92.0,Không,Không,8827,12973,45315,129,87.0,100.0,Không,Không,46186,41442,100.0,100.0,100.0,10.821,2.012,25553,21756,0.2,0.0,0.2,0.082,0.054,377,685,0.3,3.6,3.9,0.307,15.367,24469,80051,112.9,127.3,181.4,0.675,6.285,4.899,12.000,0.076,6.024,6.209,0.186,19.600,19.600,139.0,405.0,544.0,134.1,402.2,19.0,18.0,0.0,4.0,41.2,5.2,10.5,0.0,50,Đúng,Không,Không,Không,Không,Đúng,Không,7,0,0,0,0,0,0,0,0,191,0,0,0,0,0,0,0,0,0,0,0,0,0,0,0,0,0,0,0,0,2410,1686,1609,127,2.5,75.0,76.5,73.1,72.6,72.6,72.6,75.0,75.5,74.6,74.6,74.6,74.6,13.34,13.73,13.07,13.04,13.83,13.83,0.82,0.37,13.20,0.14,0.11,16647,1508,306.3,4.2,0,33.8,52,
8.10.2026,20:3:27.335,30207,65912,31.4,24239,24775,49.4,1.0,47104,461,1.054,1.048,1.060,1.051,1.056,1.054,1.053,3984.3,3984.3,3984.3,3984.3,3984.3,3984.3,3984.3,99.6,3685.5,996.1,1637.7,2002.4,1214.6,1984.5,1381.9,1680.0,1116.0,1404.6,2791.7,1909.6,1089.5,1729.9,1347.7,1637.7,42.0,52.8,31.7,49.2,35.1,43.3,31.6,35.0,74.7,46.3,28.5,40.9,34.5,74.7,42.0,100.0,59.9,74.8,45.3,70.0,50.3,62.3,45.6,50.1,104.1,66.3,41.3,59.0,49.6,59.9,40.0,40.0,40.0,40.0,40.0,40.0,40.0,37.0,137,136,145,140,138,135,129,75,76,67,72,74,77,83,145,145,Không,Không,Không,Không,Không,Không,Không,Không,Không,Không,Không,Không,Không,Không,Không,Không,Không,Không,Không,Không,Không,Không,Không,Không,144,144,26.907,37.275,34.836,2.474,65.0,85.0,134.0,134.0,28.000,41.0,50.2,30.4,49.7,34.6,42.1,28.0,35.2,69.9,47.8,27.3,43.3,33.8,20.3,17.5,26.0,26.1,1.1,24.1,26.9,1593.7,16.00,22,22,22,52,74,880,2,Đúng,Không,Không,Không,Không,Không,Không,Không,Không,Không,Không,Không,Đúng,Đúng,Không,Không,Không,Không,Không,Không,Không,Không,Không,Không,Không,Không,Không,Không,Không,Không,Không,Không,Không,Không,Không,Không,Không,Không,Không,Không,Không,168.8,115,136,144,153,0.996,3.344,11.880,4.980,0.024,1.308,1.212,3.360,3.144,3.072,1541,0,0,Đúng,118,Không,Không,113,92.0,Không,Không,8827,12973,45315,127,87.0,100.0,Không,Không,46186,41442,100.0,100.0,100.0,16.848,1.543,25619,21763,0.1,0.1,0.2,0.063,0.130,377,685,0.5,0.2,0.6,0.229,0.165,24492,80066,113.2,127.6,181.4,0.675,6.280,4.897,12.000,0.076,6.024,6.204,0.180,19.600,19.600,139.0,405.0,544.0,134.1,402.6,21.0,18.0,0.0,6.0,41.2,5.3,10.6,0.0,50,Đúng,Không,Không,Không,Không,Đúng,Không,7,0,0,0,0,0,0,0,0,191,0,0,0,0,0,0,0,0,0,0,0,0,0,0,0,0,0,0,0,0,2410,1686,1609,127,2.5,75.0,76.6,74.1,73.8,73.8,73.8,75.0,75.2,74.7,74.7,74.7,74.7,13.33,13.54,13.02,13.02,13.58,13.58,0.74,0.19,13.20,0.14,0.09,16647,1508,110.0,1.9,0,33.8,52,
8.10.2026,20:3:30.967,30216,65902,31.4,24233,24781,49.4,1.0,47104,461,1.053,1.059,1.053,1.049,1.051,1.050,1.055,3984.3,3984.3,3984.3,3984.3,3984.3,3984.3,3984.3,99.6,3685.5,996.1,2002.9,2323.3,1671.9,2266.3,1958.5,1767.5,2485.4,2445.5,1566.3,2236.5,1491.5,2205.7,1616.8,2002.9,52.6,61.5,43.2,58.6,50.4,48.2,62.2,63.8,43.5,58.0,40.1,57.9,43.6,63.8,52.6,100.0,74.6,87.0,61.4,83.0,71.6,69.1,87.6,89.8,61.9,82.4,57.6,81.8,62.0,74.6,40.0,40.0,40.0,40.0,40.0,40.0,40.0,37.0,138,133,145,136,133,135,144,74,79,67,76,79,77,68,145,145,Không,Không,Không,Không,Không,Không,Không,Không,Không,Không,Không,Không,Không,Không,Không,Không,Không,Không,Không,Không,Không,Không,Không,Không,140,140,34.594,43.520,41.001,2.540,65.0,85.0,134.0,134.0,40.000,50.2,58.2,41.9,56.8,49.1,44.3,62.3,61.3,39.2,56.0,37.4,55.3,40.5,10.7,11.4,10.6,4.3,9.1,13.5,15.3,1593.7,16.00,22,22,22,52,74,880,2,Đúng,Không,Không,Không,Không,Không,Không,Không,Không,Không,Không,Không,Đúng,Đúng,Không,Không,Không,Không,Không,Không,Không,Không,Không,Không,Không,Không,Không,Không,Không,Không,Không,Không,Không,Không,Không,Không,Không,Không,Không,Không,Không,168.8,115,136,142,153,1.020,3.285,11.880,4.980,0.024,1.308,1.212,3.360,3.144,3.072,1558,0,0,Đúng,118,Không,Không,113,92.0,Không,Không,8827,12973,45315,127,87.0,100.0,Không,Không,46186,41442,100.0,98.1,100.0,6.792,2.814,25660,21770,0.1,0.0,0.1,0.045,0.015,377,685,0.2,0.5,0.7,0.176,0.280,24493,80067,112.9,127.3,181.4,0.675,6.280,4.897,12.000,0.076,6.024,6.204,0.181,19.600,19.600,139.0,405.0,544.0,134.0,401.3,18.0,17.0,0.0,4.0,41.2,5.4,10.8,0.0,50,Đúng,Không,Không,Không,Không,Đúng,Không,7,0,0,0,0,0,0,0,0,191,0,0,0,0,0,0,0,0,0,0,0,0,0,0,0,0,0,0,0,0,2410,1686,1609,127,2.5,75.0,77.0,73.4,72.7,72.6,72.6,75.0,75.3,74.7,74.7,74.7,74.7,13.33,13.64,12.97,12.77,13.77,13.77,0.74,0.01,13.20,0.13,0.10,16648,1508,189.4,11.0,0,35.6,52,
8.10.2026,20:3:34.132,30213,65905,31.4,24228,24786,49.4,1.0,47104,461,1.045,1.044,1.030,1.049,1.047,1.051,1.051,3984.3,3984.3,3984.3,3984.3,3984.3,3984.3,3984.3,99.6,3685.5,996.1,2130.5,2272.0,1877.5,2539.0,2128.6,2142.3,2078.6,2065.8,2453.0,1876.9,2024.8,1788.6,2318.1,2130.5,55.8,60.1,49.3,65.4,54.7,55.0,53.6,53.8,60.0,49.6,56.4,48.1,63.0,65.4,55.8,100.0,78.9,84.9,69.6,92.3,77.3,78.1,75.7,76.4,84.4,70.9,79.5,68.6,88.5,78.9,40.0,40.0,40.0,40.0,40.0,40.0,40.0,37.0,137,142,136,145,138,131,127,75,70,76,67,74,81,85,147,145,Không,Không,Không,Không,Không,Không,Không,Không,Không,Không,Không,Không,Không,Không,Không,Không,Không,Không,Không,Không,Không,Không,Không,Không,147,147,41.321,44.560,42.008,2.574,65.0,85.0,134.0,134.0,43.000,53.4,56.9,47.0,63.6,53.3,53.7,52.1,51.8,61.5,47.0,50.7,44.8,58.0,8.7,7.7,4.5,10.1,7.0,11.3,11.8,1593.7,16.00,22,22,22,52,74,880,2,Đúng,Không,Không,Không,Không,Không,Không,Không,Không,Không,Không,Không,Đúng,Đúng,Không,Không,Không,Không,Không,Không,Không,Không,Không,Không,Không,Không,Không,Không,Không,Không,Không,Không,Không,Không,Không,Không,Không,Không,Không,Không,Không,168.8,117,136,144,153,1.008,3.285,11.952,4.980,0.024,1.308,1.212,3.360,3.144,3.072,1562,0,0,Đúng,118,Không,Không,113,92.0,Không,Không,8827,12973,45315,127,87.0,100.0,Không,Không,46186,41442,100.0,100.0,100.0,8.671,2.637,25696,21779,0.1,0.1,0.2,0.038,0.100,377,685,0.3,0.3,0.6,0.250,0.246,24494,80068,113.2,127.6,181.4,0.675,6.282,4.898,12.000,0.076,6.024,6.206,0.182,19.600,19.600,139.0,405.0,544.0,134.1,402.9,18.0,17.0,0.0,4.0,41.2,5.1,10.3,0.0,50,Đúng,Không,Không,Không,Không,Đúng,Không,7,0,0,0,0,0,0,0,0,191,0,0,0,0,0,0,0,0,0,0,0,0,0,0,0,0,0,0,0,0,2410,1686,1609,127,2.5,75.0,76.5,73.0,72.8,72.8,72.8,75.0,75.5,74.7,74.7,74.7,74.7,13.33,13.74,13.05,12.93,13.80,13.80,0.72,0.72,13.19,0.14,0.11,16648,1508,251.1,4.4,0,35.6,52,
8.10.2026,20:3:38.516,30286,65832,31.5,24282,24732,49.5,1.0,47104,461,1.047,1.051,1.048,1.040,1.042,1.049,1.049,3984.3,3984.3,3984.3,3984.3,3984.3,3984.3,3984.3,99.6,3685.5,996.1,2492.0,2758.4,2269.9,3072.7,2254.9,2508.6,2267.1,2581.0,2349.3,2780.3,2226.2,2583.1,2252.9,2492.0,66.2,74.0,60.0,81.5,60.4,68.1,60.0,67.4,61.0,74.6,58.9,68.6,60.0,81.5,66.2,100.0,92.7,103.4,84.0,113.6,84.7,95.5,84.1,94.6,85.4,104.1,82.6,96.0,84.0,92.7,40.0,40.0,40.0,40.0,40.0,40.0,40.0,37.0,141,142,140,142,140,138,142,71,70,72,70,72,74,70,145,142,Không,Không,Không,Không,Không,Không,Không,Không,Không,Không,Không,Không,Không,Không,Không,Không,Không,Không,Không,Không,Không,Không,Không,Không,144,144,48.048,46.509,43.905,2.623,65.0,85.0,134.0,134.0,48.000,62.4,69.1,56.9,77.0,56.5,62.9,56.8,64.7,58.9,69.7,55.8,64.7,56.4,9.2,6.8,2.4,15.0,10.7,3.5,16.6,1593.7,16.00,22,22,22,52,74,880,2,Đúng,Không,Không,Không,Không,Không,Không,Không,Không,Không,Không,Không,Đúng,Đúng,Không,Không,Không,Không,Không,Không,Không,Không,Không,Không,Không,Không,Không,Không,Không,Không,Không,Không,Không,Không,Không,Không,Không,Không,Không,Không,Không,170.6,115,136,145,153,1.020,3.324,11.808,4.950,0.024,1.308,1.212,3.360,3.144,3.072,1569,0,0,Đúng,118,Không,Không,113,92.0,Không,Không,8827,12973,45315,127,87.0,100.0,Không,Không,46186,41442,100.0,89.8,100.0,10.575,2.297,25738,21786,0.2,0.0,0.2,0.101,0.052,377,686,1.3,3.2,4.4,0.130,0.435,24494,80069,112.9,127.3,181.4,0.675,6.286,4.899,12.000,0.076,6.024,6.210,0.186,19.600,19.600,139.0,405.0,544.0,134.0,402.9,18.0,17.0,0.0,4.0,41.2,5.4,10.7,0.0,50,Đúng,Không,Không,Không,Không,Đúng,Không,7,0,0,0,0,0,0,0,0,191,0,0,0,0,0,0,0,0,0,0,0,0,0,0,0,0,0,0,0,0,2410,1686,1609,127,2.5,75.0,76.2,73.8,73.6,73.5,73.5,75.0,75.4,74.7,74.7,74.7,74.7,13.34,13.59,13.09,13.02,13.63,13.63,0.79,0.75,13.19,0.14,0.09,16649,1508,148.8,11.2,0,35.6,52,
8.10.2026,20:3:44.955,30170,65948,31.3,24220,24794,49.4,1.0,47104,461,1.049,1.059,1.049,1.041,1.037,1.060,1.046,3984.3,3984.3,3984.3,3984.3,3984.3,3984.3,3984.3,99.6,3685.5,996.1,1008.7,1373.1,508.7,721.6,2042.6,1334.5,624.2,888.9,1196.4,846.5,469.3,1502.3,596.5,1008.7,26.1,35.4,16.7,19.5,45.1,26.7,18.3,22.8,33.6,22.6,11.2,47.3,14.2,47.3,26.1,100.0,36.6,50.2,22.9,27.5,62.3,37.8,25.4,32.2,46.6,32.3,15.7,66.4,20.4,36.6,40.0,40.0,40.0,40.0,40.0,40.0,40.0,37.0,135,122,145,142,129,136,136,77,90,67,70,83,76,76,147,145,Không,Không,Không,Không,Không,Không,Không,Không,Không,Không,Không,Không,Không,Không,Không,Không,Không,Không,Không,Không,Không,Không,Không,Không,144,144,43.243,28.607,26.300,2.327,65.0,85.0,134.0,134.0,42.000,25.3,34.3,12.7,18.1,51.2,33.4,15.6,22.3,30.0,21.2,11.8,37.6,14.9,47.6,43.8,37.5,48.5,45.8,62.8,47.5,1593.7,16.00,22,22,22,52,74,880,2,Đúng,Không,Không,Không,Không,Không,Không,Không,Không,Không,Không,Không,Đúng,Đúng,Không,Không,Không,Không,Không,Không,Không,Không,Không,Không,Không,Không,Không,Không,Không,Không,Không,Không,Không,Không,Không,Không,Không,Không,Không,Không,Không,168.8,117,136,145,153,0.996,3.344,11.880,5.010,0.024,1.308,1.212,3.360,3.144,3.072,1541,0,0,Đúng,118,Không,Không,113,92.0,Không,Không,8827,12973,45315,124,87.0,100.0,Không,Không,46186,41442,100.0,100.0,100.0,9.712,2.031,25804,21799,0.0,0.0,0.0,0.000,0.036,377,686,0.0,0.4,0.4,0.020,0.151,24498,80070,113.1,127.5,181.4,0.675,6.283,4.898,12.000,0.076,6.024,6.207,0.184,19.600,19.600,139.0,405.0,544.0,134.1,402.8,22.0,19.0,0.0,6.0,41.2,5.1,10.3,0.0,50,Đúng,Không,Không,Không,Không,Đúng,Không,7,0,0,0,0,0,0,0,0,191,0,0,0,0,0,0,0,0,0,0,0,0,0,0,0,0,0,0,0,0,2410,1686,1609,127,2.5,75.0,76.1,73.7,73.4,73.4,73.4,75.0,75.3,74.7,74.7,74.7,74.7,13.33,13.59,13.11,13.05,13.65,13.65,0.81,0.01,13.22,0.11,0.09,16650,1508,121.2,3.0,0,35.6,52,
8.10.2026,20:3:49.002,30138,65980,31.3,24197,24818,49.3,1.0,47104,461,1.048,1.050,1.047,1.050,1.051,1.032,1.057,3984.3,3984.3,3984.3,3984.3,3984.3,3984.3,3984.3,99.6,3685.5,996.1,1311.2,1367.2,1940.1,1430.6,830.6,1213.1,864.0,1574.1,1001.4,2090.7,905.7,1518.4,998.2,1311.2,33.1,34.9,48.9,36.4,21.5,32.2,22.8,40.3,44.4,34.6,22.6,32.4,26.1,48.9,33.1,100.0,47.0,50.0,68.0,52.2,30.9,46.3,32.7,56.7,62.0,49.4,32.3,46.3,37.1,47.0,40.0,40.0,40.0,40.0,40.0,40.0,40.0,37.0,134,131,138,135,131,142,126,78,81,74,77,81,70,86,138,142,Không,Không,Không,Không,Không,Không,Không,Không,Không,Không,Không,Không,Không,Không,Không,Không,Không,Không,Không,Không,Không,Không,Không,Không,144,144,40.360,32.577,30.193,2.395,65.0,85.0,134.0,134.0,39.000,32.9,34.2,48.6,35.8,20.8,30.4,21.6,39.4,25.1,52.4,22.7,38.0,25.0,32.6,24.0,43.0,43.0,22.4,28.0,35.1,1593.7,16.00,22,22,22,52,74,880,2,Đúng,Không,Không,Không,Không,Không,Không,Không,Không,Không,Không,Không,Đúng,Đúng,Không,Không,Không,Không,Không,Không,Không,Không,Không,Không,Không,Không,Không,Không,Không,Không,Không,Không,Không,Không,Không,Không,Không,Không,Không,Không,Không,168.8,115,136,140,153,1.020,3.285,11.880,4.980,0.024,1.308,1.212,3.360,3.144,3.072,1551,0,0,Đúng,118,Không,Không,113,92.0,Không,Không,8827,12973,45315,126,87.0,100.0,Không,Không,46186,41442,100.0,87.1,100.0,14.160,2.160,25856,21805,0.0,0.0,0.0,0.000,0.051,377,686,0.1,0.2,0.3,0.123,0.347,24502,80071,112.9,127.3,181.4,0.675,6.280,4.897,12.000,0.076,6.024,6.204,0.180,19.600,19.600,139.0,405.0,544.0,134.1,400.4,20.0,18.0,0.0,6.0,41.2,5.2,10.4,0.0,50,Đúng,Không,Không,Không,Không,Đúng,Không,7,0,0,0,0,0,0,0,0,191,0,0,0,0,0,0,0,0,0,0,0,0,0,0,0,0,0,0,0,0,2410,1686,1609,127,2.5,75.0,75.9,74.1,74.0,74.0,74.0,75.0,75.2,74.7,74.6,74.6,74.6,13.33,13.51,13.16,13.11,13.53,13.53,0.78,0.18,13.22,0.12,0.07,16650,1508,78.1,5.5,0,35.6,52,
8.10.2026,20:3:52.492,30175,65943,31.3,24223,24792,49.4,1.0,47104,461,1.049,1.051,1.056,1.056,1.033,1.049,1.047,3984.3,3984.3,3984.3,3984.3,3984.3,3984.3,3984.3,99.6,3685.5,996.1,1612.7,1931.0,1289.5,1865.9,1495.5,2058.7,1051.3,1950.8,1754.8,1699.7,1097.2,1580.9,1577.4,1612.7,43.3,51.4,33.7,48.5,39.0,53.3,27.7,40.7,51.4,60.7,27.8,46.2,39.5,60.7,43.3,100.0,61.9,73.4,48.2,69.6,55.8,75.9,40.4,58.5,72.6,85.8,40.2,66.1,56.1,61.9,40.0,40.0,40.0,40.0,40.0,40.0,40.0,37.0,132,126,129,135,138,127,138,80,86,83,77,74,85,74,140,138,Không,Không,Không,Không,Không,Không,Không,Không,Không,Không,Không,Không,Không,Không,Không,Không,Không,Không,Không,Không,Không,Không,Không,Không,142,142,32.672,36.355,33.996,2.386,65.0,85.0,134.0,134.0,38.000,40.4,48.4,32.3,46.8,37.5,51.6,26.3,48.9,44.0,42.6,27.5,39.6,39.5,22.9,17.0,23.9,24.9,11.6,31.1,29.1,1593.7,16.00,22,22,22,52,74,880,2,Đúng,Không,Không,Không,Không,Không,Không,Không,Không,Không,Không,Không,Đúng,Đúng,Không,Không,Không,Không,Không,Không,Không,Không,Không,Không,Không,Không,Không,Không,Không,Không,Không,Không,Không,Không,Không,Không,Không,Không,Không,Không,Không,168.8,115,136,144,153,1.020,3.344,11.808,4.980,0.024,1.308,1.212,3.360,3.144,3.072,1555,0,0,Đúng,118,Không,Không,113,92.0,Không,Không,8827,12973,45315,126,87.0,100.0,Không,Không,46186,41442,100.0,74.9,100.0,28.146,1.933,25911,21808,0.3,0.1,0.5,0.101,0.061,378,686,7.4,0.4,7.8,9.595,0.254,24521,80072,113.0,127.4,181.4,0.675,6.280,4.897,12.000,0.076,6.024,6.204,0.180,19.600,19.600,139.0,405.0,544.0,134.1,403.3,20.0,18.0,0.0,5.0,41.2,5.3,10.5,0.0,50,Đúng,Không,Không,Không,Không,Đúng,Không,7,0,0,0,0,0,0,0,0,191,0,0,0,0,0,0,0,0,0,0,0,0,0,0,0,0,0,0,0,0,2410,1686,1609,127,2.5,75.0,76.2,74.0,73.8,73.8,73.8,75.0,75.4,74.6,74.6,74.6,74.6,13.33,13.56,13.12,13.06,13.57,13.57,0.81,0.19,13.21,0.12,0.09,16651,1508,195.1,7.3,0,33.8,52,
8.10.2026,20:3:56.042,30156,65962,31.3,24197,24817,49.3,1.0,47104,461,1.047,1.051,1.054,1.055,1.053,1.051,1.020,3984.3,3984.3,3984.3,3984.3,3984.3,3984.3,3984.3,99.6,3685.5,996.1,1222.1,1432.2,571.7,1190.8,568.7,3498.0,469.0,1409.1,850.7,1570.9,883.7,993.4,1227.7,1222.1,30.4,36.5,14.6,35.3,31.7,69.0,12.1,32.4,20.6,34.2,19.6,25.9,32.9,69.0,30.4,100.0,43.2,52.5,20.9,50.3,44.7,96.1,17.5,46.3,29.4,48.7,28.0,37.3,46.3,43.2,40.0,40.0,40.0,40.0,40.0,40.0,40.0,37.0,133,129,136,129,131,138,135,79,83,76,83,81,74,77,138,138,Không,Không,Không,Không,Không,Không,Không,Không,Không,Không,Không,Không,Không,Không,Không,Không,Không,Không,Không,Không,Không,Không,Không,Không,145,145,24.024,41.921,39.435,2.527,65.0,85.0,134.0,134.0,27.000,30.6,35.9,14.3,29.8,14.2,87.6,11.8,35.3,21.3,39.4,22.1,24.9,30.8,34.7,43.5,37.2,9.9,35.4,36.2,45.6,1593.7,16.00,22,22,22,52,74,880,2,Đúng,Không,Không,Không,Không,Không,Không,Không,Không,Không,Không,Không,Đúng,Đúng,Không,Không,Không,Không,Không,Không,Không,Không,Không,Không,Không,Không,Không,Không,Không,Không,Không,Không,Không,Không,Không,Không,Không,Không,Không,Không,Không,168.8,117,136,144,153,1.044,3.344,11.880,4.980,0.024,1.308,1.212,3.360,3.144,3.072,1562,0,0,Đúng,118,Không,Không,113,92.0,Không,Không,8827,12973,45315,126,87.0,100.0,Không,Không,46186,41442,100.0,99.6,100.0,15.010,2.834,25995,21819,0.1,0.0,0.1,0.028,0.019,378,686,0.1,0.3,0.4,0.114,0.135,24543,80113,112.9,127.3,181.4,0.675,6.286,4.899,12.000,0.076,6.024,6.210,0.186,19.600,19.600,139.0,405.0,544.0,134.1,402.6,19.0,18.0,0.0,5.0,41.2,5.4,10.7,0.0,50,Đúng,Không,Không,Không,Không,Đúng,Không,7,0,0,0,0,0,0,0,0,191,0,0,0,0,0,0,0,0,0,0,0,0,0,0,0,0,0,0,0,0,2410,1686,1609,127,2.5,75.0,76.0,74.0,73.8,73.8,73.8,75.0,75.4,74.7,74.6,74.6,74.6,13.33,13.54,13.15,13.12,13.58,13.58,0.77,0.19,13.21,0.12,0.08,16651,1508,181.6,3.8,0,35.6,52,
8.10.2026,20:4:0.841,30177,65942,31.3,24217,24797,49.4,1.0,47104,461,1.046,1.051,1.052,1.051,1.028,1.048,1.047,3984.3,3984.3,3984.3,3984.3,3984.3,3984.3,3984.3,99.6,3685.5,996.1,1614.7,1910.1,1477.6,1567.9,1135.8,2173.0,1131.6,2773.2,1387.9,1652.0,1215.7,1577.8,1374.0,1614.7,40.5,48.8,37.4,39.8,29.0,54.9,28.9,63.0,36.9,43.0,28.3,42.1,34.6,63.0,40.5,100.0,56.8,68.7,52.0,56.4,40.6,76.7,40.4,87.7,51.3,60.5,39.6,59.0,48.2,56.7,40.0,40.0,40.0,40.0,40.0,40.0,40.0,37.0,139,136,140,140,144,138,136,73,76,72,72,68,74,76,145,144,Không,Không,Không,Không,Không,Không,Không,Không,Không,Không,Không,Không,Không,Không,Không,Không,Không,Không,Không,Không,Không,Không,Không,Không,140,140,30.750,37.791,35.394,2.417,65.0,85.0,134.0,134.0,35.000,40.5,47.8,37.0,39.3,28.5,54.4,28.4,69.5,34.8,41.4,30.5,39.5,34.4,26.8,23.7,39.2,20.4,15.3,32.6,29.6,1593.7,16.00,22,22,22,52,74,880,2,Đúng,Không,Không,Không,Không,Không,Không,Không,Không,Không,Không,Không,Đúng,Đúng,Không,Không,Không,Không,Không,Không,Không,Không,Không,Không,Không,Không,Không,Không,Không,Không,Không,Không,Không,Không,Không,Không,Không,Không,Không,Không,Không,168.8,115,136,142,153,0.996,3.324,11.880,4.980,0.024,1.308,1.212,3.360,3.144,3.072,1577,0,0,Đúng,118,Không,Không,113,92.0,Không,Không,8827,12973,45315,124,87.0,100.0,Không,Không,46186,41442,100.0,92.6,100.0,19.098,1.922,26135,21827,0.1,0.0,0.1,0.048,0.036,378,687,0.2,0.4,0.6,0.133,0.208,24547,80114,113.1,127.5,181.4,0.675,6.285,4.899,12.000,0.076,6.024,6.209,0.186,19.600,19.600,139.0,405.0,544.0,134.1,402.6,19.0,18.0,0.0,5.0,41.2,5.1,10.3,0.0,50,Đúng,Không,Không,Không,Không,Đúng,Không,7,0,0,0,0,0,0,0,0,191,0,0,0,0,0,0,0,0,0,0,0,0,0,0,0,0,0,0,0,0,2410,1686,1609,127,2.5,75.0,76.4,74.0,73.9,73.8,73.8,75.0,75.3,74.6,74.4,74.3,74.3,13.33,13.53,13.06,13.05,13.54,13.54,0.85,0.19,13.21,0.13,0.09,16652,1508,164.6,7.7,0,35.6,52,
8.10.2026,20:4:4.875,30269,65849,31.4,24276,24739,49.5,1.0,47104,461,1.046,1.052,1.045,1.044,1.042,1.042,1.050,3984.3,3984.3,3984.3,3984.3,3984.3,3984.3,3984.3,99.6,3685.5,996.1,2177.9,2224.2,1833.0,2377.5,2325.5,2510.1,1630.8,2475.9,2013.4,2234.4,1904.9,2730.6,1874.6,2177.9,54.5,56.9,46.3,60.1,59.1,63.1,41.1,64.6,49.1,58.0,44.5,66.1,44.9,66.1,54.5,100.0,76.6,80.3,65.3,84.5,82.9,88.5,58.4,90.4,69.1,81.6,63.0,92.5,63.3,76.6,40.0,40.0,40.0,40.0,40.0,40.0,40.0,37.0,142,140,144,145,138,136,145,70,72,68,67,74,76,67,147,145,Không,Không,Không,Không,Không,Không,Không,Không,Không,Không,Không,Không,Không,Không,Không,Không,Không,Không,Không,Không,Không,Không,Không,Không,142,142,43.243,44.562,42.057,2.534,65.0,85.0,134.0,134.0,43.000,54.6,55.7,45.9,59.6,58.3,62.9,40.9,62.0,50.4,56.0,47.7,68.4,47.0,11.7,14.2,7.1,15.0,9.8,14.2,10.2,1593.7,16.00,22,22,22,52,74,880,2,Đúng,Không,Không,Không,Không,Không,Không,Không,Không,Không,Không,Không,Đúng,Đúng,Không,Không,Không,Không,Không,Không,Không,Không,Không,Không,Không,Không,Không,Không,Không,Không,Không,Không,Không,Không,Không,Không,Không,Không,Không,Không,Không,168.8,117,136,145,153,1.020,3.324,11.808,4.950,0.024,1.308,1.212,3.360,3.144,3.072,1584,0,0,Đúng,118,Không,Không,113,92.0,Không,Không,8827,12973,45315,127,87.0,100.0,Không,Không,46186,41442,100.0,99.4,100.0,12.884,1.888,26188,21832,0.2,0.0,0.2,0.100,0.091,379,687,1.7,0.3,2.0,2.207,0.304,24551,80115,113.1,127.5,181.4,0.675,6.280,4.897,12.000,0.076,6.024,6.204,0.181,19.600,19.600,139.0,405.0,544.0,134.0,400.4,19.0,18.0,0.0,5.0,41.2,5.3,10.6,0.0,50,Đúng,Không,Không,Không,Không,Đúng,Không,7,0,0,0,0,0,0,0,0,191,0,0,0,0,0,0,0,0,0,0,0,0,0,0,0,0,0,0,0,0,2410,1686,1609,128,2.5,75.0,76.2,73.6,73.2,73.2,73.2,75.0,75.4,74.7,74.7,74.7,74.7,13.33,13.62,13.09,12.98,13.73,13.73,0.78,0.54,13.20,0.13,0.09,16652,1508,72.8,4.4,0,35.6,52,
8.10.2026,20:4:7.359,30225,65893,31.4,24265,24749,49.5,1.0,47104,461,1.047,1.047,1.047,1.043,1.047,1.050,1.046,3984.3,3984.3,3984.3,3984.3,3984.3,3984.3,3984.3,99.6,3685.5,996.1,2826.2,2924.8,2605.0,3061.9,2760.6,2868.6,2656.6,2817.0,2753.6,3151.1,2506.3,3216.8,2591.8,2826.2,73.6,77.1,68.1,78.7,71.8,75.3,69.2,73.6,71.8,82.1,65.2,82.3,68.2,82.3,73.6,100.0,103.1,107.9,95.6,110.1,100.7,105.4,97.0,103.1,100.3,114.7,91.6,114.8,95.5,103.1,40.0,40.0,40.0,40.0,40.0,40.0,40.0,37.0,142,142,144,144,142,140,142,70,70,68,68,70,72,70,142,144,Không,Không,Không,Không,Không,Không,Không,Không,Không,Không,Không,Không,Không,Không,Không,Không,Không,Không,Không,Không,Không,Không,Không,Không,147,147,47.087,50.500,47.804,2.725,65.0,85.0,134.0,134.0,48.000,70.8,73.3,65.3,76.7,69.2,71.9,66.6,70.6,69.0,79.0,62.8,80.6,64.9,0.5,0.0,0.0,0.5,2.1,0.0,0.2,1593.7,16.00,22,22,22,52,74,880,2,Đúng,Không,Không,Không,Không,Không,Không,Không,Không,Không,Không,Không,Đúng,Không,Không,Không,Không,Không,Không,Không,Không,Không,Không,Không,Không,Không,Không,Không,Không,Không,Không,Không,Không,Không,Không,Không,Không,Không,Không,Không,Không,170.6,115,136,145,153,1.020,3.285,11.880,4.980,0.024,1.308,1.212,3.360,3.144,3.072,1595,0,0,Đúng,118,Không,Không,113,92.0,Không,Không,8827,12973,45315,127,87.0,100.0,Không,Không,46186,41442,100.0,60.4,100.0,7.374,2.532,26202,21837,0.2,0.1,0.3,0.097,0.102,379,687,0.4,0.2,0.7,0.322,0.455,24552,80116,113.0,127.4,181.4,0.675,6.282,4.898,12.000,0.076,6.024,6.206,0.182,19.600,19.600,139.0,405.0,544.0,134.1,401.6,19.0,18.0,0.0,5.0,41.2,5.5,11.0,0.0,50,Đúng,Không,Không,Không,Không,Đúng,Không,7,0,0,0,0,0,0,0,0,191,0,0,0,0,0,0,0,0,0,0,0,0,0,0,0,0,0,0,0,0,2410,1686,1609,128,2.5,75.0,76.5,73.3,73.2,73.2,73.2,75.0,75.4,74.6,74.6,74.6,74.6,13.33,13.67,13.07,13.06,13.72,13.72,0.81,0.37,13.19,0.14,0.10,16653,1508,263.7,5.3,0,35.6,52,
8.10.2026,20:4:11.055,30163,65956,31.3,24219,24796,49.4,1.0,47104,461,1.050,1.050,1.051,1.051,1.047,1.048,1.057,3984.3,3984.3,3984.3,3984.3,3984.3,3984.3,3984.3,99.6,3685.5,996.1,2225.8,2417.6,2096.9,2361.0,1873.1,2057.8,1929.2,2077.7,2655.7,2119.0,2600.2,2708.7,1812.9,2225.8,57.8,63.6,54.0,61.1,48.9,54.4,50.6,54.0,68.3,56.4,65.4,71.0,45.9,71.0,57.8,100.0,81.3,89.4,75.8,86.3,69.3,77.3,71.4,76.1,95.1,79.5,91.7,99.5,64.7,81.3,40.0,40.0,40.0,40.0,40.0,40.0,40.0,37.0,138,142,142,136,136,138,136,74,70,70,76,76,74,76,142,142,Không,Không,Không,Không,Không,Không,Không,Không,Không,Không,Không,Không,Không,Không,Không,Không,Không,Không,Không,Không,Không,Không,Không,Không,144,144,27.868,45.461,42.919,2.573,65.0,85.0,134.0,134.0,24.000,55.8,60.6,52.5,59.1,46.9,51.6,48.3,52.1,66.5,53.1,65.1,67.9,45.4,6.8,5.3,10.0,15.2,8.1,2.4,0.0,1593.7,16.00,22,22,22,52,74,880,2,Đúng,Không,Không,Không,Không,Không,Không,Không,Không,Không,Không,Không,Đúng,Đúng,Không,Không,Không,Không,Không,Không,Không,Không,Không,Không,Không,Không,Không,Không,Không,Không,Không,Không,Không,Không,Không,Không,Không,Không,Không,Không,Không,168.8,117,136,144,153,0.996,3.285,11.880,4.980,0.024,1.308,1.212,3.360,3.144,3.072,1591,0,0,Đúng,118,Không,Không,113,92.0,Không,Không,8827,12973,45315,126,87.0,100.0,Không,Không,46186,41442,100.0,98.6,100.0,18.742,2.467,26270,21847,0.0,0.0,0.0,0.000,0.084,379,687,1.8,0.2,2.0,2.161,0.187,24557,80117,113.2,127.6,181.4,0.675,6.286,4.899,12.000,0.076,6.024,6.210,0.186,19.600,19.600,139.0,405.0,544.0,134.0,402.0,20.0,18.0,0.0,5.0,41.2,5.3,10.5,0.0,50,Đúng,Không,Không,Không,Không,Đúng,Không,7,0,0,0,0,0,0,0,0,191,0,0,0,0,0,0,0,0,0,0,0,0,0,0,0,0,0,0,0,0,2410,1686,1609,128,2.5,75.0,76.9,73.7,73.7,73.7,73.7,75.0,75.3,74.7,74.7,74.7,74.7,13.33,13.59,12.96,12.85,13.59,13.59,0.75,0.18,13.20,0.13,0.10,16653,1508,19.6,3.7,0,37.4,52,
8.10.2026,20:4:14.332,30097,66021,31.3,24187,24828,49.3,1.0,47104,461,1.047,1.046,1.045,1.046,1.051,1.046,1.046,3984.3,3984.3,3984.3,3984.3,3984.3,3984.3,3984.3,99.6,3685.5,996.1,1948.0,2161.3,1336.4,2312.2,1688.6,1832.5,1691.0,2023.3,2164.1,2735.3,1167.7,1993.0,2270.4,1948.0,50.8,57.3,35.2,60.3,44.0,48.1,43.9,52.5,55.6,66.6,40.7,47.7,58.0,66.6,50.8,100.0,72.0,81.3,50.2,85.1,62.4,68.9,62.4,74.2,78.2,93.6,58.2,67.8,81.4,72.0,40.0,40.0,40.0,40.0,40.0,40.0,40.0,37.0,137,136,144,140,129,140,135,75,76,68,72,83,72,77,144,144,Không,Không,Không,Không,Không,Không,Không,Không,Không,Không,Không,Không,Không,Không,Không,Không,Không,Không,Không,Không,Không,Không,Không,Không,149,149,39.399,41.792,39.270,2.552,65.0,85.0,134.0,134.0,42.000,48.8,54.2,33.5,57.9,42.3,45.9,42.4,50.7,54.2,68.5,29.3,49.9,56.9,9.3,12.1,8.0,20.0,10.0,2.2,3.9,1593.7,16.00,22,22,22,52,74,880,2,Đúng,Không,Không,Không,Không,Không,Không,Không,Không,Không,Không,Không,Đúng,Đúng,Không,Không,Không,Không,Không,Không,Không,Không,Không,Không,Không,Không,Không,Không,Không,Không,Không,Không,Không,Không,Không,Không,Không,Không,Không,Không,Không,170.6,117,136,142,153,1.008,3.324,11.880,5.010,0.024,1.284,1.212,3.360,3.144,3.072,1591,0,0,Đúng,118,Không,Không,113,92.0,Không,Không,8827,12973,45315,126,87.0,100.0,Không,Không,46186,41442,100.0,96.3,100.0,10.833,2.796,26320,21855,0.0,0.0,0.0,0.000,0.059,379,688,0.3,1.7,1.9,0.202,1.319,24557,80120,113.2,127.6,181.4,0.675,6.282,4.898,12.000,0.076,6.024,6.206,0.182,19.600,19.600,139.0,405.0,544.0,134.0,402.6,20.0,18.0,0.0,5.0,41.2,5.3,10.6,0.0,50,Đúng,Không,Không,Không,Không,Đúng,Không,7,0,0,0,0,0,0,0,0,191,0,0,0,0,0,0,0,0,0,0,0,0,0,0,0,0,0,0,0,0,2410,1686,1609,128,2.5,75.0,76.1,73.8,72.9,72.8,72.8,75.0,75.3,74.7,74.6,74.6,74.6,13.34,13.59,13.13,13.07,13.80,13.80,0.77,0.54,13.21,0.12,0.07,16654,1509,479.1,13.3,0,37.4,52,
8.10.2026,20:4:17.556,30119,65999,31.3,24162,24852,49.2,1.0,47104,461,1.052,1.060,1.060,1.046,1.045,1.049,1.051,3984.3,3984.3,3984.3,3984.3,3984.3,3984.3,3984.3,99.6,3685.5,996.1,1647.6,2122.1,823.7,2222.2,1239.1,2189.7,1002.6,1845.6,2145.4,2060.8,1098.1,1976.9,1045.3,1647.6,42.6,54.1,21.9,56.0,31.3,55.1,25.7,46.8,49.6,61.0,27.7,53.0,28.7,61.0,42.6,100.0,60.1,76.3,31.3,78.8,44.7,77.5,36.9,65.8,69.5,85.5,39.4,74.9,40.8,60.1,40.0,40.0,40.0,40.0,40.0,40.0,40.0,37.0,132,124,129,127,142,136,131,80,88,83,85,70,76,81,144,142,Không,Không,Không,Không,Không,Không,Không,Không,Không,Không,Không,Không,Không,Không,Không,Không,Không,Không,Không,Không,Không,Không,Không,Không,144,144,49.009,39.317,36.876,2.466,65.0,85.0,134.0,134.0,50.000,41.3,53.2,20.6,55.7,31.0,54.9,25.1,46.2,53.7,51.6,27.5,49.5,26.2,18.9,17.0,19.2,20.7,15.5,18.0,22.7,1593.7,16.00,22,22,22,52,74,880,2,Đúng,Không,Không,Không,Không,Không,Không,Không,Không,Không,Không,Không,Đúng,Đúng,Không,Không,Không,Không,Không,Không,Không,Không,Không,Không,Không,Không,Không,Không,Không,Không,Không,Không,Không,Không,Không,Không,Không,Không,Không,Không,Không,170.6,115,136,140,154,1.020,3.344,11.880,4.950,0.024,1.320,1.212,3.360,3.144,3.072,1569,0,0,Đúng,118,Không,Không,113,92.0,Không,Không,8827,12973,45315,126,87.0,100.0,Không,Không,46186,41442,100.0,84.8,100.0,25.497,1.256,26368,21857,0.0,0.0,0.0,0.000,0.046,379,688,1.7,0.1,1.8,2.036,0.092,24561,80120,113.1,127.5,181.4,0.675,6.284,4.899,12.000,0.076,6.024,6.208,0.184,19.600,19.600,139.0,405.0,544.0,134.1,402.5,20.0,18.0,0.0,5.0,41.2,5.1,10.1,0.0,50,Đúng,Không,Không,Không,Không,Đúng,Không,7,0,0,0,0,0,0,0,0,191,0,0,0,0,0,0,0,0,0,0,0,0,0,0,0,0,0,0,0,0,2410,1686,1609,127,2.5,75.0,76.8,73.7,73.7,73.7,73.7,75.0,75.3,74.7,74.7,74.7,74.7,13.33,13.58,13.01,13.00,13.61,13.61,0.80,0.04,13.21,0.12,0.09,16654,1509,33.5,5.8,0,35.6,52,
8.10.2026,20:4:19.711,30119,65999,31.3,24162,24852,49.2,1.0,47104,461,1.052,1.060,1.060,1.046,1.045,1.049,1.051,3984.3,3984.3,3984.3,3984.3,3984.3,3984.3,3984.3,99.6,3685.5,996.1,1647.6,2122.1,823.7,2222.2,1239.1,2189.7,1002.6,1845.6,2145.4,2060.8,1098.1,1976.9,1045.3,1647.6,42.6,54.1,21.9,56.0,31.3,55.1,25.7,46.8,49.6,61.0,27.7,53.0,28.7,61.0,42.6,100.0,60.1,76.3,31.3,78.8,44.7,77.5,36.9,65.8,69.5,85.5,39.4,74.9,40.8,60.1,40.0,40.0,40.0,40.0,40.0,40.0,40.0,37.0,132,124,129,127,142,136,131,80,88,83,85,70,76,81,144,142,Không,Không,Không,Không,Không,Không,Không,Không,Không,Không,Không,Không,Không,Không,Không,Không,Không,Không,Không,Không,Không,Không,Không,Không,144,144,30.750,38.704,36.264,2.482,65.0,85.0,134.0,134.0,31.000,41.3,53.2,20.6,55.7,31.0,54.9,25.1,46.2,53.7,51.6,27.5,49.5,26.2,18.9,17.0,19.2,20.7,15.5,18.0,22.7,1593.7,16.00,22,22,22,52,74,880,2,Đúng,Không,Không,Không,Không,Không,Không,Không,Không,Không,Không,Không,Đúng,Đúng,Không,Không,Không,Không,Không,Không,Không,Không,Không,Không,Không,Không,Không,Không,Không,Không,Không,Không,Không,Không,Không,Không,Không,Không,Không,Không,Không,170.6,115,136,142,153,1.032,3.285,11.880,4.980,0.024,1.308,1.212,3.360,3.144,3.072,1573,0,0,Đúng,118,Không,Không,113,92.0,Không,Không,8827,12973,45315,126,87.0,100.0,Không,Không,46186,41442,100.0,84.8,100.0,25.497,1.256,26368,21857,0.0,0.0,0.0,0.000,0.046,379,688,1.7,0.1,1.8,2.036,0.092,24561,80120,113.1,127.5,181.4,0.675,6.279,4.897,12.000,0.076,6.024,6.203,0.180,19.600,19.600,139.0,405.0,544.0,134.1,402.5,21.0,18.0,0.0,5.0,41.2,5.3,10.6,0.0,50,Đúng,Không,Không,Không,Không,Đúng,Không,7,0,0,0,0,0,0,0,0,191,0,0,0,0,0,0,0,0,0,0,0,0,0,0,0,0,0,0,0,0,2410,1686,1609,126,2.5,75.0,76.8,73.7,73.7,73.7,73.7,75.0,75.3,74.7,74.7,74.7,74.7,13.33,13.58,13.01,13.00,13.61,13.61,0.80,0.04,13.21,0.12,0.09,16654,1509,33.5,5.8,0,35.6,52,
8.10.2026,20:4:22.481,30079,66039,31.2,24162,24852,49.2,1.0,47104,461,1.052,1.048,1.052,1.052,1.051,1.052,1.054,3984.3,3984.3,3984.3,3984.3,3984.3,3984.3,3984.3,99.6,3685.5,996.1,2437.4,2670.7,2071.6,2346.2,2524.3,2605.0,2197.4,2344.6,2949.3,2723.0,1850.9,2603.5,2362.6,2437.4,62.9,70.3,53.6,60.4,64.6,67.2,56.8,60.2,74.6,69.8,48.3,67.1,61.4,74.6,62.9,100.0,88.0,98.4,75.1,85.0,90.4,94.0,79.7,84.3,103.8,97.9,68.2,93.8,85.8,88.0,40.0,40.0,40.0,40.0,40.0,40.0,40.0,37.0,140,138,151,144,144,133,133,72,74,61,68,68,79,79,153,151,Không,Không,Không,Không,Không,Không,Không,Không,Không,Không,Không,Không,Không,Không,Không,Không,Không,Không,Không,Không,Không,Không,Không,Không,151,151,43.243,49.070,46.542,2.551,65.0,85.0,134.0,134.0,41.000,61.1,66.9,51.9,58.8,63.3,65.3,55.1,58.7,73.9,68.2,46.4,65.2,59.2,2.2,1.3,2.6,2.7,0.7,2.8,3.2,1593.7,16.00,22,22,22,52,74,880,2,Đúng,Không,Không,Không,Không,Không,Không,Không,Không,Không,Không,Không,Đúng,Đúng,Không,Không,Không,Không,Không,Không,Không,Không,Không,Không,Không,Không,Không,Không,Không,Không,Không,Không,Không,Không,Không,Không,Không,Không,Không,Không,Không,168.8,115,136,147,154,1.020,3.324,11.808,4.980,0.024,1.308,1.212,3.360,3.144,3.072,1566,0,0,Đúng,118,Không,Không,113,92.0,Không,Không,8827,12973,45315,126,87.0,100.0,Không,Không,46186,41442,100.0,81.6,100.0,28.035,2.921,26668,21874,0.0,0.1,0.1,0.000,0.099,379,688,1.7,1.5,3.2,2.131,7.375,24566,80136,113.1,127.5,181.4,0.675,6.286,4.899,12.000,0.076,6.024,6.210,0.186,19.600,19.600,139.0,405.0,544.0,134.1,401.7,19.0,18.0,0.0,5.0,41.2,5.3,10.7,0.0,50,Đúng,Không,Không,Không,Không,Đúng,Không,7,0,0,0,0,0,0,0,0,191,0,0,0,0,0,0,0,0,0,0,0,0,0,0,0,0,0,0,0,0,2410,1686,1609,127,2.5,75.0,75.8,74.0,73.6,73.6,73.6,75.0,75.3,74.7,74.6,74.6,74.6,13.33,13.52,13.15,13.14,13.57,13.57,0.77,0.54,13.21,0.13,0.07,16655,1509,63.8,4.4,0,35.6,52,
8.10.2026,20:4:26.242,30116,66002,31.3,24203,24811,49.3,1.0,47104,461,1.047,1.049,1.048,1.047,1.047,1.047,1.046,3984.3,3984.3,3984.3,3984.3,3984.3,3984.3,3984.3,99.6,3685.5,996.1,1481.2,2062.2,812.1,1819.2,1017.1,2146.8,1347.6,1928.5,943.1,1511.5,1057.6,2197.1,931.1,1481.2,37.5,53.1,20.6,46.2,25.9,54.4,34.2,49.1,24.8,37.1,26.3,54.8,23.1,54.8,37.5,100.0,53.4,75.4,29.6,66.1,37.5,76.4,48.3,69.8,35.7,53.5,37.6,77.4,33.3,53.4,40.0,40.0,40.0,40.0,40.0,40.0,40.0,37.0,138,138,142,142,136,138,133,74,74,70,70,76,74,79,144,142,Không,Không,Không,Không,Không,Không,Không,Không,Không,Không,Không,Không,Không,Không,Không,Không,Không,Không,Không,Không,Không,Không,Không,Không,144,144,46.126,36.078,33.688,2.423,65.0,85.0,134.0,134.0,45.000,37.1,51.6,20.3,45.6,25.5,53.8,33.8,48.3,23.6,37.9,26.5,55.1,23.3,23.2,22.6,24.2,15.8,19.8,34.3,22.7,1593.7,16.00,22,22,22,52,74,880,2,Đúng,Không,Không,Không,Không,Không,Không,Không,Không,Không,Không,Không,Đúng,Đúng,Không,Không,Không,Không,Không,Không,Không,Không,Không,Không,Không,Không,Không,Không,Không,Không,Không,Không,Không,Không,Không,Không,Không,Không,Không,Không,Không,168.8,115,136,145,154,1.032,3.265,11.880,5.040,0.024,1.308,1.212,3.360,3.144,3.072,1577,0,0,Đúng,118,Không,Không,113,92.0,Không,Không,8827,12973,45315,126,87.0,100.0,Không,Không,46186,41442,100.0,78.4,100.0,10.509,1.817,26689,21877,0.0,0.0,0.1,0.020,0.102,379,688,7.7,1.2,8.9,9.639,1.772,24585,80140,113.1,127.5,181.4,0.675,6.284,4.899,12.000,0.076,6.024,6.208,0.184,19.600,19.600,139.0,405.0,544.0,134.1,403.5,22.0,19.0,0.0,5.0,41.2,5.3,10.6,0.0,50,Đúng,Không,Không,Không,Không,Đúng,Không,7,0,0,0,0,0,0,0,0,191,0,0,0,0,0,0,0,0,0,0,0,0,0,0,0,0,0,0,0,0,2410,1686,1609,127,2.5,75.0,82.0,69.9,62.9,62.3,62.3,75.0,75.4,74.7,74.6,74.6,74.6,13.34,14.32,12.20,11.68,16.04,16.04,0.79,0.01,13.21,0.12,0.16,16655,1509,151.8,3.3,0,37.4,52,
8.10.2026,20:4:29.856,30141,65977,31.3,24205,24809,49.3,1.0,47104,461,1.052,1.045,1.047,1.063,1.062,1.048,1.044,3984.3,3984.3,3984.3,3984.3,3984.3,3984.3,3984.3,99.6,3685.5,996.1,2072.1,2651.8,1360.5,2484.8,1774.5,2254.5,1725.9,2182.3,1936.2,2161.4,1510.9,3244.5,1578.1,2072.1,53.7,68.3,35.3,63.4,45.1,58.2,44.4,55.6,49.6,63.0,38.1,81.1,42.9,81.1,53.7,100.0,75.7,95.9,50.3,89.5,63.7,82.1,62.6,78.7,69.5,88.5,54.6,112.7,60.2,75.7,40.0,40.0,40.0,40.0,40.0,40.0,40.0,37.0,140,144,145,136,138,138,138,72,68,67,76,74,74,74,145,145,Không,Không,Không,Không,Không,Không,Không,Không,Không,Không,Không,Không,Không,Không,Không,Không,Không,Không,Không,Không,Không,Không,Không,Không,145,145,37.477,44.676,42.146,2.552,65.0,85.0,134.0,134.0,46.000,51.9,66.4,34.1,62.3,44.5,56.5,43.2,54.7,48.5,54.2,37.9,81.3,39.5,7.3,5.2,4.8,9.8,8.0,14.6,1.6,1593.7,16.00,22,22,22,52,74,880,2,Đúng,Không,Không,Không,Không,Không,Không,Không,Không,Không,Không,Không,Đúng,Đúng,Không,Không,Không,Không,Không,Không,Không,Không,Không,Không,Không,Không,Không,Không,Không,Không,Không,Không,Không,Không,Không,Không,Không,Không,Không,Không,Không,168.8,115,136,144,154,1.020,3.285,11.808,4.950,0.024,1.308,1.212,3.360,3.144,3.072,1562,0,0,Đúng,118,Không,Không,113,92.0,Không,Không,8827,12973,45315,126,87.0,100.0,Không,Không,46186,41442,100.0,92.4,100.0,17.058,2.257,26742,21885,0.3,0.0,0.3,0.135,0.016,379,688,0.4,0.2,0.6,0.342,0.132,24589,80141,113.3,127.7,181.4,0.675,6.281,4.897,12.000,0.076,6.024,6.205,0.182,19.600,19.600,139.0,405.0,544.0,134.0,402.2,22.0,19.0,0.0,5.0,41.2,5.3,10.7,0.0,50,Đúng,Không,Không,Không,Không,Đúng,Không,7,0,0,0,0,0,0,0,0,191,0,0,0,0,0,0,0,0,0,0,0,0,0,0,0,0,0,0,0,0,2410,1686,1609,122,2.5,75.0,78.2,72.3,71.7,71.6,71.6,75.0,75.4,74.6,74.4,74.4,74.4,13.33,13.89,12.73,12.64,14.05,14.05,0.79,0.35,13.20,0.13,0.12,16656,1509,398.0,13.6,0,37.4,52,
8.10.2026,20:4:37.892,30201,65917,31.4,24253,24761,49.4,1.0,47104,461,1.049,1.051,1.051,1.047,1.051,1.051,1.047,3984.3,3984.3,3984.3,3984.3,3984.3,3984.3,3984.3,99.6,3685.5,996.1,1673.1,2081.6,1410.9,1808.3,1460.8,1395.0,2493.0,1890.0,1288.6,2093.9,1317.9,1650.6,1186.9,1673.1,43.8,54.4,35.8,45.8,37.4,36.0,63.3,48.1,32.6,53.6,33.6,42.3,42.6,63.3,43.8,100.0,62.2,77.0,50.9,65.5,53.3,51.6,88.5,68.5,46.8,75.7,48.1,60.6,60.3,62.2,40.0,40.0,40.0,40.0,40.0,40.0,40.0,37.0,137,135,145,138,138,135,133,75,77,67,74,74,77,79,145,145,Không,Không,Không,Không,Không,Không,Không,Không,Không,Không,Không,Không,Không,Không,Không,Không,Không,Không,Không,Không,Không,Không,Không,Không,142,142,49.009,39.537,37.135,2.450,65.0,85.0,134.0,134.0,52.000,41.9,52.2,35.4,45.3,36.6,35.0,62.5,47.4,32.3,52.5,33.0,41.4,29.7,21.3,14.8,25.3,10.0,28.0,23.9,25.6,1593.7,16.00,22,22,22,52,74,880,2,Đúng,Không,Không,Không,Không,Không,Không,Không,Không,Không,Không,Không,Đúng,Đúng,Không,Không,Không,Không,Không,Không,Không,Không,Không,Không,Không,Không,Không,Không,Không,Không,Không,Không,Không,Không,Không,Không,Không,Không,Không,Không,Không,170.6,115,136,142,154,1.008,3.285,11.880,4.980,0.024,1.308,1.212,3.360,3.144,3.072,1566,0,0,Đúng,118,Không,Không,113,92.0,Không,Không,8827,12973,45315,127,87.0,100.0,Không,Không,46186,41442,100.0,95.8,100.0,20.585,1.332,26891,21897,0.1,0.0,0.1,0.049,0.019,380,689,1.9,1.0,2.9,2.658,3.114,24600,80149,113.4,127.8,181.4,0.675,6.285,4.899,12.000,0.076,6.024,6.209,0.186,19.600,19.600,139.0,405.0,544.0,134.0,404.3,21.0,19.0,0.0,5.0,41.2,5.4,10.7,0.0,50,Đúng,Không,Không,Không,Không,Đúng,Không,7,0,0,0,0,0,0,0,0,191,0,0,0,0,0,0,0,0,0,0,0,0,0,0,0,0,0,0,0,0,2410,1686,1611,123,2.5,75.0,76.2,73.7,73.7,73.7,73.7,75.0,75.5,74.6,74.5,74.5,74.5,13.33,13.59,13.05,12.92,13.60,13.60,0.79,0.19,13.21,0.13,0.09,16658,1509,0.9,5.2,0,37.4,52,
8.10.2026,20:4:42.001,30222,65897,31.4,24274,24740,49.5,1.0,47104,461,1.047,1.046,1.043,1.046,1.052,1.050,1.045,3984.3,3984.3,3984.3,3984.3,3984.3,3984.3,3984.3,99.6,3685.5,996.1,1744.0,2755.0,1273.3,2112.8,1496.1,1827.2,1303.3,1977.8,1620.2,1738.5,1239.1,2053.7,1530.5,1744.0,45.7,71.6,33.4,54.4,38.5,47.1,33.5,53.4,39.9,44.9,32.9,62.8,36.0,71.6,45.7,100.0,64.4,100.0,46.8,76.9,54.3,66.9,47.6,75.1,56.1,63.8,46.5,87.9,50.7,64.4,40.0,40.0,40.0,40.0,40.0,40.0,40.0,37.0,142,142,147,144,144,138,140,70,70,65,68,68,74,72,147,147,Không,Không,Không,Không,Không,Không,Không,Không,Không,Không,Không,Không,Không,Không,Không,Không,Không,Không,Không,Không,Không,Không,Không,Không,149,149,48.048,40.028,37.556,2.500,65.0,85.0,134.0,134.0,50.000,43.7,69.1,31.9,52.9,37.5,45.8,32.7,49.6,40.6,43.6,31.0,51.5,38.3,18.9,7.9,17.9,22.8,20.3,28.2,16.3,1593.7,16.00,22,22,22,52,74,880,2,Đúng,Không,Không,Không,Không,Không,Không,Không,Không,Không,Không,Không,Đúng,Đúng,Không,Không,Không,Không,Không,Không,Không,Không,Không,Không,Không,Không,Không,Không,Không,Không,Không,Không,Không,Không,Không,Không,Không,Không,Không,Không,Không,168.8,117,136,142,154,1.020,3.324,11.880,4.980,0.024,1.320,1.212,3.360,3.144,3.072,1562,0,0,Đúng,118,Không,Không,113,92.0,Không,Không,8827,12973,45315,127,87.0,100.0,Không,Không,46186,41442,100.0,96.4,100.0,24.194,2.372,26976,21904,0.3,0.0,0.3,0.133,0.015,380,689,0.5,0.3,0.8,0.386,0.667,24607,80153,113.3,127.7,181.4,0.675,6.284,4.899,12.000,0.076,6.024,6.208,0.184,19.600,19.600,139.0,405.0,544.0,134.1,402.6,21.0,19.0,0.0,5.0,41.2,5.3,10.6,0.0,50,Đúng,Không,Không,Không,Không,Đúng,Không,7,0,0,0,0,0,0,0,0,191,0,0,0,0,0,0,0,0,0,0,0,0,0,0,0,0,0,0,0,0,2410,1686,1609,123,2.5,75.0,76.3,73.9,73.9,73.9,73.9,75.0,75.5,74.5,74.3,74.3,74.3,13.33,13.54,13.09,13.04,13.54,13.54,0.78,0.55,13.21,0.13,0.09,16658,1509,10.4,8.5,0,37.4,52,
8.10.2026,20:4:45.822,30190,65928,31.4,24262,24752,49.5,1.0,47104,461,1.050,1.051,1.051,1.049,1.049,1.054,1.049,3984.3,3984.3,3984.3,3984.3,3984.3,3984.3,3984.3,99.6,3685.5,996.1,1883.1,2039.1,1503.7,2600.3,1532.9,2065.9,1438.7,2194.9,1501.5,1702.7,2533.0,1928.7,1555.4,1883.1,48.8,53.7,38.6,66.8,39.4,53.8,37.9,56.0,39.1,45.8,63.4,49.1,41.7,66.8,48.8,100.0,69.6,76.6,55.3,94.2,56.5,77.0,54.6,79.3,55.8,65.9,89.7,70.6,59.4,69.6,40.0,40.0,40.0,40.0,40.0,40.0,40.0,37.0,137,136,144,136,136,135,135,75,76,68,76,76,77,77,145,144,Không,Không,Không,Không,Không,Không,Không,Không,Không,Không,Không,Không,Không,Không,Không,Không,Không,Không,Không,Không,Không,Không,Không,Không,145,145,42.282,40.764,38.222,2.561,65.0,85.0,134.0,134.0,47.000,47.2,51.1,37.7,65.1,38.4,51.8,36.0,55.0,37.6,42.7,63.4,48.3,39.0,13.4,15.1,9.2,15.9,15.9,3.3,20.8,1593.7,16.00,22,22,22,52,74,880,2,Đúng,Không,Không,Không,Không,Không,Không,Không,Không,Không,Không,Không,Đúng,Đúng,Không,Không,Không,Không,Không,Không,Không,Không,Không,Không,Không,Không,Không,Không,Không,Không,Không,Không,Không,Không,Không,Không,Không,Không,Không,Không,Không,168.8,115,136,142,154,1.032,3.285,11.880,4.980,0.024,1.308,1.212,3.360,3.144,3.072,1562,0,0,Đúng,118,Không,Không,113,92.0,Không,Không,8827,12973,45315,127,87.0,100.0,Không,Không,46186,41442,100.0,100.0,100.0,11.785,2.345,27025,21911,0.2,0.0,0.2,0.093,0.070,381,689,2.6,0.3,2.9,3.025,0.852,24613,80155,113.1,127.5,181.4,0.675,6.298,4.904,12.000,0.076,6.024,6.222,0.198,19.600,19.600,139.0,405.0,544.0,134.0,402.3,24.0,20.0,0.0,6.0,41.2,5.4,10.8,0.0,50,Đúng,Không,Không,Không,Không,Đúng,Không,7,0,0,0,0,0,0,0,0,191,0,0,0,0,0,0,0,0,0,0,0,0,0,0,0,0,0,0,0,0,2410,1686,1609,123,2.5,75.0,77.2,73.1,72.8,72.8,72.8,75.0,75.7,74.3,74.0,73.9,73.9,13.33,13.69,12.91,12.78,13.73,13.73,0.77,0.71,13.20,0.13,0.12,16659,1509,14.6,20.0,0,37.4,52,
8.10.2026,20:4:49.558,30258,65860,31.4,24301,24714,49.5,1.0,47104,461,1.048,1.057,1.052,1.046,1.046,1.047,1.039,3984.3,3984.3,3984.3,3984.3,3984.3,3984.3,3984.3,99.6,3685.5,996.1,1805.2,2633.3,1154.9,2293.7,1459.2,1842.9,1660.1,2098.6,1781.1,1714.8,1722.5,2058.3,1242.9,1805.2,47.4,69.3,34.5,59.8,37.7,48.2,42.6,53.5,46.4,45.0,44.6,53.5,33.6,69.3,47.4,100.0,67.2,97.0,48.7,84.9,53.9,69.0,60.6,75.6,65.2,64.3,62.8,76.1,47.9,67.2,40.0,40.0,40.0,40.0,40.0,40.0,40.0,37.0,136,135,140,136,140,136,131,76,77,72,76,72,76,81,142,140,Không,Không,Không,Không,Không,Không,Không,Không,Không,Không,Không,Không,Không,Không,Không,Không,Không,Không,Không,Không,Không,Không,Không,Không,140,140,47.087,39.350,37.936,1.437,65.0,85.0,134.0,134.0,45.000,45.2,65.8,28.9,57.5,36.6,46.2,41.6,52.6,44.6,43.0,43.2,51.6,31.1,10.6,0.0,6.6,13.3,11.5,16.2,15.7,1593.7,16.00,22,22,22,52,74,880,2,Đúng,Không,Không,Không,Không,Không,Không,Không,Không,Không,Không,Không,Đúng,Đúng,Không,Không,Không,Không,Không,Không,Không,Không,Không,Không,Không,Không,Không,Không,Không,Không,Không,Không,Không,Không,Không,Không,Không,Không,Không,Không,Không,168.8,117,136,142,154,1.020,3.285,11.952,4.980,0.024,1.308,1.212,3.360,3.144,3.072,1558,0,0,Đúng,118,Không,Không,113,92.0,Không,Không,8827,12973,45315,127,87.0,100.0,Không,Không,46186,41442,100.0,93.4,100.0,17.840,2.453,27065,21919,0.3,0.0,0.3,0.159,0.088,381,690,4.6,0.2,4.9,18.059,0.257,24661,80156,114.4,128.8,181.4,0.781,6.364,4.931,12.000,0.076,6.024,6.288,0.265,19.600,19.600,1151.5,1050.0,1025.0,1143.3,1045.8,5.0,7.0,0.0,1.0,41.2,2.0,4.1,0.0,50,Đúng,Không,Không,Không,Không,Đúng,Không,7,0,0,0,0,0,0,0,0,192,0,0,0,0,0,0,0,0,0,0,0,0,0,0,0,0,0,0,0,0,2410,1686,1609,126,8.0,75.0,76.4,73.7,73.7,73.7,73.7,75.0,75.2,74.8,74.8,74.8,74.8,13.33,13.58,13.07,13.05,13.61,13.61,0.29,1.64,13.21,0.13,0.11,16659,1509,21.5,13.0,0,37.4,52,
8.10.2026,20:4:53.678,30257,65861,31.4,24303,24711,49.5,1.0,47104,461,1.048,1.055,1.045,1.045,1.043,1.049,1.051,3984.3,3984.3,3984.3,3984.3,3984.3,3984.3,3984.3,99.6,3685.5,996.1,1725.6,1932.9,1173.5,1922.9,1745.9,1779.2,1343.6,2196.3,1996.3,1542.2,1729.1,1941.6,1404.1,1725.6,44.9,51.1,31.0,50.1,44.9,46.1,34.5,54.6,52.5,41.8,45.2,52.3,34.5,54.6,44.9,100.0,64.1,73.1,44.8,71.5,63.8,66.3,49.7,77.2,74.0,60.3,64.1,74.5,49.6,64.1,40.0,40.0,40.0,40.0,40.0,40.0,40.0,37.0,138,131,147,140,142,135,136,74,81,65,72,70,77,76,144,147,Không,Không,Không,Không,Không,Không,Không,Không,Không,Không,Không,Không,Không,Không,Không,Không,Không,Không,Không,Không,Không,Không,Không,Không,144,144,46.126,39.651,37.563,2.113,65.0,85.0,134.0,134.0,47.000,43.2,48.4,29.4,48.2,43.7,44.6,33.7,55.0,50.0,38.6,43.3,48.6,35.2,18.9,20.7,18.5,24.9,8.4,20.9,19.8,1593.7,16.00,22,22,22,52,74,880,2,Đúng,Không,Không,Không,Không,Không,Không,Không,Không,Không,Không,Không,Đúng,Đúng,Không,Không,Không,Không,Không,Không,Không,Không,Không,Không,Không,Không,Không,Không,Không,Không,Không,Không,Không,Không,Không,Không,Không,Không,Không,Không,Không,168.8,115,136,145,154,1.008,3.285,11.880,4.980,0.024,1.308,1.212,3.360,3.144,3.072,1566,0,0,Đúng,118,Không,Không,113,92.0,Không,Không,8827,12973,45315,127,87.0,100.0,Không,Không,46186,41442,100.0,96.7,100.0,16.096,2.107,27125,21927,0.3,0.0,0.3,0.127,0.067,381,690,0.3,1.8,2.1,0.221,7.905,24662,80179,113.5,127.8,181.4,0.675,6.282,4.898,12.000,0.076,6.024,6.206,0.183,19.600,19.600,303.5,405.0,544.0,428.2,402.6,17.0,19.0,0.0,6.0,41.2,4.0,8.0,0.0,50,Đúng,Không,Không,Không,Không,Đúng,Không,7,0,0,0,0,0,0,0,0,194,0,0,0,0,0,0,0,0,0,0,0,0,0,0,0,0,0,0,0,0,2410,1686,1609,126,2.5,75.0,76.2,74.0,73.9,73.9,73.9,75.0,75.3,74.8,74.8,74.8,74.8,13.33,13.55,13.08,13.07,13.57,13.57,0.60,1.09,13.21,0.13,0.10,16660,1509,147.2,6.7,0,37.4,52,
8.10.2026,20:4:56.470,30233,65885,31.4,24285,24729,49.5,1.0,47104,461,1.038,1.057,1.036,1.021,1.052,1.032,1.032,3984.3,3984.3,3984.3,3984.3,3984.3,3984.3,3984.3,99.6,3685.5,996.1,1509.4,1745.3,1243.4,2030.2,1155.4,1936.0,939.9,1988.5,1156.0,1501.6,972.4,2250.4,1193.9,1509.4,38.5,44.6,29.1,51.9,29.4,49.4,23.8,53.0,28.5,38.4,24.9,58.0,30.6,58.0,38.5,100.0,55.2,64.0,41.8,74.3,42.5,70.9,35.0,75.4,41.1,55.6,36.1,81.7,43.8,55.2,40.0,40.0,40.0,40.0,40.0,40.0,40.0,37.0,133,145,135,131,127,138,124,79,67,77,81,85,74,88,145,145,Không,Không,Không,Không,Không,Không,Không,Không,Không,Không,Không,Không,Không,Không,Không,Không,Không,Không,Không,Không,Không,Không,Không,Không,144,144,38.438,38.035,36.648,1.415,65.0,85.0,134.0,134.0,40.000,37.8,43.7,31.2,50.9,28.9,48.5,23.5,49.8,29.0,37.6,24.4,56.4,29.9,16.9,12.3,13.8,14.0,14.8,29.8,16.9,1593.7,16.00,22,22,22,52,74,880,2,Đúng,Không,Không,Không,Không,Không,Không,Không,Không,Không,Không,Không,Đúng,Đúng,Không,Không,Không,Không,Không,Không,Không,Không,Không,Không,Không,Không,Không,Không,Không,Không,Không,Không,Không,Không,Không,Không,Không,Không,Không,Không,Không,170.6,115,136,144,153,1.032,3.324,11.808,4.950,0.024,1.308,1.212,3.360,3.144,3.072,1558,0,0,Đúng,118,Không,Không,113,92.0,Không,Không,8827,12973,45315,127,87.0,100.0,Không,Không,46186,41442,100.0,83.7,100.0,5.363,1.740,27135,21930,0.1,0.2,0.3,0.071,0.133,381,690,9.0,0.5,9.5,11.596,1.030,24684,80181,114.6,129.0,181.4,0.781,6.427,4.956,12.000,0.076,6.024,6.351,0.327,19.600,19.600,1151.5,1050.0,1025.0,1143.4,1048.4,18.0,19.0,0.0,1.0,41.3,7.3,14.6,0.0,50,Đúng,Không,Không,Không,Không,Đúng,Không,7,0,0,0,0,0,0,0,0,195,0,0,0,0,0,0,0,0,0,0,0,0,0,0,0,0,0,0,0,0,2406,1690,1613,130,8.0,75.0,78.7,71.5,67.4,67.0,67.0,75.0,75.3,74.7,74.7,74.7,74.7,13.33,14.00,12.68,11.98,14.92,14.92,0.32,1.28,13.21,0.12,0.12,16660,1509,199.5,5.7,0,35.6,52,
8.10.2026,20:5:0.610,30259,65859,31.4,24307,24708,49.5,1.0,47104,461,1.049,1.058,1.033,1.044,1.055,1.049,1.056,3984.3,3984.3,3984.3,3984.3,3984.3,3984.3,3984.3,99.6,3685.5,996.1,1760.7,2242.3,1589.4,2333.3,1915.2,1682.1,1599.2,1779.9,1335.6,1956.9,1356.2,1501.9,1835.8,1760.7,46.4,59.7,41.8,60.3,49.5,44.0,41.7,46.9,36.7,51.0,37.0,41.0,47.3,60.3,46.4,100.0,65.5,84.0,58.6,84.5,69.5,62.8,58.8,66.7,51.9,72.2,52.4,58.4,66.6,65.5,40.0,40.0,40.0,40.0,40.0,40.0,40.0,37.0,133,127,142,129,133,129,136,79,85,70,83,79,83,76,144,142,Không,Không,Không,Không,Không,Không,Không,Không,Không,Không,Không,Không,Không,Không,Không,Không,Không,Không,Không,Không,Không,Không,Không,Không,144,144,32.672,39.976,38.603,1.387,65.0,85.0,134.0,134.0,34.000,44.1,56.2,39.8,58.5,48.0,42.1,40.1,44.6,33.5,49.0,34.0,37.6,46.0,15.9,7.6,7.0,23.9,21.1,17.1,18.6,1593.7,16.00,22,22,22,52,74,880,2,Đúng,Không,Không,Không,Không,Không,Không,Không,Không,Không,Không,Không,Đúng,Đúng,Không,Không,Không,Không,Không,Không,Không,Không,Không,Không,Không,Không,Không,Không,Không,Không,Không,Không,Không,Không,Không,Không,Không,Không,Không,Không,Không,168.8,115,136,144,153,1.032,3.285,11.880,4.980,0.024,1.308,1.212,3.360,3.144,3.072,1584,0,0,Đúng,118,Không,Không,113,92.0,Không,Không,8827,12973,45315,127,87.0,100.0,Không,Không,46186,41442,100.0,72.7,100.0,25.606,2.037,27240,21944,0.1,0.0,0.2,0.062,0.069,382,690,1.8,0.2,2.0,2.228,0.721,24689,80185,114.8,129.2,181.4,0.781,6.353,4.926,12.000,0.076,6.024,6.277,0.254,19.600,19.600,1151.5,1050.0,1025.0,1143.5,1048.1,5.0,7.0,0.0,1.0,41.3,1.5,3.0,0.0,50,Đúng,Không,Không,Không,Không,Đúng,Không,7,0,0,0,0,0,0,0,0,195,0,0,0,0,0,0,0,0,0,0,0,0,0,0,0,0,0,0,0,0,2406,1690,1613,131,8.0,75.0,76.2,73.8,73.7,73.7,73.7,75.0,75.2,74.8,74.7,74.7,74.7,13.33,13.59,13.10,13.08,13.61,13.61,0.31,1.66,13.20,0.13,0.10,16661,1509,112.1,8.5,0,35.6,52,
8.10.2026,20:5:3.544,30264,65854,31.4,24298,24716,49.5,1.0,47104,461,1.045,1.050,1.043,1.051,1.039,1.034,1.054,3984.3,3984.3,3984.3,3984.3,3984.3,3984.3,3984.3,99.6,3685.5,996.1,1776.6,2121.8,1891.2,1568.3,2552.6,1723.6,1879.3,1929.7,1372.8,1738.0,1309.7,1680.6,1551.9,1776.6,44.5,53.9,47.5,39.5,64.0,42.4,47.8,48.9,35.1,42.7,32.8,42.9,36.5,64.0,44.5,100.0,63.1,76.1,66.5,56.3,89.1,60.6,67.3,69.4,49.7,61.3,46.8,61.5,52.0,63.0,40.0,40.0,40.0,40.0,40.0,40.0,40.0,37.0,138,144,144,144,131,136,131,74,68,68,68,81,76,81,147,144,Không,Không,Không,Không,Không,Không,Không,Không,Không,Không,Không,Không,Không,Không,Không,Không,Không,Không,Không,Không,Không,Không,Không,Không,147,147,46.126,39.171,37.819,1.379,65.0,85.0,134.0,134.0,46.000,44.5,53.2,47.4,39.3,64.0,43.2,47.1,48.4,34.4,43.5,32.8,42.1,38.9,17.6,6.9,13.6,16.5,19.5,22.7,26.5,1593.7,16.00,22,22,22,52,74,880,2,Đúng,Không,Không,Không,Không,Không,Không,Không,Không,Không,Không,Không,Đúng,Đúng,Không,Không,Không,Không,Không,Không,Không,Không,Không,Không,Không,Không,Không,Không,Không,Không,Không,Không,Không,Không,Không,Không,Không,Không,Không,Không,Không,170.6,117,136,147,153,1.020,3.324,11.808,4.950,0.024,1.308,1.212,3.360,3.144,3.072,1591,0,0,Đúng,118,Không,Không,113,92.0,Không,Không,8827,12973,45315,127,87.0,100.0,Không,Không,46186,41442,100.0,76.9,100.0,5.830,2.745,27252,21949,0.2,0.0,0.2,0.077,0.038,382,690,0.2,0.3,0.5,0.122,0.301,24690,80185,114.9,129.3,181.4,0.781,6.353,4.926,12.000,0.076,6.024,6.277,0.254,19.600,19.600,1151.5,1050.0,1025.0,1143.7,1047.9,5.0,7.0,0.0,2.0,41.3,1.5,3.1,0.0,50,Đúng,Không,Không,Không,Không,Đúng,Không,7,0,0,0,0,0,0,0,0,195,0,0,0,0,0,0,0,0,0,0,0,0,0,0,0,0,0,0,0,0,2406,1690,1613,131,8.0,75.0,76.1,74.0,74.0,74.0,74.0,75.0,75.4,74.5,74.4,74.4,74.4,13.33,13.56,13.07,13.02,13.63,13.63,0.27,1.65,13.21,0.13,0.07,16662,1509,195.6,8.2,0,35.6,52,
8.10.2026,20:5:6.694,30299,65819,31.5,24330,24684,49.6,1.0,47104,461,1.050,1.053,1.049,1.049,1.038,1.058,1.054,3984.3,3984.3,3984.3,3984.3,3984.3,3984.3,3984.3,99.6,3685.5,996.1,2027.6,2275.0,2277.0,2279.2,1794.1,2220.1,1852.5,2011.1,2265.9,2045.1,1708.2,2081.4,1521.5,2027.6,52.6,60.0,59.0,59.1,46.9,58.0,47.7,51.6,52.6,56.1,40.8,54.5,45.0,60.0,52.6,100.0,74.8,84.9,83.1,84.2,67.1,82.2,67.6,73.4,74.2,80.1,58.6,77.7,64.3,74.8,40.0,40.0,40.0,40.0,40.0,40.0,40.0,37.0,135,127,142,129,145,126,142,77,85,70,83,67,86,70,145,145,Không,Không,Không,Không,Không,Không,Không,Không,Không,Không,Không,Không,Không,Không,Không,Không,Không,Không,Không,Không,Không,Không,Không,Không,149,149,42.282,37.086,35.781,1.329,65.0,85.0,134.0,134.0,43.000,50.8,57.0,57.1,57.1,44.9,55.6,46.4,50.4,56.8,51.2,42.8,52.2,38.1,12.5,2.9,9.5,14.8,15.6,15.0,17.3,1593.7,16.00,22,22,22,52,74,880,2,Đúng,Không,Không,Không,Không,Không,Không,Không,Không,Không,Không,Không,Đúng,Đúng,Không,Không,Không,Không,Không,Không,Không,Không,Không,Không,Không,Không,Không,Không,Không,Không,Không,Không,Không,Không,Không,Không,Không,Không,Không,Không,Không,170.6,115,136,147,154,1.008,3.324,11.808,4.980,0.024,1.308,1.212,3.360,3.144,3.072,1584,0,0,Đúng,118,Không,Không,113,92.0,Không,Không,8827,12973,45315,127,87.0,100.0,Không,Không,46186,41442,100.0,69.4,100.0,11.155,2.038,27279,21954,0.2,0.0,0.2,0.104,0.045,382,691,1.4,0.9,2.3,1.683,1.418,24694,80189,114.9,129.3,181.4,0.781,6.353,4.926,12.000,0.076,6.024,6.277,0.254,19.600,19.600,1151.5,1050.0,1025.0,1143.8,1050.4,5.0,7.0,0.0,1.0,41.3,1.5,3.0,0.0,50,Đúng,Không,Không,Không,Không,Đúng,Không,7,0,0,0,0,0,0,0,0,195,0,0,0,0,0,0,0,0,0,0,0,0,0,0,0,0,0,0,0,0,2406,1690,1613,131,8.0,75.0,76.1,74.0,73.6,73.6,73.6,75.0,75.3,74.6,74.4,74.4,74.4,13.33,13.56,13.09,13.04,13.68,13.68,0.28,1.65,13.21,0.13,0.08,16662,1509,106.8,2.4,0,37.4,52,
8.10.2026,20:5:9.919,30300,65818,31.5,24344,24671,49.6,1.0,47104,461,1.048,1.048,1.046,1.048,1.047,1.050,1.050,3984.3,3984.3,3984.3,3984.3,3984.3,3984.3,3984.3,99.6,3685.5,996.1,2139.4,2611.7,1667.2,2545.8,1944.3,2345.7,1763.3,2241.3,2005.3,2650.3,1616.5,2290.5,1991.1,2139.4,55.5,68.3,44.0,66.0,49.9,58.4,47.2,57.0,59.0,69.1,41.5,56.9,48.8,69.1,55.5,100.0,79.2,96.5,63.1,93.9,71.5,83.9,67.9,81.2,83.4,97.7,59.8,81.5,69.8,79.2,40.0,40.0,40.0,40.0,40.0,40.0,40.0,37.0,139,147,145,145,133,129,133,73,65,67,67,79,83,79,147,147,Không,Không,Không,Không,Không,Không,Không,Không,Không,Không,Không,Không,Không,Không,Không,Không,Không,Không,Không,Không,Không,Không,Không,Không,147,147,38.438,37.086,35.781,1.329,65.0,85.0,134.0,134.0,36.000,53.6,65.4,41.8,63.8,48.7,58.8,44.2,56.2,50.2,66.4,40.5,57.4,49.9,6.0,5.7,4.9,9.6,3.7,5.3,7.1,1593.7,16.00,22,22,22,52,74,880,2,Đúng,Không,Không,Không,Không,Không,Không,Không,Không,Không,Không,Không,Đúng,Đúng,Không,Không,Không,Không,Không,Không,Không,Không,Không,Không,Không,Không,Không,Không,Không,Không,Không,Không,Không,Không,Không,Không,Không,Không,Không,Không,Không,168.8,117,136,145,153,1.020,3.285,11.880,4.950,0.024,1.308,1.212,3.360,3.144,3.072,1577,0,0,Đúng,118,Không,Không,113,92.0,Không,Không,8827,12973,45315,127,87.0,100.0,Không,Không,46186,41442,100.0,100.0,100.0,10.786,2.589,27320,21962,0.1,0.0,0.2,0.077,0.046,382,691,0.2,0.3,0.5,0.225,0.290,24695,80190,115.0,129.4,181.4,0.781,6.356,4.927,12.000,0.076,6.024,6.280,0.257,19.600,19.600,1151.5,1050.0,1025.0,1143.9,1047.7,15.0,15.0,0.0,2.0,41.2,2.5,4.9,0.0,50,Đúng,Không,Không,Không,Không,Đúng,Không,7,0,0,0,0,0,0,0,0,195,0,0,0,0,0,0,0,0,0,0,0,0,0,0,0,0,0,0,0,0,2410,1686,1609,131,8.0,75.0,77.0,73.2,72.8,72.7,72.7,75.0,75.4,74.5,74.5,74.5,74.5,13.33,13.77,12.93,12.88,13.78,13.78,0.31,1.63,13.20,0.13,0.13,16663,1509,174.2,10.3,0,37.4,52,
8.10.2026,20:5:13.548,30290,65828,31.5,24313,24702,49.6,1.0,47104,461,1.049,1.051,1.053,1.042,1.054,1.052,1.044,3984.3,3984.3,3984.3,3984.3,3984.3,3984.3,3984.3,99.6,3685.5,996.1,2054.3,2159.2,1640.6,2322.8,1872.7,2046.6,2284.3,2606.7,1760.7,2140.0,1516.9,1920.8,2379.9,2054.3,52.9,57.3,42.8,60.4,48.4,53.3,58.3,71.4,44.0,53.7,39.0,48.7,57.6,71.4,52.9,100.0,74.9,81.1,60.6,85.4,68.5,75.5,82.0,100.1,62.4,76.6,55.7,69.5,81.0,74.9,40.0,40.0,40.0,40.0,40.0,40.0,40.0,37.0,138,136,145,145,135,131,135,74,76,67,67,77,81,77,147,145,Không,Không,Không,Không,Không,Không,Không,Không,Không,Không,Không,Không,Không,Không,Không,Không,Không,Không,Không,Không,Không,Không,Không,Không,145,145,46.126,43.327,41.928,1.439,65.0,85.0,134.0,134.0,45.000,51.5,54.1,41.1,58.2,46.9,51.3,57.2,65.3,44.1,53.6,38.0,48.1,59.6,8.0,8.2,6.0,8.6,3.5,13.4,8.4,1593.7,16.00,22,22,22,52,74,880,2,Đúng,Không,Không,Không,Không,Không,Không,Không,Không,Không,Không,Không,Đúng,Đúng,Không,Không,Không,Không,Không,Không,Không,Không,Không,Không,Không,Không,Không,Không,Không,Không,Không,Không,Không,Không,Không,Không,Không,Không,Không,Không,Không,168.8,117,136,145,154,1.008,3.285,11.808,4.950,0.024,1.320,1.212,3.360,3.144,3.072,1588,0,0,Đúng,118,Không,Không,113,92.0,Không,Không,8827,12973,45315,127,87.0,100.0,Không,Không,46186,41442,100.0,90.4,100.0,8.749,2.511,27367,21970,0.0,0.1,0.1,0.000,0.071,382,691,0.3,0.3,0.6,0.215,0.675,24699,80192,115.1,129.5,181.4,0.781,6.410,4.949,12.000,0.076,6.024,6.334,0.310,19.600,19.600,1151.5,1050.0,1025.0,1144.0,1049.1,5.0,7.0,0.0,1.0,41.2,1.7,3.4,0.0,50,Đúng,Không,Không,Không,Không,Đúng,Không,7,0,0,0,0,0,0,0,0,195,0,0,0,0,0,0,0,0,0,0,0,0,0,0,0,0,0,0,0,0,2410,1686,1609,131,8.0,75.0,76.1,74.1,74.0,74.0,74.0,75.0,75.3,74.7,74.6,74.6,74.6,13.33,13.54,13.12,13.12,13.55,13.55,0.30,1.70,13.20,0.13,0.09,16663,1509,158.0,11.9,0,37.4,52,
8.10.2026,20:5:16.424,30245,65874,31.4,24284,24730,49.5,1.0,47104,461,1.050,1.046,1.051,1.054,1.050,1.049,1.051,3984.3,3984.3,3984.3,3984.3,3984.3,3984.3,3984.3,99.6,3685.5,996.1,1772.9,2268.0,1701.5,2201.0,1709.3,1980.6,1122.8,2211.7,1122.9,2165.2,1176.7,2200.0,1414.7,1772.9,45.1,57.8,43.9,55.6,43.2,50.2,29.1,53.8,28.8,55.9,30.3,57.3,35.4,57.8,45.1,100.0,63.5,81.0,61.2,78.2,60.5,71.0,41.4,76.0,40.9,78.8,42.9,80.4,49.8,63.5,40.0,40.0,40.0,40.0,40.0,40.0,40.0,37.0,135,127,138,140,140,129,136,77,85,74,72,72,83,76,144,140,Không,Không,Không,Không,Không,Không,Không,Không,Không,Không,Không,Không,Không,Không,Không,Không,Không,Không,Không,Không,Không,Không,Không,Không,144,144,47.087,40.156,38.783,1.390,65.0,85.0,134.0,134.0,47.000,44.4,56.9,42.6,55.1,42.8,49.6,28.1,55.4,28.1,54.3,29.5,55.1,35.4,14.4,6.4,12.1,20.4,19.9,14.0,13.6,1593.7,16.00,22,22,22,52,74,880,2,Đúng,Không,Không,Không,Không,Không,Không,Không,Không,Không,Không,Không,Đúng,Đúng,Không,Không,Không,Không,Không,Không,Không,Không,Không,Không,Không,Không,Không,Không,Không,Không,Không,Không,Không,Không,Không,Không,Không,Không,Không,Không,Không,168.8,115,136,144,154,1.020,3.265,11.880,4.950,0.024,1.308,1.212,3.360,3.144,3.072,1591,0,0,Đúng,118,Không,Không,113,92.0,Không,Không,8827,12973,45315,127,87.0,100.0,Không,Không,46186,41442,100.0,68.9,100.0,15.395,2.248,27398,21974,0.0,0.0,0.0,0.000,0.013,382,691,0.2,0.3,0.5,0.188,0.276,24700,80193,115.2,129.6,181.4,0.781,6.358,4.928,12.000,0.076,6.024,6.282,0.259,19.600,19.600,1151.5,1050.0,1025.0,1143.6,1048.6,4.0,7.0,0.0,1.0,41.2,1.5,3.0,0.0,50,Đúng,Không,Không,Không,Không,Đúng,Không,7,0,0,0,0,0,0,0,0,195,0,0,0,0,0,0,0,0,0,0,0,0,0,0,0,0,0,0,0,0,2410,1686,1609,131,8.0,75.0,76.0,74.0,73.7,73.7,73.7,75.0,75.2,74.8,74.7,74.7,74.7,13.33,13.55,13.13,13.04,13.63,13.63,0.29,1.67,13.21,0.13,0.08,16664,1509,192.6,7.1,0,37.4,52,
8.10.2026,20:5:19.557,30249,65869,31.4,24310,24704,49.5,1.0,47104,461,1.050,1.053,1.048,1.042,1.040,1.065,1.049,3984.3,3984.3,3984.3,3984.3,3984.3,3984.3,3984.3,99.6,3685.5,996.1,1599.8,2040.5,1075.4,3338.8,1074.8,1633.1,1277.4,1504.7,1185.1,1680.2,1382.9,1296.5,1708.3,1599.8,41.9,52.2,27.6,83.8,28.6,43.3,33.5,39.1,30.9,42.4,36.2,34.4,50.4,83.8,41.9,100.0,59.5,74.0,39.3,117.1,40.9,62.2,47.7,56.4,44.0,60.5,51.8,49.0,70.4,59.5,40.0,40.0,40.0,40.0,40.0,40.0,40.0,37.0,132,126,147,140,127,127,126,80,86,65,72,85,85,86,149,147,Không,Không,Không,Không,Không,Không,Không,Không,Không,Không,Không,Không,Không,Không,Không,Không,Không,Không,Không,Không,Không,Không,Không,Không,149,149,43.243,37.989,36.665,1.365,65.0,85.0,134.0,134.0,37.000,40.1,51.1,26.9,83.7,26.9,40.9,32.0,37.7,29.7,42.1,34.7,32.5,42.8,20.4,15.3,0.0,26.9,31.5,23.3,25.6,1593.7,16.00,22,22,22,52,74,880,2,Đúng,Không,Không,Không,Không,Không,Không,Không,Không,Không,Không,Không,Đúng,Đúng,Không,Không,Không,Không,Không,Không,Không,Không,Không,Không,Không,Không,Không,Không,Không,Không,Không,Không,Không,Không,Không,Không,Không,Không,Không,Không,Không,172.4,115,136,147,154,1.008,3.285,11.880,4.980,0.024,1.308,1.212,3.360,3.144,3.072,1595,0,0,Đúng,118,Không,Không,113,92.0,Không,Không,8827,12973,45315,127,87.0,100.0,Không,Không,46186,41442,100.0,93.6,100.0,10.062,2.412,27456,21982,0.1,0.0,0.1,0.026,0.005,382,691,0.2,0.5,0.7,0.318,0.774,24704,80195,115.1,129.5,181.4,0.781,6.359,4.928,12.000,0.076,6.024,6.283,0.259,19.600,19.600,1151.5,1050.0,1037.5,1150.7,1047.2,5.0,7.0,0.0,1.0,41.3,1.5,3.0,0.0,50,Đúng,Không,Không,Không,Không,Đúng,Không,7,0,0,0,0,0,0,0,0,195,0,0,0,0,0,0,0,0,0,0,0,0,0,0,0,0,0,0,0,0,2406,1690,1613,132,8.0,75.0,76.6,73.6,73.5,73.5,73.5,75.0,75.3,74.7,74.6,74.6,74.6,13.33,13.61,13.02,13.01,13.66,13.66,0.29,1.65,13.21,0.12,0.09,16664,1509,3.5,4.5,0,37.4,52,
8.10.2026,20:5:23.774,30259,65859,31.4,24302,24712,49.5,1.0,47104,461,1.048,1.060,1.039,1.055,1.046,1.042,1.048,3984.3,3984.3,3984.3,3984.3,3984.3,3984.3,3984.3,99.6,3685.5,996.1,1802.1,2259.0,1304.1,1999.9,1674.5,1847.1,1483.4,2185.9,1427.2,1536.6,1337.9,3618.7,951.4,1802.1,45.3,57.3,33.0,52.9,41.8,46.6,37.5,55.9,35.3,39.7,32.8,87.1,24.2,87.1,45.3,100.0,63.7,80.8,46.3,74.2,58.5,66.0,52.9,78.3,49.6,56.7,46.4,120.7,34.1,63.7,40.0,40.0,40.0,40.0,40.0,40.0,40.0,37.0,141,140,142,144,138,140,142,71,72,70,68,74,72,70,144,144,Không,Không,Không,Không,Không,Không,Không,Không,Không,Không,Không,Không,Không,Không,Không,Không,Không,Không,Không,Không,Không,Không,Không,Không,147,147,44.204,41.780,40.372,1.437,65.0,85.0,134.0,134.0,45.000,45.2,56.6,32.7,50.1,42.0,46.3,37.2,54.8,35.8,38.5,33.5,90.7,23.8,14.6,10.0,12.8,24.7,9.4,30.1,0.8,1593.7,16.00,22,22,22,52,74,880,2,Đúng,Không,Không,Không,Không,Không,Không,Không,Không,Không,Không,Không,Đúng,Đúng,Không,Không,Không,Không,Không,Không,Không,Không,Không,Không,Không,Không,Không,Không,Không,Không,Không,Không,Không,Không,Không,Không,Không,Không,Không,Không,Không,168.8,117,136,145,154,1.020,3.285,11.880,4.980,0.024,1.308,1.212,3.360,3.144,3.072,1607,0,0,Đúng,118,Không,Không,113,92.0,Không,Không,8827,12973,45315,127,87.0,100.0,Không,Không,46186,41442,100.0,94.6,100.0,23.543,1.758,27528,21990,0.1,0.0,0.1,0.040,0.014,383,692,1.6,2.3,3.9,2.061,10.448,24708,80215,115.2,129.7,181.4,0.781,6.359,4.928,12.000,0.076,6.024,6.283,0.259,19.600,19.600,1151.5,1050.0,1037.5,1150.6,1047.8,5.0,7.0,0.0,2.0,41.3,1.5,3.0,0.0,50,Đúng,Không,Không,Không,Không,Đúng,Không,7,0,0,0,0,0,0,0,0,195,0,0,0,0,0,0,0,0,0,0,0,0,0,0,0,0,0,0,0,0,2406,1690,1613,132,8.0,75.0,76.0,74.0,73.9,73.9,73.9,75.0,75.3,74.7,74.7,74.7,74.7,13.33,13.58,13.13,13.12,13.67,13.67,0.28,1.65,13.21,0.13,0.07,16665,1509,266.4,7.8,0,37.4,52,
8.10.2026,20:5:29.181,30348,65771,31.5,24372,24643,49.7,1.0,47104,461,1.047,1.055,1.032,1.057,1.040,1.044,1.054,3984.3,3984.3,3984.3,3984.3,3984.3,3984.3,3984.3,99.6,3685.5,996.1,1693.1,1776.5,1332.1,2548.2,1540.4,1833.2,1480.5,1690.3,1575.9,1961.1,1471.8,1742.0,1365.7,1693.1,44.2,47.4,34.1,65.9,39.9,47.7,38.1,44.5,39.9,46.2,41.3,46.6,38.2,65.9,44.2,100.0,63.0,68.0,49.1,92.7,57.0,68.1,54.4,63.9,56.9,66.2,58.9,66.8,54.5,63.0,40.0,40.0,40.0,40.0,40.0,40.0,40.0,37.0,134,135,133,135,135,142,126,78,77,79,77,77,70,86,142,142,Không,Không,Không,Không,Không,Không,Không,Không,Không,Không,Không,Không,Không,Không,Không,Không,Không,Không,Không,Không,Không,Không,Không,Không,142,142,40.360,36.252,34.969,1.319,65.0,85.0,134.0,134.0,42.000,42.4,44.5,33.4,63.8,38.6,45.9,37.1,42.4,39.5,49.1,36.9,43.6,34.2,17.7,19.2,6.5,20.1,21.9,13.8,24.3,1593.7,16.00,22,22,22,52,74,880,2,Đúng,Không,Không,Không,Không,Không,Không,Không,Không,Không,Không,Không,Đúng,Đúng,Không,Không,Không,Không,Không,Không,Không,Không,Không,Không,Không,Không,Không,Không,Không,Không,Không,Không,Không,Không,Không,Không,Không,Không,Không,Không,Không,168.8,115,136,144,154,1.020,3.285,11.880,4.950,0.024,1.308,1.212,3.360,3.144,3.072,1588,0,0,Đúng,118,Không,Không,113,92.0,Không,Không,8827,12973,45315,127,87.0,100.0,Không,Không,46186,41442,100.0,98.9,100.0,21.089,1.411,27614,21999,0.2,0.1,0.4,0.121,0.134,383,692,0.3,0.2,0.5,0.164,0.161,24731,80217,115.2,129.6,181.4,0.781,6.357,4.928,12.000,0.076,6.024,6.282,0.258,19.600,19.600,1151.5,1050.0,1037.5,1150.5,1048.6,5.0,7.0,0.0,1.0,41.3,1.6,3.1,0.0,50,Đúng,Không,Không,Không,Không,Đúng,Không,7,0,0,0,0,0,0,0,0,195,0,0,0,0,0,0,0,0,0,0,0,0,0,0,0,0,0,0,0,0,2406,1690,1613,130,8.0,75.0,76.7,73.5,73.1,73.0,73.0,75.0,75.3,74.7,74.7,74.7,74.7,13.33,13.66,12.99,12.92,13.69,13.69,0.29,1.62,13.21,0.12,0.10,16666,1509,3.9,5.5,0,37.4,52,
8.10.2026,20:5:32.555,30319,65799,31.5,24377,24637,49.7,1.0,47104,461,1.050,1.058,1.054,1.047,1.067,1.036,1.039,3984.3,3984.3,3984.3,3984.3,3984.3,3984.3,3984.3,99.6,3685.5,996.1,1390.9,1674.3,1174.3,1706.7,1781.8,1654.7,945.7,1827.6,1068.1,1756.7,982.6,1248.9,869.0,1390.9,35.2,42.6,29.7,43.0,44.8,41.5,23.7,45.8,26.9,46.4,24.0,32.4,20.9,46.4,35.2,100.0,50.0,60.6,42.0,61.0,62.8,59.4,34.1,65.0,38.4,65.7,34.3,47.0,30.1,50.0,40.0,40.0,40.0,40.0,40.0,40.0,40.0,37.0,133,127,136,129,129,145,129,79,85,76,83,83,67,83,142,145,Không,Không,Không,Không,Không,Không,Không,Không,Không,Không,Không,Không,Không,Không,Không,Không,Không,Không,Không,Không,Không,Không,Không,Không,142,142,45.165,33.922,32.641,1.318,65.0,85.0,134.0,134.0,46.000,34.8,41.9,29.4,42.8,44.6,41.5,23.7,45.8,26.8,44.0,24.6,31.3,21.8,28.0,22.4,15.7,32.7,26.5,27.9,42.6,1593.7,16.00,22,22,22,52,74,880,2,Đúng,Không,Không,Không,Không,Không,Không,Không,Không,Không,Không,Không,Đúng,Đúng,Không,Không,Không,Không,Không,Không,Không,Không,Không,Không,Không,Không,Không,Không,Không,Không,Không,Không,Không,Không,Không,Không,Không,Không,Không,Không,Không,168.8,117,136,147,154,0.996,3.285,11.952,5.010,0.024,1.296,1.212,3.360,3.144,3.072,1566,0,0,Đúng,118,Không,Không,113,92.0,Không,Không,8827,12973,45315,127,87.0,100.0,Không,Không,46186,41442,100.0,74.6,100.0,17.373,2.340,27646,22003,0.1,0.0,0.1,0.053,0.021,383,692,0.1,1.3,1.4,0.092,1.487,24732,80220,115.5,129.9,181.4,0.781,6.357,4.928,12.000,0.076,6.024,6.282,0.258,19.600,19.600,1151.5,1050.0,1037.5,1150.6,1048.0,5.0,7.0,0.0,1.0,41.3,1.5,3.1,0.0,50,Đúng,Không,Không,Không,Không,Đúng,Không,7,0,0,0,0,0,0,0,0,195,0,0,0,0,0,0,0,0,0,0,0,0,0,0,0,0,0,0,0,0,2406,1690,1613,130,8.0,75.0,76.4,73.4,72.7,72.6,72.6,75.0,75.4,74.5,74.4,74.4,74.4,13.33,13.68,13.03,12.84,13.91,13.91,0.27,1.62,13.21,0.12,0.10,16666,1509,2.8,6.1,0,37.4,52,
8.10.2026,20:5:35.555,30323,65795,31.5,24366,24648,49.7,1.0,47104,461,1.034,1.057,1.022,1.022,1.012,1.043,1.047,3984.3,3984.3,3984.3,3984.3,3984.3,3984.3,3984.3,99.6,3685.5,996.1,1213.6,1412.8,637.0,1666.2,1081.5,1579.0,686.2,937.7,2532.1,1144.2,747.2,1106.5,1033.0,1213.6,32.9,36.0,16.0,41.8,27.4,39.7,17.3,23.6,61.6,28.8,18.5,61.8,21.7,61.8,32.9,100.0,46.8,51.9,23.2,59.8,39.1,56.9,25.2,34.2,85.6,41.9,26.8,86.2,30.8,46.8,40.0,40.0,40.0,40.0,40.0,40.0,40.0,37.0,130,126,129,126,144,129,129,82,86,83,86,68,83,83,144,144,Không,Không,Không,Không,Không,Không,Không,Không,Không,Không,Không,Không,Không,Không,Không,Không,Không,Không,Không,Không,Không,Không,Không,Không,142,142,34.594,34.722,33.410,1.340,65.0,85.0,134.0,134.0,30.000,30.4,35.4,16.0,41.7,27.1,39.6,17.2,23.5,63.4,28.7,18.7,27.7,25.9,34.9,37.8,25.0,34.9,18.5,47.0,45.9,1593.7,16.00,22,22,22,52,74,880,2,Đúng,Không,Không,Không,Không,Không,Không,Không,Không,Không,Không,Không,Đúng,Đúng,Không,Không,Không,Không,Không,Không,Không,Không,Không,Không,Không,Không,Không,Không,Không,Không,Không,Không,Không,Không,Không,Không,Không,Không,Không,Không,Không,168.8,115,136,140,154,1.008,3.285,11.880,4.980,0.024,1.308,1.212,3.360,3.144,3.072,1569,0,0,Đúng,118,Không,Không,113,92.0,Không,Không,8827,12973,45315,126,87.0,100.0,Không,Không,46186,41442,100.0,86.6,100.0,11.291,1.808,27705,22011,0.1,0.1,0.2,0.035,0.059,384,692,1.1,0.5,1.6,0.068,0.119,24736,80221,115.5,129.9,181.4,0.781,6.357,4.928,12.000,0.076,6.024,6.282,0.258,19.600,19.600,1151.5,1050.0,1037.5,1150.8,1049.0,5.0,7.0,0.0,1.0,41.3,1.5,2.9,0.0,50,Đúng,Không,Không,Không,Không,Đúng,Không,7,0,0,0,0,0,0,0,0,195,0,0,0,0,0,0,0,0,0,0,0,0,0,0,0,0,0,0,0,0,2406,1690,1613,131,8.0,75.0,76.6,73.9,73.5,73.5,73.5,75.0,75.3,74.7,74.6,74.6,74.6,13.34,13.57,13.02,12.94,13.65,13.65,0.28,1.64,13.22,0.12,0.08,16666,1509,3.2,4.5,0,37.4,52,
8.10.2026,20:5:40.928,30325,65794,31.5,24372,24642,49.7,1.0,47104,461,1.050,1.056,1.045,1.062,1.046,1.044,1.050,3984.3,3984.3,3984.3,3984.3,3984.3,3984.3,3984.3,99.6,3685.5,996.1,1305.1,1514.4,1153.2,1447.4,1020.0,1108.4,834.5,2854.6,1191.9,1381.7,933.0,1344.8,877.4,1305.1,33.6,40.1,30.5,39.2,25.9,29.0,21.8,69.6,29.3,33.8,24.1,34.4,25.8,69.6,33.6,100.0,47.5,57.0,42.7,55.7,36.8,41.9,31.1,96.5,41.0,48.4,34.0,48.8,36.4,47.5,40.0,40.0,40.0,40.0,40.0,40.0,40.0,37.0,134,131,136,129,140,133,135,78,81,76,83,72,79,77,138,140,Không,Không,Không,Không,Không,Không,Không,Không,Không,Không,Không,Không,Không,Không,Không,Không,Không,Không,Không,Không,Không,Không,Không,Không,144,144,40.360,32.453,31.027,1.459,65.0,85.0,134.0,134.0,40.000,32.7,37.9,28.9,36.3,25.6,27.8,20.9,71.5,29.9,34.6,23.4,33.7,22.0,33.9,29.0,35.9,48.0,8.5,38.9,43.2,1593.7,16.00,22,22,22,52,74,880,2,Đúng,Không,Không,Không,Không,Không,Không,Không,Không,Không,Không,Không,Đúng,Đúng,Không,Không,Không,Không,Không,Không,Không,Không,Không,Không,Không,Không,Không,Không,Không,Không,Không,Không,Không,Không,Không,Không,Không,Không,Không,Không,Không,168.8,117,136,140,153,1.008,3.305,11.880,4.980,0.024,1.308,1.212,3.360,3.144,3.072,1551,0,0,Đúng,118,Không,Không,113,92.0,Không,Không,8827,12973,45315,126,87.0,100.0,Không,Không,46186,41442,100.0,89.5,100.0,17.712,1.847,27762,22018,0.2,0.0,0.2,0.073,0.009,384,693,2.3,0.1,2.4,2.724,0.044,24740,80222,114.5,128.9,181.4,0.675,6.289,4.900,12.000,0.076,6.024,6.213,0.189,19.600,19.600,303.5,405.0,544.0,670.8,403.9,7.0,14.0,0.0,2.0,41.3,2.7,5.3,0.0,50,Đúng,Không,Không,Không,Không,Đúng,Không,7,0,0,0,0,0,0,0,0,197,0,0,0,0,0,0,0,0,0,0,0,0,0,0,0,0,0,0,0,0,2406,1690,1613,131,2.5,75.0,76.0,73.8,73.7,73.7,73.7,75.0,75.3,74.6,74.5,74.5,74.5,13.34,13.58,13.13,13.13,13.61,13.61,0.38,1.46,13.21,0.12,0.08,16667,1509,87.3,10.1,0,35.6,52,
8.10.2026,20:5:47.175,30362,65756,31.5,24387,24627,49.7,1.0,47104,461,1.047,1.045,1.048,1.044,1.043,1.052,1.052,3984.3,3984.3,3984.3,3984.3,3984.3,3984.3,3984.3,99.6,3685.5,996.1,1567.7,2374.2,1226.2,1610.0,1258.0,2473.6,994.4,2111.8,1041.4,1689.4,1372.9,1473.5,1186.4,1567.7,40.1,61.2,31.4,41.2,32.4,62.7,25.5,53.7,29.3,42.5,34.4,37.7,29.3,62.7,40.1,100.0,56.6,85.8,44.2,58.7,45.8,87.6,36.3,75.4,41.5,60.3,48.5,53.7,41.5,56.6,40.0,40.0,40.0,40.0,40.0,40.0,40.0,37.0,142,145,149,144,138,138,136,70,67,63,68,74,74,76,145,149,Không,Không,Không,Không,Không,Không,Không,Không,Không,Không,Không,Không,Không,Không,Không,Không,Không,Không,Không,Không,Không,Không,Không,Không,151,151,47.087,34.577,32.165,2.435,65.0,85.0,134.0,134.0,50.000,39.3,59.5,30.7,40.3,31.5,62.0,24.9,52.9,26.1,42.3,34.4,36.9,29.7,30.7,22.0,37.3,25.4,26.5,31.5,41.5,1593.7,16.00,22,22,22,52,74,880,2,Đúng,Không,Không,Không,Không,Không,Không,Không,Không,Không,Không,Không,Đúng,Đúng,Không,Không,Không,Không,Không,Không,Không,Không,Không,Không,Không,Không,Không,Không,Không,Không,Không,Không,Không,Không,Không,Không,Không,Không,Không,Không,Không,170.6,117,136,144,153,1.032,3.285,11.880,4.980,0.024,1.308,1.212,3.360,3.144,3.072,1551,0,0,Đúng,118,Không,Không,113,92.0,Không,Không,8827,12973,45315,127,87.0,100.0,Không,Không,46186,41442,100.0,86.4,100.0,13.417,1.619,27861,22106,0.0,0.0,0.0,0.000,0.035,385,693,0.2,1.6,1.8,0.204,7.314,24746,80241,114.1,128.5,181.4,0.675,6.290,4.901,12.000,0.076,6.024,6.214,0.190,19.600,19.600,139.0,405.0,544.0,134.1,402.0,20.0,18.0,0.0,5.0,41.3,5.2,10.4,0.0,50,Đúng,Không,Không,Không,Không,Đúng,Không,7,0,0,0,0,0,0,0,0,197,0,0,0,0,0,0,0,0,0,0,0,0,0,0,0,0,0,0,0,0,2406,1690,1613,131,2.5,75.0,76.5,73.6,73.5,73.5,73.5,75.0,75.5,74.5,74.2,74.1,74.1,13.33,13.62,13.03,13.03,13.66,13.66,0.86,0.01,13.21,0.13,0.09,16668,1509,202.9,7.9,0,35.6,52,
8.10.2026,20:5:52.985,30316,65802,31.5,24311,24703,49.6,1.0,47104,461,1.044,1.048,1.045,1.047,1.049,1.032,1.047,3984.3,3984.3,3984.3,3984.3,3984.3,3984.3,3984.3,99.6,3685.5,996.1,2161.1,2034.4,2853.0,2419.5,2332.6,2325.5,1836.9,2430.0,1836.5,2350.8,1670.8,2153.3,1689.9,2161.1,55.4,52.8,72.6,61.7,59.4,59.8,47.0,61.6,48.2,59.5,43.0,55.4,43.4,72.6,55.4,100.0,77.9,74.4,101.1,86.5,83.3,84.2,66.5,86.7,67.8,83.7,61.0,78.3,61.4,77.9,40.0,40.0,40.0,40.0,40.0,40.0,40.0,37.0,141,147,144,140,138,142,136,71,65,68,72,74,70,76,147,147,Không,Không,Không,Không,Không,Không,Không,Không,Không,Không,Không,Không,Không,Không,Không,Không,Không,Không,Không,Không,Không,Không,Không,Không,147,147,49.970,41.280,38.813,2.493,65.0,85.0,134.0,134.0,50.000,54.1,51.0,71.5,60.6,58.4,58.3,46.0,60.9,46.0,58.9,41.9,53.9,42.3,5.5,1.0,2.1,3.9,7.1,6.2,12.9,1593.7,16.00,22,22,22,52,74,880,2,Đúng,Không,Không,Không,Không,Không,Không,Không,Không,Không,Không,Không,Đúng,Đúng,Không,Không,Không,Không,Không,Không,Không,Không,Không,Không,Không,Không,Không,Không,Không,Không,Không,Không,Không,Không,Không,Không,Không,Không,Không,Không,Không,170.6,117,136,149,153,1.020,3.324,11.808,4.980,0.024,1.308,1.212,3.360,3.144,3.072,1603,0,0,Đúng,118,Không,Không,113,92.0,Không,Không,8827,12973,45315,126,87.0,100.0,Không,Không,46186,41442,100.0,100.0,100.0,8.710,1.286,27924,22115,0.0,0.0,0.0,0.000,0.074,385,693,0.2,2.0,2.1,0.238,7.954,24750,80282,114.1,128.5,181.4,0.675,6.290,4.901,12.000,0.076,6.024,6.214,0.190,19.600,19.600,139.0,405.0,544.0,134.1,402.0,20.0,18.0,0.0,5.0,41.3,5.2,10.5,0.0,50,Đúng,Không,Không,Không,Không,Đúng,Không,7,0,0,0,0,0,0,0,0,197,0,0,0,0,0,0,0,0,0,0,0,0,0,0,0,0,0,0,0,0,2406,1690,1613,131,2.5,75.0,77.5,73.0,72.5,72.4,72.4,75.0,75.3,74.8,74.7,74.7,74.7,13.33,13.70,12.87,12.72,13.79,13.79,0.75,0.01,13.20,0.13,0.11,16669,1509,3.5,4.0,0,35.6,52,
8.10.2026,20:5:56.596,30361,65757,31.5,24322,24692,49.6,1.0,47104,461,1.047,1.051,1.051,1.050,1.042,1.043,1.048,3984.3,3984.3,3984.3,3984.3,3984.3,3984.3,3984.3,99.6,3685.5,996.1,2311.3,2704.7,1705.3,2681.1,1987.2,2687.3,1997.1,2556.9,2468.3,2937.0,1643.7,2610.6,1756.4,2311.3,59.4,70.3,44.1,68.7,51.4,68.9,51.2,65.6,62.7,75.1,42.4,67.1,45.4,75.1,59.4,100.0,83.6,98.5,62.4,96.7,72.6,96.7,72.3,92.0,87.8,105.0,60.3,94.3,64.4,83.6,40.0,40.0,40.0,40.0,40.0,40.0,40.0,37.0,141,140,145,140,138,142,138,71,72,67,72,74,70,74,145,145,Không,Không,Không,Không,Không,Không,Không,Không,Không,Không,Không,Không,Không,Không,Không,Không,Không,Không,Không,Không,Không,Không,Không,Không,145,145,47.087,46.195,43.725,2.513,65.0,85.0,134.0,134.0,49.000,57.9,67.8,42.7,67.2,49.8,67.3,50.0,64.1,61.8,73.6,41.2,65.4,44.0,2.3,1.8,3.2,0.0,0.1,1.9,7.1,1593.7,16.00,22,22,22,52,74,880,2,Đúng,Không,Không,Không,Không,Không,Không,Không,Không,Không,Không,Không,Đúng,Đúng,Không,Không,Không,Không,Không,Không,Không,Không,Không,Không,Không,Không,Không,Không,Không,Không,Không,Không,Không,Không,Không,Không,Không,Không,Không,Không,Không,168.8,117,136,144,154,1.020,3.285,11.880,5.010,0.024,1.308,1.212,3.360,3.144,3.072,1610,0,0,Đúng,118,Không,Không,113,92.0,Không,Không,8827,12973,45315,127,87.0,100.0,Không,Không,46186,41442,100.0,100.0,100.0,12.223,2.020,27947,22119,0.0,0.1,0.1,0.000,0.103,385,694,9.1,0.5,9.6,11.903,0.757,24773,80283,114.1,128.5,181.4,0.675,6.294,4.903,12.000,0.076,6.024,6.218,0.194,19.600,19.600,139.0,405.0,544.0,134.1,403.4,21.0,18.0,0.0,5.0,41.3,5.4,10.8,0.0,51,Đúng,Không,Không,Không,Không,Đúng,Không,7,0,0,0,0,0,0,0,0,197,0,0,0,0,0,0,0,0,0,0,0,0,0,0,0,0,0,0,0,0,2404,1692,1615,131,2.5,75.0,78.9,71.2,66.7,66.2,66.2,75.0,75.3,74.5,74.5,74.5,74.5,13.33,14.06,12.67,12.17,15.08,15.08,0.77,0.54,13.20,0.13,0.15,16669,1509,270.3,8.2,0,37.4,52,
8.10.2026,20:6:5.255,30268,65850,31.4,24324,24690,49.6,1.0,47104,461,1.052,1.060,1.046,1.061,1.059,1.042,1.041,3984.3,3984.3,3984.3,3984.3,3984.3,3984.3,3984.3,99.6,3685.5,996.1,1600.3,2075.7,1378.4,1561.4,3138.3,1678.4,1219.7,1555.2,1264.5,1785.8,1000.7,1446.4,1099.1,1600.3,42.4,54.4,35.7,40.5,79.6,44.1,37.4,41.0,31.5,49.0,26.3,39.4,29.8,79.6,42.4,100.0,60.0,76.8,50.3,57.0,110.6,62.7,53.0,58.6,45.0,69.5,37.6,56.6,42.6,60.0,40.0,40.0,40.0,40.0,40.0,40.0,40.0,37.0,138,140,144,133,142,138,135,74,72,68,79,70,74,77,144,144,Không,Không,Không,Không,Không,Không,Không,Không,Không,Không,Không,Không,Không,Không,Không,Không,Không,Không,Không,Không,Không,Không,Không,Không,149,149,30.750,38.645,36.232,2.443,65.0,85.0,134.0,134.0,34.000,40.1,52.0,34.5,39.1,78.6,42.1,30.6,39.0,31.7,44.7,25.1,36.2,27.5,22.4,11.4,1.3,27.3,29.7,28.9,36.1,1593.7,16.00,22,22,22,52,74,880,2,Đúng,Không,Không,Không,Không,Không,Không,Không,Không,Không,Không,Không,Đúng,Đúng,Không,Không,Không,Không,Không,Không,Không,Không,Không,Không,Không,Không,Không,Không,Không,Không,Không,Không,Không,Không,Không,Không,Không,Không,Không,Không,Không,172.4,117,136,144,153,1.008,3.285,11.880,4.980,0.024,1.308,1.200,3.360,3.144,3.072,1588,0,0,Đúng,118,Không,Không,113,92.0,Không,Không,8827,12973,45315,126,87.0,100.0,Không,Không,46186,41442,100.0,71.7,100.0,57.477,0.532,28264,22128,0.3,0.0,0.3,0.129,0.080,385,694,0.2,0.3,0.5,0.102,0.924,24779,80287,114.1,128.5,181.4,0.675,6.303,4.906,12.000,0.076,6.024,6.227,0.203,19.600,19.600,139.0,405.0,544.0,134.1,401.8,23.0,18.0,0.0,5.0,41.3,5.1,10.2,0.0,51,Đúng,Không,Không,Không,Không,Đúng,Không,7,0,0,0,0,0,0,0,0,197,0,0,0,0,0,0,0,0,0,0,0,0,0,0,0,0,0,0,0,0,2406,1690,1613,129,2.5,75.0,77.4,73.3,72.9,72.9,72.9,75.0,75.4,74.7,74.7,74.7,74.7,13.33,13.68,12.88,12.85,13.76,13.76,0.77,0.36,13.21,0.13,0.12,16670,1509,72.9,9.2,0,37.4,52,
8.10.2026,20:6:9.937,30242,65877,31.4,24302,24712,49.5,1.0,47104,461,1.049,1.047,1.051,1.055,1.040,1.055,1.047,3984.3,3984.3,3984.3,3984.3,3984.3,3984.3,3984.3,99.6,3685.5,996.1,1089.1,1448.0,579.5,1164.1,782.9,1458.4,632.9,980.7,564.7,1822.9,436.6,2415.5,783.4,1089.1,28.2,36.8,15.1,29.1,19.5,30.3,16.8,23.5,13.4,52.9,13.6,58.2,29.6,58.2,28.2,100.0,40.3,52.9,21.0,42.3,28.2,43.7,23.7,34.6,19.8,74.3,19.9,81.1,41.8,40.3,40.0,40.0,40.0,40.0,40.0,40.0,40.0,37.0,136,138,136,142,127,129,140,76,74,76,70,85,83,72,142,142,Không,Không,Không,Không,Không,Không,Không,Không,Không,Không,Không,Không,Không,Không,Không,Không,Không,Không,Không,Không,Không,Không,Không,Không,147,147,40.360,41.278,38.803,2.511,65.0,85.0,134.0,134.0,36.000,27.3,36.3,14.5,29.2,19.6,36.5,15.9,24.6,14.1,45.7,10.9,60.5,19.6,41.2,38.0,50.0,45.7,53.6,39.2,20.8,1593.7,16.00,22,22,22,52,74,880,2,Đúng,Không,Không,Không,Không,Không,Không,Không,Không,Không,Không,Không,Đúng,Đúng,Không,Không,Không,Không,Không,Không,Không,Không,Không,Không,Không,Không,Không,Không,Không,Không,Không,Không,Không,Không,Không,Không,Không,Không,Không,Không,Không,170.6,117,136,140,153,1.020,3.285,11.880,4.980,0.024,1.308,1.212,3.360,3.144,3.072,1573,0,0,Đúng,118,Không,Không,113,92.0,Không,Không,8827,12973,45315,127,87.0,100.0,Không,Không,46186,41442,100.0,95.5,100.0,14.266,1.905,28461,22139,0.0,0.1,0.1,0.000,0.027,385,694,0.3,1.8,2.1,0.194,4.351,24784,80296,114.1,128.5,181.4,0.675,6.288,4.900,12.000,0.076,6.024,6.212,0.188,19.600,19.600,139.0,405.0,544.0,134.1,403.2,22.0,18.0,0.0,5.0,41.3,5.3,10.5,0.0,51,Đúng,Không,Không,Không,Không,Đúng,Không,7,0,0,0,0,0,0,0,0,197,0,0,0,0,0,0,0,0,0,0,0,0,0,0,0,0,0,0,0,0,2406,1690,1613,129,2.5,75.0,76.1,73.9,73.9,73.9,73.9,75.0,75.4,74.6,74.6,74.6,74.6,13.34,13.56,13.10,13.08,13.57,13.57,0.76,0.36,13.22,0.12,0.08,16671,1510,378.0,8.1,0,37.4,52,
8.10.2026,20:6:14.919,30258,65860,31.4,24321,24693,49.6,1.0,47104,461,1.045,1.031,1.038,1.051,1.040,1.056,1.053,3984.3,3984.3,3984.3,3984.3,3984.3,3984.3,3984.3,99.6,3685.5,996.1,1354.8,2591.0,721.2,1315.1,1866.2,1274.8,756.0,1883.1,813.1,1588.2,675.4,2079.3,694.3,1354.8,33.4,65.8,18.1,32.7,46.5,32.0,18.9,45.8,19.8,30.6,19.1,53.5,17.8,65.8,33.4,100.0,47.9,92.0,25.9,47.4,65.6,46.3,27.5,64.6,29.4,45.1,28.6,75.5,26.7,47.9,40.0,40.0,40.0,40.0,40.0,40.0,40.0,37.0,135,126,133,127,140,142,140,77,86,79,85,72,70,72,142,142,Không,Không,Không,Không,Không,Không,Không,Không,Không,Không,Không,Không,Không,Không,Không,Không,Không,Không,Không,Không,Không,Không,Không,Không,142,142,46.126,33.038,30.646,2.414,65.0,85.0,134.0,134.0,31.000,33.9,64.9,18.1,33.0,46.8,31.9,18.9,47.2,20.4,39.8,16.9,52.1,17.4,33.2,19.0,26.7,45.1,38.5,41.7,28.2,1593.7,16.00,22,22,22,52,74,880,2,Đúng,Không,Không,Không,Không,Không,Không,Không,Không,Không,Không,Không,Đúng,Đúng,Không,Không,Không,Không,Không,Không,Không,Không,Không,Không,Không,Không,Không,Không,Không,Không,Không,Không,Không,Không,Không,Không,Không,Không,Không,Không,Không,170.6,117,136,144,153,1.020,3.285,11.880,5.010,0.024,1.308,1.212,3.360,3.144,3.072,1551,0,0,Đúng,118,Không,Không,113,92.0,Không,Không,8827,12973,45315,127,87.0,100.0,Không,Không,46186,41442,100.0,94.1,100.0,37.920,1.892,28593,22145,0.2,0.0,0.3,0.118,0.013,386,695,0.2,0.7,0.9,0.158,0.708,24789,80298,114.1,128.5,181.4,0.675,6.284,4.899,12.000,0.076,6.024,6.208,0.184,19.600,19.600,139.0,405.0,544.0,134.1,403.1,23.0,18.0,0.0,5.0,41.2,5.2,10.4,0.0,51,Đúng,Không,Không,Không,Không,Đúng,Không,7,0,0,0,0,0,0,0,0,197,0,0,0,0,0,0,0,0,0,0,0,0,0,0,0,0,0,0,0,0,2407,1689,1612,129,2.5,75.0,76.6,73.6,73.4,73.4,73.4,75.0,75.5,74.6,74.6,74.6,74.6,13.34,13.64,13.00,12.99,13.68,13.68,0.74,0.54,13.22,0.12,0.09,16671,1510,168.7,9.1,0,35.6,52,
8.10.2026,20:6:21.297,30219,65899,31.4,24305,24709,49.5,1.0,47104,461,1.050,1.050,1.049,1.049,1.048,1.051,1.056,3984.3,3984.3,3984.3,3984.3,3984.3,3984.3,3984.3,99.6,3685.5,996.1,1247.9,1529.8,776.7,1446.0,994.7,1140.8,1009.1,1140.5,712.0,1497.9,2565.4,1356.2,805.9,1247.9,32.1,39.1,19.8,36.4,25.2,36.7,23.5,28.3,18.2,35.9,54.6,32.0,35.9,54.6,32.1,100.0,45.5,55.8,27.9,52.0,35.7,52.1,33.5,40.9,26.2,50.3,75.8,45.6,50.4,45.5,40.0,40.0,40.0,40.0,40.0,40.0,40.0,37.0,139,145,144,136,133,138,140,73,67,68,76,79,74,72,145,145,Không,Không,Không,Không,Không,Không,Không,Không,Không,Không,Không,Không,Không,Không,Không,Không,Không,Không,Không,Không,Không,Không,Không,Không,147,147,46.126,37.614,35.167,2.475,65.0,85.0,134.0,134.0,47.000,31.3,38.3,19.5,36.2,24.9,28.6,25.3,28.6,17.8,37.5,64.2,34.0,20.2,36.1,35.5,40.2,45.4,52.2,14.5,28.6,1593.7,16.00,22,22,22,52,74,880,2,Đúng,Không,Không,Không,Không,Không,Không,Không,Không,Không,Không,Không,Đúng,Đúng,Không,Không,Không,Không,Không,Không,Không,Không,Không,Không,Không,Không,Không,Không,Không,Không,Không,Không,Không,Không,Không,Không,Không,Không,Không,Không,Không,168.8,117,136,142,153,1.008,3.324,11.880,5.010,0.024,1.308,1.212,3.360,3.144,3.072,1551,0,0,Đúng,118,Không,Không,113,92.0,Không,Không,8827,12973,45315,127,87.0,100.0,Không,Không,46186,41442,100.0,72.5,100.0,57.974,0.829,28921,22154,0.2,0.0,0.2,0.076,0.025,386,695,0.8,1.5,2.3,0.426,2.471,24799,80305,113.9,128.3,181.4,0.675,6.282,4.898,12.000,0.076,6.024,6.206,0.183,19.600,19.600,139.0,405.0,544.0,134.1,402.3,23.0,18.0,0.0,5.0,41.2,5.1,10.2,0.0,51,Đúng,Không,Không,Không,Không,Đúng,Không,7,0,0,0,0,0,0,0,0,197,0,0,0,0,0,0,0,0,0,0,0,0,0,0,0,0,0,0,0,0,2407,1689,1612,129,2.5,75.0,76.5,73.2,73.0,73.0,73.0,75.0,75.4,74.5,74.0,74.0,74.0,13.33,13.68,13.05,12.92,13.70,13.70,0.78,0.19,13.22,0.12,0.10,16672,1510,339.4,8.2,0,35.6,52,
8.10.2026,20:6:25.936,30146,65972,31.3,24239,24775,49.4,1.0,47104,461,1.045,1.053,1.043,1.046,1.044,1.042,1.040,3984.3,3984.3,3984.3,3984.3,3984.3,3984.3,3984.3,99.6,3685.5,996.1,1501.3,1735.9,892.6,1378.6,1447.8,1266.3,1358.7,1552.7,1208.5,2040.4,1343.3,923.1,2867.7,1501.3,37.4,44.1,22.6,34.8,37.4,32.5,34.0,39.0,31.0,54.1,36.0,24.2,58.5,58.5,37.4,100.0,53.0,62.9,32.6,50.1,53.0,46.9,48.2,55.6,44.0,75.8,50.8,35.0,81.4,53.0,40.0,40.0,40.0,40.0,40.0,40.0,40.0,37.0,133,136,131,135,127,131,138,79,76,81,77,85,81,74,140,138,Không,Không,Không,Không,Không,Không,Không,Không,Không,Không,Không,Không,Không,Không,Không,Không,Không,Không,Không,Không,Không,Không,Không,Không,140,140,35.555,44.727,42.230,2.524,65.0,85.0,134.0,134.0,35.000,37.6,43.5,22.4,34.5,36.3,31.7,34.0,38.9,30.3,51.1,33.7,23.1,71.9,27.8,31.7,30.9,30.4,28.8,20.4,24.8,1593.7,16.00,22,22,22,52,74,880,2,Đúng,Không,Không,Không,Không,Không,Không,Không,Không,Không,Không,Không,Đúng,Đúng,Không,Không,Không,Không,Không,Không,Không,Không,Không,Không,Không,Không,Không,Không,Không,Không,Không,Không,Không,Không,Không,Không,Không,Không,Không,Không,Không,168.8,117,136,142,153,1.032,3.285,11.880,4.980,0.024,1.308,1.212,3.360,3.144,3.072,1588,0,0,Đúng,118,Không,Không,113,92.0,Không,Không,8827,12973,45315,127,87.0,100.0,Không,Không,46186,41442,100.0,100.0,100.0,17.399,1.279,29001,22160,0.0,0.0,0.0,0.000,0.037,387,695,7.8,3.0,10.8,10.191,11.127,24822,80364,113.9,128.3,181.4,0.675,6.288,4.900,12.000,0.076,6.024,6.212,0.188,19.600,19.600,139.0,405.0,544.0,134.1,402.7,21.0,18.0,0.0,5.0,41.2,5.3,10.6,0.0,51,Đúng,Không,Không,Không,Không,Đúng,Không,7,0,0,0,0,0,0,0,0,197,0,0,0,0,0,0,0,0,0,0,0,0,0,0,0,0,0,0,0,0,2407,1689,1612,129,2.5,75.0,77.4,72.0,69.2,69.0,69.0,75.0,75.4,74.6,74.5,74.5,74.5,13.33,13.90,12.91,12.70,14.50,14.50,0.74,0.01,13.22,0.11,0.11,16673,1510,124.3,7.5,0,35.6,52,
8.10.2026,20:6:32.973,30201,65917,31.4,24272,24742,49.5,1.0,47104,461,1.046,1.059,1.032,1.046,1.046,1.046,1.045,3984.3,3984.3,3984.3,3984.3,3984.3,3984.3,3984.3,99.6,3685.5,996.1,1671.3,2166.7,1081.8,2290.1,1638.6,1813.7,1097.9,1884.2,2227.1,1609.0,1299.4,1760.5,1186.5,1671.3,43.9,57.7,29.6,59.0,42.7,47.2,29.3,58.4,48.4,42.4,33.4,47.3,31.2,59.0,43.9,100.0,62.2,81.2,42.2,83.0,60.3,67.3,42.1,81.8,67.9,60.8,47.7,67.4,44.6,62.2,40.0,40.0,40.0,40.0,40.0,40.0,40.0,37.0,137,129,131,145,142,140,133,75,83,81,67,70,72,79,145,145,Không,Không,Không,Không,Không,Không,Không,Không,Không,Không,Không,Không,Không,Không,Không,Không,Không,Không,Không,Không,Không,Không,Không,Không,144,144,46.126,40.153,37.742,2.443,65.0,85.0,134.0,134.0,46.000,41.9,54.3,27.1,57.4,41.1,45.4,27.5,47.2,55.8,40.3,32.6,44.1,29.7,16.9,8.2,11.8,24.7,3.7,28.2,24.9,1593.7,16.00,22,22,22,52,74,880,2,Đúng,Không,Không,Không,Không,Không,Không,Không,Không,Không,Không,Không,Đúng,Đúng,Không,Không,Không,Không,Không,Không,Không,Không,Không,Không,Không,Không,Không,Không,Không,Không,Không,Không,Không,Không,Không,Không,Không,Không,Không,Không,Không,168.8,117,136,142,153,1.020,3.285,11.952,5.010,0.024,1.308,1.212,3.360,3.144,3.072,1584,0,0,Đúng,118,Không,Không,113,92.0,Không,Không,8827,12973,45315,127,87.0,100.0,Không,Không,46186,41442,100.0,100.0,100.0,3.648,1.362,29025,22169,0.0,0.1,0.1,0.023,0.079,387,696,2.4,1.1,3.5,2.548,1.231,24826,80367,113.8,128.2,181.4,0.675,6.288,4.900,12.000,0.076,6.024,6.212,0.188,19.600,19.600,139.0,405.0,544.0,134.1,403.3,23.0,18.0,0.0,5.0,41.2,5.3,10.6,0.0,51,Đúng,Không,Không,Không,Không,Đúng,Không,7,0,0,0,0,0,0,0,0,197,0,0,0,0,0,0,0,0,0,0,0,0,0,0,0,0,0,0,0,0,2407,1689,1612,129,2.5,75.0,76.5,73.7,73.5,73.5,73.5,75.0,75.4,74.6,74.6,74.6,74.6,13.33,13.61,13.05,13.01,13.66,13.66,0.76,0.36,13.21,0.12,0.09,16674,1510,159.2,6.6,0,35.6,52,
8.10.2026,20:6:37.383,30210,65909,31.4,24282,24732,49.5,1.0,47104,461,1.046,1.057,1.043,1.042,1.042,1.045,1.046,3984.3,3984.3,3984.3,3984.3,3984.3,3984.3,3984.3,99.6,3685.5,996.1,2215.4,2377.1,1848.6,2555.6,2098.8,2210.1,2089.0,2372.1,2342.4,2426.0,1834.0,2390.4,2040.2,2215.4,57.7,62.9,48.4,65.8,54.2,57.8,54.1,61.6,57.1,62.6,48.9,63.1,56.0,65.8,57.7,100.0,81.4,88.8,68.5,92.7,76.5,81.7,76.4,86.9,80.3,88.5,69.3,89.1,78.6,81.4,40.0,40.0,40.0,40.0,40.0,40.0,40.0,37.0,136,127,147,127,145,131,136,76,85,65,85,67,81,76,147,147,Không,Không,Không,Không,Không,Không,Không,Không,Không,Không,Không,Không,Không,Không,Không,Không,Không,Không,Không,Không,Không,Không,Không,Không,145,145,39.399,45.251,42.692,2.600,65.0,85.0,134.0,134.0,39.000,55.5,59.6,46.3,64.0,52.6,55.4,52.3,59.4,58.7,60.8,46.0,59.9,51.1,7.0,8.8,3.5,10.9,6.3,10.5,2.0,1593.7,16.00,22,22,22,52,74,880,2,Đúng,Không,Không,Không,Không,Không,Không,Không,Không,Không,Không,Không,Đúng,Đúng,Không,Không,Không,Không,Không,Không,Không,Không,Không,Không,Không,Không,Không,Không,Không,Không,Không,Không,Không,Không,Không,Không,Không,Không,Không,Không,Không,168.8,117,136,144,153,1.020,3.344,11.880,4.980,0.024,1.296,1.212,3.360,3.144,3.072,1595,0,0,Đúng,118,Không,Không,113,92.0,Không,Không,8827,12973,45315,127,87.0,100.0,Không,Không,46186,41442,100.0,99.9,100.0,12.445,2.262,29071,22176,0.2,0.0,0.2,0.079,0.071,387,696,2.3,1.4,3.7,2.914,2.157,24832,80371,113.9,128.3,181.4,0.675,6.278,4.896,12.000,0.076,6.024,6.202,0.178,19.600,19.600,139.0,405.0,544.0,134.1,402.5,23.0,18.0,0.0,5.0,41.2,5.1,10.2,0.0,51,Đúng,Không,Không,Không,Không,Đúng,Không,7,0,0,0,0,0,0,0,0,197,0,0,0,0,0,0,0,0,0,0,0,0,0,0,0,0,0,0,0,0,2407,1689,1612,129,2.5,75.0,76.1,73.5,73.5,73.5,73.5,75.0,75.3,74.6,74.6,74.6,74.6,13.34,13.62,13.12,13.06,13.62,13.62,0.74,0.36,13.21,0.13,0.10,16674,1510,73.0,6.6,0,37.4,52,
8.10.2026,20:6:41.535,30236,65882,31.4,24280,24734,49.5,1.0,47104,461,1.050,1.053,1.052,1.041,1.052,1.056,1.045,3984.3,3984.3,3984.3,3984.3,3984.3,3984.3,3984.3,99.6,3685.5,996.1,1716.3,1847.8,1303.1,1721.3,1573.5,1291.6,3161.1,1559.4,2168.7,2004.9,1127.3,1538.4,1298.9,1716.3,42.8,47.1,32.8,47.0,38.4,33.4,75.8,39.0,52.8,50.8,28.1,37.7,30.4,75.8,42.8,100.0,60.4,67.0,46.4,66.5,54.3,47.5,105.0,55.4,73.7,71.8,40.2,54.0,43.3,60.4,40.0,40.0,40.0,40.0,40.0,40.0,40.0,37.0,137,140,142,135,138,133,133,75,72,70,77,74,79,79,144,142,Không,Không,Không,Không,Không,Không,Không,Không,Không,Không,Không,Không,Không,Không,Không,Không,Không,Không,Không,Không,Không,Không,Không,Không,142,142,36.516,44.265,41.706,2.594,65.0,85.0,134.0,134.0,38.000,43.0,46.3,32.6,43.1,39.4,32.4,79.2,39.1,54.3,50.2,28.2,38.5,32.5,24.7,26.2,30.7,11.6,18.1,26.1,35.5,1593.7,16.00,22,22,22,52,74,880,2,Đúng,Không,Không,Không,Không,Không,Không,Không,Không,Không,Không,Không,Đúng,Đúng,Không,Không,Không,Không,Không,Không,Không,Không,Không,Không,Không,Không,Không,Không,Không,Không,Không,Không,Không,Không,Không,Không,Không,Không,Không,Không,Không,172.4,117,136,144,154,1.008,3.285,11.952,5.010,0.024,1.308,1.212,3.360,3.144,3.072,1607,0,0,Đúng,118,Không,Không,113,92.0,Không,Không,8827,12973,45315,127,87.0,100.0,Không,Không,46186,41442,100.0,100.0,100.0,18.863,2.167,29156,22187,0.1,0.1,0.1,0.043,0.080,387,696,2.0,1.1,3.1,2.416,0.797,24837,80374,113.8,128.2,181.4,0.675,6.282,4.898,12.000,0.076,6.024,6.206,0.183,19.600,19.600,139.0,405.0,544.0,134.1,402.5,23.0,18.0,0.0,5.0,41.2,5.1,10.2,0.0,51,Đúng,Không,Không,Không,Không,Đúng,Không,7,0,0,0,0,0,0,0,0,197,0,0,0,0,0,0,0,0,0,0,0,0,0,0,0,0,0,0,0,0,2407,1689,1612,128,2.5,75.0,76.3,73.8,73.8,73.8,73.8,75.0,75.5,74.6,74.5,74.5,74.5,13.33,13.58,13.04,13.00,13.58,13.58,0.81,0.52,13.21,0.12,0.10,16674,1510,5.1,2.4,0,37.4,52,
8.10.2026,20:6:45.706,30260,65858,31.4,24326,24688,49.6,1.0,47104,461,1.043,1.041,1.043,1.043,1.041,1.046,1.046,3984.3,3984.3,3984.3,3984.3,3984.3,3984.3,3984.3,99.6,3685.5,996.1,1773.7,2505.5,1090.0,2672.2,1390.0,2288.6,1405.9,2346.3,1389.0,1843.9,1213.3,1840.4,1298.9,1773.7,44.5,63.7,27.5,67.2,34.2,57.2,34.7,59.4,35.5,45.7,29.4,46.0,33.4,67.2,44.5,100.0,62.7,89.2,38.9,93.9,48.4,80.3,49.1,83.4,50.0,64.8,41.9,65.3,47.4,62.7,40.0,40.0,40.0,40.0,40.0,40.0,40.0,37.0,141,142,147,142,138,140,135,71,70,65,70,74,72,77,145,147,Không,Không,Không,Không,Không,Không,Không,Không,Không,Không,Không,Không,Không,Không,Không,Không,Không,Không,Không,Không,Không,Không,Không,Không,145,145,39.399,42.522,40.039,2.530,65.0,85.0,134.0,134.0,42.000,44.4,62.8,27.3,67.0,34.8,57.3,35.2,58.8,34.8,46.2,30.4,46.1,32.5,18.2,14.1,8.7,22.1,14.4,23.3,26.6,1593.7,16.00,22,22,22,52,74,880,2,Đúng,Không,Không,Không,Không,Không,Không,Không,Không,Không,Không,Không,Đúng,Đúng,Không,Không,Không,Không,Không,Không,Không,Không,Không,Không,Không,Không,Không,Không,Không,Không,Không,Không,Không,Không,Không,Không,Không,Không,Không,Không,Không,168.8,117,136,147,153,1.020,3.324,11.808,4.950,0.024,1.308,1.212,3.360,3.144,3.072,1569,0,0,Đúng,118,Không,Không,113,92.0,Không,Không,8827,12973,45315,127,87.0,100.0,Không,Không,46186,41442,100.0,91.8,100.0,12.348,1.955,29214,22193,0.1,0.0,0.1,0.055,0.062,388,696,1.8,1.3,3.1,2.175,1.959,24842,80380,113.7,128.1,181.4,0.675,6.286,4.899,12.000,0.076,6.024,6.210,0.187,19.600,19.600,139.0,405.0,544.0,134.1,402.9,23.0,18.0,0.0,5.0,41.2,5.2,10.4,0.0,51,Đúng,Không,Không,Không,Không,Đúng,Không,7,0,0,0,0,0,0,0,0,197,0,0,0,0,0,0,0,0,0,0,0,0,0,0,0,0,0,0,0,0,2407,1689,1612,129,2.5,75.0,76.3,73.9,73.8,73.8,73.8,75.0,75.3,74.7,74.6,74.6,74.6,13.34,13.56,13.06,12.98,13.56,13.56,0.75,0.18,13.21,0.13,0.08,16676,1510,423.3,10.8,0,37.4,52,
8.10.2026,20:6:49.423,30259,65859,31.4,24366,24648,49.7,1.0,47104,461,1.047,1.043,1.044,1.045,1.052,1.050,1.044,3984.3,3984.3,3984.3,3984.3,3984.3,3984.3,3984.3,99.6,3685.5,996.1,1489.2,3841.7,741.4,1464.2,1106.2,1600.7,1067.9,1645.7,1100.8,1599.6,918.1,1576.9,1206.8,1489.2,38.4,97.5,19.5,37.5,29.1,41.3,27.7,42.2,28.5,41.4,24.3,40.6,31.4,97.5,38.4,100.0,54.5,134.7,27.7,54.0,41.5,58.9,39.7,60.2,40.8,59.0,35.1,57.9,44.6,54.5,40.0,40.0,40.0,40.0,40.0,40.0,40.0,37.0,141,142,144,145,140,140,135,71,70,68,67,72,72,77,145,145,Không,Không,Không,Không,Không,Không,Không,Không,Không,Không,Không,Không,Không,Không,Không,Không,Không,Không,Không,Không,Không,Không,Không,Không,142,142,43.243,45.966,43.346,2.658,65.0,85.0,134.0,134.0,45.000,37.3,96.0,18.6,36.7,27.7,40.1,26.8,41.2,27.6,40.1,23.0,39.5,30.2,31.6,0.0,40.3,38.9,35.5,41.2,33.9,1593.7,16.00,22,22,22,52,74,880,2,Đúng,Không,Không,Không,Không,Không,Không,Không,Không,Không,Không,Không,Đúng,Đúng,Không,Không,Không,Không,Không,Không,Không,Không,Không,Không,Không,Không,Không,Không,Không,Không,Không,Không,Không,Không,Không,Không,Không,Không,Không,Không,Không,172.4,117,136,142,153,1.008,3.285,11.952,5.010,0.024,1.296,1.212,3.360,3.144,3.072,1588,0,0,Đúng,120,Không,Không,115,92.0,Không,Không,8828,12973,45315,127,87.0,100.0,Không,Không,46186,41442,100.0,100.0,100.0,11.332,2.296,29258,22201,0.0,0.1,0.1,0.000,0.052,388,697,0.3,0.2,0.5,0.196,0.375,24842,80380,113.9,128.3,181.4,0.675,6.281,4.897,12.000,0.076,6.024,6.205,0.182,19.600,19.600,139.0,405.0,544.0,134.1,402.0,23.0,19.0,0.0,5.0,41.2,5.1,10.3,0.0,51,Đúng,Không,Không,Không,Không,Đúng,Không,7,0,0,0,0,0,0,0,0,197,0,0,0,0,0,0,0,0,0,0,0,0,0,0,0,0,0,0,0,0,2407,1689,1612,129,2.5,75.0,76.1,73.8,73.6,73.6,73.6,75.0,75.3,74.7,74.7,74.7,74.7,13.34,13.58,13.10,13.09,13.67,13.67,0.82,0.52,13.21,0.12,0.09,16676,1510,80.0,21.1,0,37.4,52,
8.10.2026,20:6:52.777,30228,65890,31.4,24322,24692,49.6,1.0,47104,461,1.047,1.049,1.048,1.051,1.049,1.031,1.056,3984.3,3984.3,3984.3,3984.3,3984.3,3984.3,3984.3,99.6,3685.5,996.1,2019.4,2399.8,1527.5,2244.1,1800.3,2164.7,1589.7,2081.4,2106.3,2068.5,1512.3,3255.2,1482.9,2019.4,53.3,64.6,41.5,58.6,48.2,56.5,42.5,54.9,55.7,54.9,40.1,83.3,39.2,83.3,53.3,100.0,75.4,90.8,58.7,83.3,68.3,80.0,60.3,77.5,78.2,77.9,57.3,116.4,55.5,75.4,40.0,40.0,40.0,40.0,40.0,40.0,40.0,37.0,137,136,142,136,133,133,142,75,76,70,76,79,79,70,140,142,Không,Không,Không,Không,Không,Không,Không,Không,Không,Không,Không,Không,Không,Không,Không,Không,Không,Không,Không,Không,Không,Không,Không,Không,151,151,35.555,35.096,32.655,2.455,65.0,85.0,134.0,134.0,36.000,50.6,60.1,38.3,56.2,45.1,54.2,39.8,52.1,52.7,51.8,37.9,81.6,37.2,11.0,9.7,11.6,16.3,12.7,14.7,0.9,1593.7,16.00,22,22,22,52,74,880,2,Đúng,Không,Không,Không,Không,Không,Không,Không,Không,Không,Không,Không,Đúng,Đúng,Không,Không,Không,Không,Không,Không,Không,Không,Không,Không,Không,Không,Không,Không,Không,Không,Không,Không,Không,Không,Không,Không,Không,Không,Không,Không,Không,168.8,117,136,142,154,1.008,3.324,11.808,4.980,0.024,1.296,1.212,3.360,3.144,3.072,1566,0,0,Đúng,120,Không,Không,115,92.0,Không,Không,8828,12973,45315,127,87.0,100.0,Không,Không,46186,41442,100.0,52.4,100.0,8.536,1.724,29272,22204,0.1,0.0,0.1,0.047,0.040,388,697,2.3,0.6,2.9,2.839,0.806,24847,80382,113.6,128.0,181.4,0.675,6.288,4.900,12.000,0.076,6.024,6.212,0.188,19.600,19.600,139.0,405.0,544.0,134.1,402.7,20.0,18.0,0.0,5.0,41.2,5.4,10.9,0.0,51,Đúng,Không,Không,Không,Không,Đúng,Không,7,0,0,0,0,0,0,0,0,197,0,0,0,0,0,0,0,0,0,0,0,0,0,0,0,0,0,0,0,0,2407,1689,1612,129,2.5,75.0,76.5,73.6,73.4,73.4,73.4,75.0,75.4,74.7,74.7,74.7,74.7,13.33,13.63,13.03,12.93,13.66,13.66,0.78,0.36,13.21,0.12,0.09,16676,1510,161.7,9.0,0,37.4,52,
8.10.2026,20:6:57.112,30212,65907,31.4,24319,24695,49.6,1.0,47104,461,1.044,1.060,1.030,1.057,1.029,1.050,1.038,3984.3,3984.3,3984.3,3984.3,3984.3,3984.3,3984.3,99.6,3685.5,996.1,1754.2,2151.8,1184.1,2031.9,1266.2,2154.7,1248.9,1841.5,2463.1,1971.8,1203.2,2155.3,1377.6,1754.2,45.7,57.5,31.9,53.0,33.7,54.9,33.0,47.7,64.2,50.8,31.9,58.6,31.5,64.2,45.7,100.0,65.2,81.7,45.8,76.1,48.4,78.2,47.4,67.6,90.0,72.5,46.1,83.4,45.2,65.2,40.0,40.0,40.0,40.0,40.0,40.0,40.0,37.0,137,129,133,147,140,142,131,75,83,79,65,72,70,81,145,147,Không,Không,Không,Không,Không,Không,Không,Không,Không,Không,Không,Không,Không,Không,Không,Không,Không,Không,Không,Không,Không,Không,Không,Không,147,147,42.282,39.305,36.819,2.510,65.0,85.0,134.0,134.0,44.000,43.9,53.9,29.7,50.9,31.7,54.0,31.3,46.1,61.6,49.4,30.1,54.0,34.5,16.4,14.8,22.1,19.1,4.3,20.0,18.0,1593.7,16.00,22,22,22,52,74,880,2,Đúng,Không,Không,Không,Không,Không,Không,Không,Không,Không,Không,Không,Đúng,Đúng,Không,Không,Không,Không,Không,Không,Không,Không,Không,Không,Không,Không,Không,Không,Không,Không,Không,Không,Không,Không,Không,Không,Không,Không,Không,Không,Không,172.4,117,136,140,153,1.020,3.285,11.952,5.010,0.024,1.296,1.212,3.360,3.144,3.072,1573,0,0,Đúng,120,Không,Không,115,92.0,Không,Không,8828,12973,45315,127,87.0,100.0,Không,Không,46186,41442,100.0,100.0,100.0,56.553,1.183,29403,22211,0.2,0.0,0.2,0.105,0.048,388,697,9.5,0.9,10.5,12.280,2.369,24870,80399,113.6,128.0,181.4,0.675,6.282,4.898,12.000,0.076,6.024,6.206,0.183,19.600,19.600,139.0,405.0,544.0,134.1,403.1,20.0,18.0,0.0,5.0,41.2,5.3,10.6,0.0,51,Đúng,Không,Không,Không,Không,Đúng,Không,7,0,0,0,0,0,0,0,0,197,0,0,0,0,0,0,0,0,0,0,0,0,0,0,0,0,0,0,0,0,2407,1689,1612,129,2.5,75.0,81.8,69.3,61.9,61.1,61.1,75.0,75.5,74.6,74.5,74.5,74.5,13.33,14.46,12.22,10.84,16.37,16.37,0.86,0.36,13.21,0.12,0.17,16677,1510,218.7,8.3,0,37.4,52,
8.10.2026,20:7:1.432,30242,65877,31.4,24330,24684,49.6,1.0,47104,461,1.049,1.062,1.044,1.058,1.040,1.047,1.045,3984.3,3984.3,3984.3,3984.3,3984.3,3984.3,3984.3,99.6,3685.5,996.1,1303.0,2486.8,814.0,2398.8,870.9,1172.9,962.3,1848.0,1011.8,1115.7,840.4,1326.8,787.7,1303.0,32.7,63.0,20.4,59.7,21.4,29.3,23.5,45.8,23.8,28.3,20.2,33.0,23.6,63.0,32.7,100.0,46.6,88.2,29.0,83.8,30.7,42.6,33.8,64.7,34.0,41.2,29.6,47.4,33.9,46.6,40.0,40.0,40.0,40.0,40.0,40.0,40.0,37.0,134,126,147,133,135,133,133,78,86,65,79,77,79,79,149,147,Không,Không,Không,Không,Không,Không,Không,Không,Không,Không,Không,Không,Không,Không,Không,Không,Không,Không,Không,Không,Không,Không,Không,Không,149,149,22.102,38.859,36.378,2.516,65.0,85.0,134.0,134.0,22.000,32.6,62.3,20.4,60.1,21.8,29.4,24.1,46.3,25.4,28.0,21.1,33.2,19.7,35.3,19.0,25.7,43.6,32.7,48.7,42.4,1593.7,16.00,22,22,22,52,74,880,2,Đúng,Không,Không,Không,Không,Không,Không,Không,Không,Không,Không,Không,Đúng,Đúng,Không,Không,Không,Không,Không,Không,Không,Không,Không,Không,Không,Không,Không,Không,Không,Không,Không,Không,Không,Không,Không,Không,Không,Không,Không,Không,Không,170.6,117,136,144,154,1.032,3.324,11.880,4.980,0.024,1.320,1.212,3.360,3.144,3.072,1562,0,0,Đúng,120,Không,Không,115,92.0,Không,Không,8828,12973,45315,127,87.0,100.0,Không,Không,46186,41442,100.0,93.8,100.0,12.904,1.820,29467,22223,0.1,0.0,0.1,0.041,0.023,388,697,3.0,0.5,3.5,4.394,2.504,24879,80408,114.0,128.4,181.4,0.675,6.283,4.898,12.000,0.076,6.024,6.207,0.184,19.600,19.600,139.0,405.0,544.0,134.1,403.8,23.0,19.0,0.0,6.0,41.2,5.2,10.5,0.0,51,Đúng,Không,Không,Không,Không,Đúng,Không,7,0,0,0,0,0,0,0,0,197,0,0,0,0,0,0,0,0,0,0,0,0,0,0,0,0,0,0,0,0,2407,1689,1612,130,2.5,75.0,76.5,73.8,73.8,73.8,73.8,75.0,75.2,74.7,74.6,74.5,74.5,13.34,13.57,13.03,13.02,13.60,13.60,0.78,0.19,13.22,0.12,0.08,16677,1510,141.0,19.8,0,37.4,52,
8.10.2026,20:7:5.490,30223,65896,31.4,24318,24696,49.6,1.0,47104,461,1.049,1.056,1.047,1.052,1.051,1.046,1.046,3984.3,3984.3,3984.3,3984.3,3984.3,3984.3,3984.3,99.6,3685.5,996.1,1842.0,2349.0,1331.1,2087.9,1469.5,1858.2,1205.9,2481.6,1899.8,1771.2,1352.3,1780.0,2517.0,1842.0,47.1,60.4,34.2,53.1,37.5,46.7,31.2,62.8,48.7,44.6,34.7,55.6,56.1,62.8,47.1,100.0,66.0,84.5,47.7,74.8,52.6,66.1,44.0,87.3,67.8,63.2,48.6,77.4,77.9,66.0,40.0,40.0,40.0,40.0,40.0,40.0,40.0,37.0,140,138,147,145,133,140,138,72,74,65,67,79,72,74,151,147,Không,Không,Không,Không,Không,Không,Không,Không,Không,Không,Không,Không,Không,Không,Không,Không,Không,Không,Không,Không,Không,Không,Không,Không,149,149,50.930,36.475,34.030,2.473,65.0,85.0,134.0,134.0,49.000,46.2,58.9,33.4,52.3,36.8,46.6,30.2,62.2,47.6,44.4,33.9,44.6,63.1,14.6,9.4,15.9,25.9,2.9,24.8,8.6,1593.7,16.00,22,22,22,52,74,880,2,Đúng,Không,Không,Không,Không,Không,Không,Không,Không,Không,Không,Không,Đúng,Đúng,Không,Không,Không,Không,Không,Không,Không,Không,Không,Không,Không,Không,Không,Không,Không,Không,Không,Không,Không,Không,Không,Không,Không,Không,Không,Không,Không,170.6,117,136,144,153,1.044,3.285,11.880,4.980,0.024,1.308,1.212,3.360,3.144,3.072,1558,0,0,Đúng,120,Không,Không,115,92.0,Không,Không,8828,12973,45315,129,87.0,100.0,Không,Không,46186,41442,100.0,100.0,100.0,8.415,2.650,29508,22230,0.0,0.0,0.0,0.000,0.016,388,697,2.2,4.0,6.2,2.677,19.419,24888,80450,113.7,128.1,181.4,0.675,6.291,4.901,12.000,0.076,6.024,6.215,0.191,19.600,19.600,139.0,405.0,544.0,134.1,402.5,19.0,17.0,0.0,4.0,41.2,5.3,10.6,0.0,51,Đúng,Không,Không,Không,Không,Đúng,Không,7,0,0,0,0,0,0,0,0,197,0,0,0,0,0,0,0,0,0,0,0,0,0,0,0,0,0,0,0,0,2407,1689,1612,130,2.5,75.0,76.7,73.1,72.4,72.3,72.3,75.0,75.5,74.5,74.3,74.3,74.3,13.34,13.71,13.04,13.02,13.81,13.81,0.78,0.18,13.21,0.13,0.12,16678,1510,41.9,7.0,0,37.4,52,
8.10.2026,20:7:9.373,30213,65905,31.4,24297,24717,49.5,1.0,47104,461,1.045,1.046,1.047,1.041,1.044,1.046,1.049,3984.3,3984.3,3984.3,3984.3,3984.3,3984.3,3984.3,99.6,3685.5,996.1,1635.9,1640.7,1097.3,1755.4,1170.9,1583.9,1747.6,1353.2,2487.1,2099.9,1065.2,1530.9,2099.2,1635.9,40.8,42.2,35.1,43.5,29.9,41.8,43.2,33.2,56.4,51.1,26.1,40.2,47.3,56.4,40.8,100.0,57.7,60.3,49.4,62.0,42.6,59.1,60.6,47.2,78.7,72.0,37.2,56.9,66.2,57.7,40.0,40.0,40.0,40.0,40.0,40.0,40.0,37.0,142,138,147,145,142,138,138,70,74,65,67,70,74,74,144,147,Không,Không,Không,Không,Không,Không,Không,Không,Không,Không,Không,Không,Không,Không,Không,Không,Không,Không,Không,Không,Không,Không,Không,Không,140,140,39.399,43.090,40.552,2.562,65.0,85.0,134.0,134.0,38.000,41.0,41.1,27.5,44.0,29.3,39.7,43.8,33.9,62.3,52.6,26.7,38.4,52.6,23.8,29.4,32.7,23.5,17.5,21.5,18.2,1593.7,16.00,22,22,22,52,74,880,2,Đúng,Không,Không,Không,Không,Không,Không,Không,Không,Không,Không,Không,Đúng,Đúng,Không,Không,Không,Không,Không,Không,Không,Không,Không,Không,Không,Không,Không,Không,Không,Không,Không,Không,Không,Không,Không,Không,Không,Không,Không,Không,Không,168.8,117,136,142,153,1.020,3.285,11.952,5.010,0.024,1.308,1.212,3.360,3.144,3.072,1562,0,0,Đúng,120,Không,Không,115,92.0,Không,Không,8828,12973,45315,127,87.0,100.0,Không,Không,46186,41442,100.0,89.3,100.0,9.314,2.139,29537,22237,0.0,0.0,0.0,0.000,0.064,388,698,0.2,0.3,0.5,0.141,0.369,24888,80452,113.9,128.3,181.4,0.675,6.286,4.899,12.000,0.076,6.024,6.210,0.187,19.600,19.600,139.0,405.0,544.0,134.1,402.3,23.0,19.0,0.0,6.0,41.2,5.2,10.4,0.0,51,Đúng,Không,Không,Không,Không,Đúng,Không,7,0,0,0,0,0,0,0,0,197,0,0,0,0,0,0,0,0,0,0,0,0,0,0,0,0,0,0,0,0,2407,1689,1615,130,2.5,75.0,76.0,74.1,74.1,74.1,74.1,75.0,75.3,74.6,74.5,74.5,74.5,13.33,13.52,13.13,13.08,13.52,13.52,0.81,0.18,13.21,0.12,0.08,16678,1510,120.5,1.6,0,37.4,52,
8.10.2026,20:7:13.307,30203,65915,31.4,24292,24722,49.5,1.0,47104,461,1.046,1.043,1.049,1.048,1.039,1.048,1.047,3984.3,3984.3,3984.3,3984.3,3984.3,3984.3,3984.3,99.6,3685.5,996.1,1554.5,1857.9,1064.5,1778.9,1414.8,1579.6,1159.6,1796.6,1062.0,2131.1,1084.8,2503.8,1220.1,1554.5,39.3,47.9,27.5,44.9,36.0,40.1,49.8,42.0,25.1,46.3,26.8,56.9,27.6,56.9,39.3,100.0,55.6,68.1,39.0,63.7,50.8,56.7,69.6,60.4,36.0,65.4,38.2,79.8,39.0,55.6,40.0,40.0,40.0,40.0,40.0,40.0,40.0,37.0,137,145,138,133,140,136,131,75,67,74,79,72,76,81,145,145,Không,Không,Không,Không,Không,Không,Không,Không,Không,Không,Không,Không,Không,Không,Không,Không,Không,Không,Không,Không,Không,Không,Không,Không,142,142,43.243,42.536,40.025,2.531,65.0,85.0,134.0,134.0,43.000,38.9,46.6,26.7,44.6,35.4,39.6,29.1,45.0,26.6,53.4,27.2,62.7,30.6,23.0,28.4,23.0,19.6,23.9,26.2,17.0,1593.7,16.00,22,22,22,52,74,880,2,Đúng,Không,Không,Không,Không,Không,Không,Không,Không,Không,Không,Không,Đúng,Đúng,Không,Không,Không,Không,Không,Không,Không,Không,Không,Không,Không,Không,Không,Không,Không,Không,Không,Không,Không,Không,Không,Không,Không,Không,Không,Không,Không,170.6,117,136,142,153,1.008,3.344,11.880,4.950,0.024,1.308,1.212,3.360,3.144,3.072,1580,0,0,Đúng,120,Không,Không,115,92.0,Không,Không,8828,12973,45315,127,87.0,100.0,Không,Không,46186,41442,100.0,91.3,100.0,14.138,1.879,29591,22245,0.2,0.0,0.2,0.093,0.015,389,698,0.6,0.1,0.7,0.184,0.198,24893,80453,113.7,128.1,181.4,0.675,6.286,4.899,12.000,0.076,6.024,6.210,0.187,19.600,19.600,139.0,405.0,544.0,134.1,402.5,22.0,19.0,0.0,5.0,41.2,5.2,10.3,0.0,51,Đúng,Không,Không,Không,Không,Đúng,Không,7,0,0,0,0,0,0,0,0,197,0,0,0,0,0,0,0,0,0,0,0,0,0,0,0,0,0,0,0,0,2407,1689,1612,130,2.5,75.0,76.4,73.8,73.5,73.4,73.4,75.0,75.5,74.4,74.3,74.3,74.3,13.33,13.57,13.06,13.06,13.65,13.65,0.74,0.35,13.21,0.13,0.09,16679,1510,201.8,6.2,0,37.4,52,
8.10.2026,20:7:17.090,30236,65882,31.4,24329,24685,49.6,1.0,47104,461,1.048,1.053,1.045,1.036,1.055,1.048,1.052,3984.3,3984.3,3984.3,3984.3,3984.3,3984.3,3984.3,99.6,3685.5,996.1,2013.8,2336.0,1725.5,2381.1,1835.7,2196.4,2189.5,2278.5,1717.2,2186.4,1336.1,2536.0,1446.6,2013.8,52.0,60.7,44.6,61.0,47.1,56.3,55.9,59.1,43.5,54.0,36.5,67.6,37.6,67.6,52.0,100.0,73.7,85.8,63.1,86.4,67.0,79.5,78.8,83.3,61.8,76.9,52.6,95.0,53.8,73.7,40.0,40.0,40.0,40.0,40.0,40.0,40.0,37.0,139,138,144,140,138,145,127,73,74,68,72,74,67,85,144,145,Không,Không,Không,Không,Không,Không,Không,Không,Không,Không,Không,Không,Không,Không,Không,Không,Không,Không,Không,Không,Không,Không,Không,Không,145,145,36.516,37.397,35.004,2.415,65.0,85.0,134.0,134.0,37.000,50.5,58.5,43.2,59.7,46.0,55.0,54.8,57.1,43.0,54.8,33.5,63.5,36.2,10.5,9.0,9.8,7.1,9.8,15.3,12.0,1593.7,16.00,22,22,22,52,74,880,2,Đúng,Không,Không,Không,Không,Không,Không,Không,Không,Không,Không,Không,Đúng,Đúng,Không,Không,Không,Không,Không,Không,Không,Không,Không,Không,Không,Không,Không,Không,Không,Không,Không,Không,Không,Không,Không,Không,Không,Không,Không,Không,Không,172.4,117,136,142,154,1.008,3.265,11.880,4.950,0.024,1.308,1.212,3.360,3.144,3.072,1562,0,0,Đúng,120,Không,Không,115,92.0,Không,Không,8828,12973,45315,127,87.0,100.0,Không,Không,46186,41442,100.0,72.2,100.0,14.561,1.706,29622,22249,0.1,0.1,0.2,0.064,0.076,389,698,0.3,0.5,0.8,0.101,0.248,24893,80453,113.7,128.1,181.4,0.675,6.283,4.898,12.000,0.076,6.024,6.207,0.184,19.600,19.600,139.0,405.0,544.0,134.1,402.8,21.0,18.0,0.0,5.0,41.2,5.4,10.8,0.0,51,Đúng,Không,Không,Không,Không,Đúng,Không,7,0,0,0,0,0,0,0,0,197,0,0,0,0,0,0,0,0,0,0,0,0,0,0,0,0,0,0,0,0,2407,1689,1612,130,2.5,75.0,76.2,73.7,73.7,73.7,73.7,75.0,75.5,74.6,74.6,74.6,74.6,13.33,13.60,13.11,13.10,13.61,13.61,0.77,0.19,13.21,0.13,0.11,16679,1510,294.4,11.8,0,37.4,52,
8.10.2026,20:7:21.853,30170,65948,31.3,24297,24717,49.5,1.0,47104,461,1.050,1.054,1.056,1.046,1.047,1.049,1.047,3984.3,3984.3,3984.3,3984.3,3984.3,3984.3,3984.3,99.6,3685.5,996.1,1829.0,2239.7,1412.4,1819.1,1588.6,1736.4,1546.2,1607.7,3398.8,1686.7,1405.8,1784.6,1722.3,1829.0,44.9,57.5,35.3,45.8,39.8,51.6,35.1,35.9,77.2,43.2,32.2,42.2,42.5,77.2,44.9,100.0,63.9,81.5,50.4,65.8,56.9,73.3,50.3,51.3,107.3,62.0,46.5,60.5,60.4,63.9,40.0,40.0,40.0,40.0,40.0,40.0,40.0,37.0,141,136,144,144,144,136,140,71,76,68,68,68,76,72,147,144,Không,Không,Không,Không,Không,Không,Không,Không,Không,Không,Không,Không,Không,Không,Không,Không,Không,Không,Không,Không,Không,Không,Không,Không,144,144,52.852,42.693,40.179,2.526,65.0,85.0,134.0,134.0,56.000,45.8,56.1,35.4,45.6,39.8,43.5,38.7,40.3,85.2,42.3,35.2,44.7,43.2,18.3,12.0,24.0,24.1,1.4,27.1,21.2,1593.7,16.00,22,22,22,52,74,880,2,Đúng,Không,Không,Không,Không,Không,Không,Không,Không,Không,Không,Không,Đúng,Đúng,Không,Không,Không,Không,Không,Không,Không,Không,Không,Không,Không,Không,Không,Không,Không,Không,Không,Không,Không,Không,Không,Không,Không,Không,Không,Không,Không,172.4,117,136,142,154,1.008,3.265,11.952,5.040,0.024,1.308,1.212,3.360,3.144,3.072,1566,0,0,Đúng,120,Không,Không,115,92.0,Không,Không,8828,12973,45315,126,87.0,100.0,Không,Không,46186,41442,100.0,90.0,100.0,23.428,1.660,29764,22259,0.2,0.0,0.2,0.076,0.033,389,698,0.3,1.4,1.7,0.087,0.132,24898,80458,113.7,128.1,181.4,0.675,6.287,4.900,12.000,0.076,6.024,6.211,0.188,19.600,19.600,139.0,405.0,544.0,134.1,402.6,21.0,18.0,0.0,5.0,41.2,5.2,10.3,0.0,51,Đúng,Không,Không,Không,Không,Đúng,Không,7,0,0,0,0,0,0,0,0,197,0,0,0,0,0,0,0,0,0,0,0,0,0,0,0,0,0,0,0,0,2407,1689,1612,129,2.5,75.0,76.4,73.8,73.4,73.3,73.3,75.0,75.3,74.7,74.5,74.5,74.5,13.34,13.56,13.09,13.06,13.65,13.65,0.80,0.18,13.21,0.13,0.10,16680,1510,85.8,7.7,0,37.4,52,
8.10.2026,20:7:26.850,30216,65903,31.4,24359,24655,49.6,1.0,47104,461,1.048,1.046,1.046,1.048,1.051,1.050,1.045,3984.3,3984.3,3984.3,3984.3,3984.3,3984.3,3984.3,99.6,3685.5,996.1,1423.7,1661.0,994.2,1583.0,1059.9,1309.0,1104.7,2076.9,1975.6,1394.5,1068.2,1775.1,1082.0,1423.7,37.1,43.2,25.6,40.4,27.0,33.2,28.3,52.6,49.0,44.5,32.7,44.2,24.1,52.6,37.1,100.0,53.0,62.1,36.9,58.1,39.0,48.1,40.9,73.9,68.7,63.5,46.9,63.1,34.9,53.0,40.0,40.0,40.0,40.0,40.0,40.0,40.0,37.0,141,145,147,145,140,136,133,71,67,65,67,72,76,79,145,147,Không,Không,Không,Không,Không,Không,Không,Không,Không,Không,Không,Không,Không,Không,Không,Không,Không,Không,Không,Không,Không,Không,Không,Không,145,145,45.165,47.815,45.255,2.583,65.0,85.0,134.0,134.0,45.000,35.7,41.7,24.9,39.7,26.6,32.8,27.7,52.0,49.5,34.9,26.8,44.5,27.1,28.7,28.8,31.3,37.5,11.4,30.2,33.0,1593.7,16.00,22,22,22,52,74,880,2,Đúng,Không,Không,Không,Không,Không,Không,Không,Không,Không,Không,Không,Đúng,Đúng,Không,Không,Không,Không,Không,Không,Không,Không,Không,Không,Không,Không,Không,Không,Không,Không,Không,Không,Không,Không,Không,Không,Không,Không,Không,Không,Không,170.6,117,136,142,154,1.020,3.344,11.880,4.980,0.024,1.308,1.212,3.360,3.144,3.072,1577,0,0,Đúng,120,Không,Không,115,92.0,Không,Không,8828,12973,45315,127,87.0,100.0,Không,Không,46186,41442,100.0,93.8,100.0,45.956,2.442,29914,22265,0.2,0.0,0.2,0.105,0.050,389,699,9.7,0.8,10.4,12.496,1.551,24920,80469,113.6,128.0,181.4,0.675,6.287,4.900,12.000,0.076,6.024,6.211,0.188,19.600,19.600,139.0,405.0,544.0,134.1,402.8,20.0,18.0,0.0,5.0,41.2,5.4,10.7,0.0,51,Đúng,Không,Không,Không,Không,Đúng,Không,7,0,0,0,0,0,0,0,0,197,0,0,0,0,0,0,0,0,0,0,0,0,0,0,0,0,0,0,0,0,2407,1689,1612,129,2.5,75.0,81.5,69.5,61.9,61.1,61.1,75.0,75.4,74.7,74.6,74.6,74.6,13.33,14.42,12.30,11.28,16.32,16.32,0.75,0.18,13.21,0.12,0.18,16680,1510,89.8,9.5,0,37.4,52,
8.10.2026,20:7:33.225,30228,65891,31.4,24335,24679,49.6,1.0,47104,461,1.055,1.058,1.052,1.052,1.051,1.057,1.057,3984.3,3984.3,3984.3,3984.3,3984.3,3984.3,3984.3,99.6,3685.5,996.1,1333.9,1698.7,1033.4,1323.8,1208.3,2700.9,784.3,1914.9,934.7,1254.7,791.5,1409.5,952.3,1333.9,34.9,44.8,26.7,34.3,31.2,69.4,22.4,49.5,24.6,32.7,21.7,36.5,25.0,69.4,34.9,100.0,49.7,63.8,37.8,49.6,44.4,96.9,32.1,70.1,35.2,47.5,31.4,52.3,35.7,49.7,40.0,40.0,40.0,40.0,40.0,40.0,40.0,37.0,136,136,145,135,133,135,135,76,76,67,77,79,77,77,145,145,Không,Không,Không,Không,Không,Không,Không,Không,Không,Không,Không,Không,Không,Không,Không,Không,Không,Không,Không,Không,Không,Không,Không,Không,144,144,51.891,33.064,30.697,2.402,65.0,85.0,134.0,134.0,52.000,33.4,42.6,25.9,33.2,30.3,67.7,19.7,48.0,23.4,31.4,19.8,35.3,23.9,33.3,31.5,37.8,16.6,28.1,44.7,40.9,1593.7,16.00,22,22,22,52,74,880,2,Đúng,Không,Không,Không,Không,Không,Không,Không,Không,Không,Không,Không,Đúng,Đúng,Không,Không,Không,Không,Không,Không,Không,Không,Không,Không,Không,Không,Không,Không,Không,Không,Không,Không,Không,Không,Không,Không,Không,Không,Không,Không,Không,170.6,117,136,140,153,1.020,3.344,11.880,4.980,0.024,1.308,1.212,3.360,3.144,3.072,1544,0,0,Đúng,120,Không,Không,115,92.0,Không,Không,8828,12973,45315,126,87.0,100.0,Không,Không,46186,41442,100.0,100.0,100.0,6.108,2.114,30102,22279,0.1,0.0,0.1,0.041,0.014,390,699,2.1,0.3,2.4,2.208,0.460,24930,80474,113.3,127.7,181.4,0.675,6.282,4.898,12.000,0.076,6.024,6.206,0.183,19.600,19.600,139.0,405.0,544.0,134.1,403.5,23.0,19.0,0.0,6.0,41.2,5.2,10.3,0.0,51,Đúng,Không,Không,Không,Không,Đúng,Không,7,0,0,0,0,0,0,0,0,197,0,0,0,0,0,0,0,0,0,0,0,0,0,0,0,0,0,0,0,0,2407,1689,1612,125,2.5,75.0,76.7,73.7,73.6,73.6,73.6,75.0,75.3,74.7,74.7,74.7,74.7,13.33,13.57,13.02,13.02,13.63,13.63,0.81,0.36,13.21,0.12,0.10,16681,1510,139.6,7.0,0,37.4,52,
8.10.2026,20:7:37.900,30259,65859,31.4,24350,24664,49.6,1.0,47104,461,1.050,1.051,1.051,1.044,1.053,1.053,1.051,3984.3,3984.3,3984.3,3984.3,3984.3,3984.3,3984.3,99.6,3685.5,996.1,1810.8,2155.8,1294.2,2424.2,1527.6,1864.4,1498.4,1835.8,1978.0,1769.3,1540.1,1809.3,2032.8,1810.8,46.7,57.0,33.9,63.7,38.7,48.0,38.0,47.6,50.2,45.0,42.3,46.1,49.4,63.7,46.7,100.0,66.4,81.0,48.5,89.8,55.2,68.7,54.4,67.7,70.8,64.5,60.1,65.6,69.9,66.4,40.0,40.0,40.0,40.0,40.0,40.0,40.0,37.0,138,131,147,144,142,135,133,74,81,65,68,70,77,79,145,147,Không,Không,Không,Không,Không,Không,Không,Không,Không,Không,Không,Không,Không,Không,Không,Không,Không,Không,Không,Không,Không,Không,Không,Không,142,142,47.087,35.587,33.161,2.454,65.0,85.0,134.0,134.0,49.000,45.4,54.0,32.4,60.7,38.3,46.7,37.5,46.0,49.6,44.3,38.6,45.3,50.9,15.8,16.2,11.0,24.3,13.0,20.1,10.4,1593.7,16.00,22,22,22,52,74,880,2,Đúng,Không,Không,Không,Không,Không,Không,Không,Không,Không,Không,Không,Đúng,Đúng,Không,Không,Không,Không,Không,Không,Không,Không,Không,Không,Không,Không,Không,Không,Không,Không,Không,Không,Không,Không,Không,Không,Không,Không,Không,Không,Không,168.8,117,136,140,153,1.032,3.285,11.880,4.980,0.024,1.308,1.212,3.360,3.144,3.072,1548,0,0,Đúng,120,Không,Không,115,92.0,Không,Không,8828,12973,45315,127,87.0,100.0,Không,Không,46186,41442,100.0,88.7,100.0,22.985,1.667,30169,22286,0.2,0.0,0.2,0.087,0.041,390,699,0.4,0.3,0.7,0.263,0.709,24949,80475,113.4,127.8,181.4,0.675,6.282,4.898,12.000,0.076,6.024,6.206,0.183,19.600,19.600,139.0,405.0,544.0,134.1,402.2,19.0,18.0,0.0,4.0,41.2,5.4,10.8,0.0,51,Đúng,Không,Không,Không,Không,Đúng,Không,7,0,0,0,0,0,0,0,0,197,0,0,0,0,0,0,0,0,0,0,0,0,0,0,0,0,0,0,0,0,2407,1689,1612,125,2.5,75.0,76.3,74.2,74.1,74.1,74.1,75.0,75.4,74.7,74.6,74.6,74.6,13.34,13.57,13.04,13.02,13.60,13.60,0.80,0.18,13.21,0.13,0.09,16682,1510,243.0,4.9,0,37.4,52,
8.10.2026,20:7:41.641,30217,65901,31.4,24321,24693,49.6,1.0,47104,461,1.050,1.051,1.047,1.052,1.052,1.048,1.047,3984.3,3984.3,3984.3,3984.3,3984.3,3984.3,3984.3,99.6,3685.5,996.1,2305.3,2529.1,1837.9,2399.7,2644.7,2748.7,1908.2,2769.3,2122.0,2274.4,1819.5,2325.9,2284.8,2305.3,59.8,66.7,48.0,61.9,68.3,71.0,49.4,71.7,54.5,59.5,47.4,60.6,58.5,71.7,59.8,100.0,84.5,94.1,68.3,87.6,96.0,99.8,70.3,100.5,77.0,84.5,67.8,85.6,82.5,84.5,40.0,40.0,40.0,40.0,40.0,40.0,40.0,37.0,141,142,144,145,138,136,142,71,70,68,67,74,76,70,145,145,Không,Không,Không,Không,Không,Không,Không,Không,Không,Không,Không,Không,Không,Không,Không,Không,Không,Không,Không,Không,Không,Không,Không,Không,144,144,45.165,39.081,36.616,2.494,65.0,85.0,134.0,134.0,44.000,57.8,63.4,46.1,60.1,66.3,68.9,47.8,69.4,53.2,57.0,45.6,58.3,57.2,5.8,6.4,2.7,4.3,4.7,11.3,5.5,1593.7,16.00,22,22,22,52,74,880,2,Đúng,Không,Không,Không,Không,Không,Không,Không,Không,Không,Không,Không,Đúng,Đúng,Không,Không,Không,Không,Không,Không,Không,Không,Không,Không,Không,Không,Không,Không,Không,Không,Không,Không,Không,Không,Không,Không,Không,Không,Không,Không,Không,168.8,117,136,144,153,1.020,3.285,11.880,4.980,0.024,1.308,1.212,3.360,3.144,3.072,1580,0,0,Đúng,120,Không,Không,115,92.0,Không,Không,8828,12973,45315,127,87.0,100.0,Không,Không,46186,41442,100.0,100.0,100.0,16.743,2.311,30235,22293,0.1,0.0,0.2,0.061,0.079,390,700,0.2,3.4,3.6,0.178,17.961,24954,80512,114.3,128.7,181.4,0.781,6.364,4.931,12.000,0.076,6.024,6.288,0.265,19.600,19.600,1151.5,1050.0,1037.5,253.0,1046.4,6.0,8.0,0.0,2.0,41.3,5.3,10.7,0.0,51,Đúng,Không,Không,Không,Không,Đúng,Không,7,0,0,0,0,0,0,0,0,198,0,0,0,0,0,0,0,0,0,0,0,0,0,0,0,0,0,0,0,0,2404,1692,1615,127,8.0,75.0,84.5,67.1,62.7,62.2,62.2,75.0,75.3,74.6,74.6,74.5,74.5,13.33,14.97,11.81,11.09,16.08,16.08,1.20,1.12,13.19,0.14,0.25,16683,1510,332.5,9.8,0,37.4,52,
8.10.2026,20:7:45.504,30220,65898,31.4,24321,24693,49.6,1.0,47104,461,1.051,1.045,1.051,1.051,1.047,1.055,1.056,3984.3,3984.3,3984.3,3984.3,3984.3,3984.3,3984.3,99.6,3685.5,996.1,1986.4,2566.1,1417.9,1777.9,2173.4,2049.4,1668.6,2097.1,1721.1,2298.7,1602.8,2438.9,2025.2,1986.4,51.0,67.0,37.5,48.6,55.9,57.0,42.1,53.5,47.9,57.9,37.1,59.1,47.8,67.0,51.0,100.0,72.2,94.2,53.4,69.6,78.5,80.7,60.1,76.2,67.6,81.9,53.0,83.3,67.5,72.2,40.0,40.0,40.0,40.0,40.0,40.0,40.0,37.0,139,140,140,144,136,135,140,73,72,72,68,76,77,72,142,144,Không,Không,Không,Không,Không,Không,Không,Không,Không,Không,Không,Không,Không,Không,Không,Không,Không,Không,Không,Không,Không,Không,Không,Không,145,145,38.438,42.219,40.757,1.486,65.0,85.0,134.0,134.0,41.000,49.8,64.2,35.5,44.5,54.5,51.4,41.8,52.5,43.1,57.6,40.2,61.1,50.7,12.6,7.3,14.8,17.8,13.3,10.0,12.5,1593.7,16.00,22,22,22,52,74,880,2,Đúng,Không,Không,Không,Không,Không,Không,Không,Không,Không,Không,Không,Đúng,Đúng,Không,Không,Không,Không,Không,Không,Không,Không,Không,Không,Không,Không,Không,Không,Không,Không,Không,Không,Không,Không,Không,Không,Không,Không,Không,Không,Không,170.6,117,136,144,153,1.008,3.324,11.808,4.920,0.024,1.308,1.212,3.360,3.144,3.072,1584,0,0,Đúng,120,Không,Không,115,92.0,Không,Không,8828,12973,45315,126,87.0,100.0,Không,Không,46186,41442,100.0,84.6,100.0,5.986,2.407,30278,22301,0.2,0.0,0.3,0.113,0.038,391,700,2.0,0.2,2.2,2.515,0.111,24959,80514,114.1,128.5,181.4,0.675,6.282,4.898,12.000,0.076,6.024,6.206,0.183,19.600,19.600,696.0,810.0,670.5,696.1,804.6,9.0,9.0,0.0,3.0,41.2,2.5,5.1,0.0,51,Đúng,Không,Không,Không,Không,Đúng,Không,7,0,0,0,0,0,0,0,0,199,0,0,0,0,0,0,0,0,0,0,0,0,0,0,0,0,0,0,0,0,2408,1688,1611,127,5.0,75.0,76.7,73.5,73.3,73.2,73.2,75.0,75.3,74.7,74.7,74.6,74.6,13.33,13.65,13.03,12.99,13.66,13.66,0.41,1.31,13.20,0.13,0.11,16683,1510,78.8,5.3,0,37.4,52,
8.10.2026,20:7:49.159,30227,65891,31.4,24326,24689,49.6,1.0,47104,461,1.044,1.064,1.029,1.040,1.034,1.046,1.048,3984.3,3984.3,3984.3,3984.3,3984.3,3984.3,3984.3,99.6,3685.5,996.1,2015.9,2557.3,1394.2,2673.3,1549.2,2427.2,1489.7,2253.5,1839.8,2330.7,1419.8,2060.7,2195.8,2015.9,51.3,65.4,35.6,67.6,39.2,61.4,37.8,57.0,44.4,59.1,36.6,52.5,59.3,67.6,51.3,100.0,72.4,91.8,50.4,95.1,55.7,86.7,53.8,80.5,62.6,83.4,51.9,74.2,82.7,72.4,40.0,40.0,40.0,40.0,40.0,40.0,40.0,37.0,134,127,133,129,145,136,135,78,85,79,83,67,76,77,145,145,Không,Không,Không,Không,Không,Không,Không,Không,Không,Không,Không,Không,Không,Không,Không,Không,Không,Không,Không,Không,Không,Không,Không,Không,142,142,44.204,41.784,40.007,1.805,65.0,85.0,134.0,134.0,47.000,50.5,64.0,34.9,67.0,38.8,60.8,37.3,56.5,46.1,58.4,35.6,51.6,55.0,4.9,2.4,1.6,6.5,6.2,6.8,6.2,1593.7,16.00,22,22,22,52,74,880,2,Đúng,Không,Không,Không,Không,Không,Không,Không,Không,Không,Không,Không,Đúng,Đúng,Không,Không,Không,Không,Không,Không,Không,Không,Không,Không,Không,Không,Không,Không,Không,Không,Không,Không,Không,Không,Không,Không,Không,Không,Không,Không,Không,170.6,117,136,144,154,1.044,3.285,11.880,4.980,0.024,1.308,1.212,3.360,3.144,3.072,1588,0,0,Đúng,120,Không,Không,115,92.0,Không,Không,8828,12973,45315,127,87.0,100.0,Không,Không,46186,41442,100.0,71.9,100.0,10.792,2.603,30299,22306,0.0,0.0,0.0,0.000,0.028,391,700,0.3,0.4,0.7,0.347,0.785,24959,80515,113.7,128.1,181.4,0.675,6.287,4.900,12.000,0.076,6.024,6.211,0.188,19.600,19.600,316.0,405.0,544.0,365.3,403.0,13.0,17.0,0.0,5.0,41.2,4.0,7.9,0.0,51,Đúng,Không,Không,Không,Không,Đúng,Không,7,0,0,0,0,0,0,0,0,200,0,0,0,0,0,0,0,0,0,0,0,0,0,0,0,0,0,0,0,0,2408,1688,1611,127,2.5,75.0,76.5,73.2,73.0,73.0,73.0,75.0,75.3,74.6,74.6,74.6,74.6,13.33,13.71,13.03,12.89,13.77,13.77,0.58,1.08,13.21,0.13,0.09,16683,1510,234.6,6.8,0,37.4,52,
8.10.2026,20:7:53.176,30220,65898,31.4,24315,24699,49.6,1.0,47104,461,1.053,1.055,1.050,1.051,1.052,1.054,1.054,3984.3,3984.3,3984.3,3984.3,3984.3,3984.3,3984.3,99.6,3685.5,996.1,1965.1,2643.6,1704.2,2642.7,1752.7,2099.2,1864.0,2163.4,1839.0,1828.2,1210.8,2089.9,1743.3,1965.1,51.8,67.3,43.0,66.7,44.2,56.3,45.7,55.1,46.9,53.9,39.8,58.9,43.6,67.3,51.8,100.0,73.3,94.5,60.6,93.8,62.4,79.5,64.7,78.0,66.0,76.6,57.3,83.8,62.2,73.3,40.0,40.0,40.0,40.0,40.0,40.0,40.0,37.0,140,133,151,136,136,140,142,72,79,61,76,76,72,70,153,151,Không,Không,Không,Không,Không,Không,Không,Không,Không,Không,Không,Không,Không,Không,Không,Không,Không,Không,Không,Không,Không,Không,Không,Không,142,142,48.048,43.721,41.195,2.548,65.0,85.0,134.0,134.0,50.000,49.2,66.1,42.7,66.2,43.9,52.6,46.6,54.2,46.1,45.8,30.3,52.3,43.7,12.5,4.6,4.8,13.2,15.4,22.0,15.1,1593.7,16.00,22,22,22,52,74,880,2,Đúng,Không,Không,Không,Không,Không,Không,Không,Không,Không,Không,Không,Đúng,Đúng,Không,Không,Không,Không,Không,Không,Không,Không,Không,Không,Không,Không,Không,Không,Không,Không,Không,Không,Không,Không,Không,Không,Không,Không,Không,Không,Không,170.6,117,136,145,154,1.008,3.324,11.808,4.950,0.024,1.308,1.212,3.360,3.144,3.072,1588,0,0,Đúng,120,Không,Không,115,92.0,Không,Không,8828,12973,45315,127,87.0,100.0,Không,Không,46186,41442,100.0,90.0,100.0,5.969,2.800,30325,22314,0.1,0.0,0.1,0.053,0.026,391,700,0.7,0.9,1.6,0.336,1.441,24965,80523,113.5,127.8,181.4,0.675,6.281,4.897,12.000,0.076,6.024,6.205,0.182,19.600,19.600,189.5,405.0,544.0,134.1,403.0,18.0,17.0,0.0,4.0,41.4,5.5,11.0,0.0,51,Đúng,Không,Không,Không,Không,Đúng,Không,7,0,0,0,0,0,0,0,0,200,0,0,0,0,0,0,0,0,0,0,0,0,0,0,0,0,0,0,0,0,2401,1695,1618,128,2.5,75.0,77.2,73.1,73.1,73.1,73.1,75.0,75.4,74.6,74.6,74.6,74.6,13.33,13.69,12.94,12.89,13.69,13.69,0.81,0.19,13.21,0.13,0.12,16684,1510,78.4,11.5,0,39.2,52,
8.10.2026,20:7:56.923,30230,65888,31.4,24331,24684,49.6,1.0,47104,461,1.047,1.047,1.043,1.053,1.042,1.047,1.048,3984.3,3984.3,3984.3,3984.3,3984.3,3984.3,3984.3,99.6,3685.5,996.1,1801.9,2184.6,1345.4,2316.5,1581.2,2177.3,1801.4,1911.4,2121.7,1552.7,1376.3,1705.8,1548.0,1801.9,46.8,55.9,33.9,58.1,39.8,55.0,45.1,48.3,52.6,46.2,33.5,57.7,35.3,58.1,46.8,100.0,66.1,78.8,47.9,82.1,56.5,77.5,63.6,68.5,73.7,65.8,48.0,81.1,50.0,66.1,40.0,40.0,40.0,40.0,40.0,40.0,40.0,37.0,138,138,144,135,142,136,135,74,74,68,77,70,76,77,142,144,Không,Không,Không,Không,Không,Không,Không,Không,Không,Không,Không,Không,Không,Không,Không,Không,Không,Không,Không,Không,Không,Không,Không,Không,145,145,44.204,46.691,44.164,2.555,65.0,85.0,134.0,134.0,47.000,45.1,54.8,33.7,58.0,39.6,54.6,45.1,47.9,53.2,38.9,34.5,42.7,38.8,16.1,11.8,11.1,9.4,14.8,29.4,20.0,1593.7,16.00,22,22,22,52,74,880,2,Đúng,Không,Không,Không,Không,Không,Không,Không,Không,Không,Không,Không,Đúng,Đúng,Không,Không,Không,Không,Không,Không,Không,Không,Không,Không,Không,Không,Không,Không,Không,Không,Không,Không,Không,Không,Không,Không,Không,Không,Không,Không,Không,170.6,117,136,144,154,1.008,3.324,11.808,4.980,0.024,1.308,1.212,3.360,3.144,3.072,1591,0,0,Đúng,120,Không,Không,115,92.0,Không,Không,8828,12973,45315,129,87.0,100.0,Không,Không,46186,41442,100.0,100.0,100.0,9.048,3.130,30370,22323,0.2,0.1,0.3,0.089,0.056,391,700,13.3,1.1,14.5,17.260,4.024,24990,80554,113.5,127.9,181.4,0.675,6.286,4.899,12.000,0.076,6.024,6.210,0.187,19.600,19.600,139.0,405.0,544.0,134.1,402.4,20.0,18.0,0.0,5.0,41.4,5.3,10.7,0.0,51,Đúng,Không,Không,Không,Không,Đúng,Không,7,0,0,0,0,0,0,0,0,200,0,0,0,0,0,0,0,0,0,0,0,0,0,0,0,0,0,0,0,0,2400,1696,1619,129,2.5,75.0,76.2,73.8,73.6,73.6,73.6,75.0,75.3,74.7,74.7,74.7,74.7,13.34,13.59,13.10,13.04,13.63,13.63,0.78,0.01,13.21,0.12,0.09,16684,1510,4.1,6.8,0,39.2,52,
8.10.2026,20:8:2.253,30173,65945,31.3,24275,24739,49.5,1.0,47104,461,1.048,1.067,1.046,1.034,1.034,1.057,1.049,3984.3,3984.3,3984.3,3984.3,3984.3,3984.3,3984.3,99.6,3685.5,996.1,1420.0,1726.2,882.6,1778.4,1015.1,3058.1,856.7,1436.2,1087.9,1815.5,848.5,1453.3,1081.4,1420.0,37.0,46.4,23.5,46.1,26.5,78.6,23.3,38.4,28.5,47.4,22.7,34.1,28.0,78.6,37.0,100.0,52.9,66.4,33.9,66.0,38.3,109.5,33.6,55.4,40.9,67.5,33.0,49.6,40.3,52.9,40.0,40.0,40.0,40.0,40.0,40.0,40.0,37.0,133,135,142,126,127,127,140,79,77,70,86,85,85,72,142,142,Không,Không,Không,Không,Không,Không,Không,Không,Không,Không,Không,Không,Không,Không,Không,Không,Không,Không,Không,Không,Không,Không,Không,Không,147,147,43.243,36.991,34.584,2.427,65.0,85.0,134.0,134.0,47.000,35.6,43.3,22.1,44.6,25.4,76.6,21.5,36.0,27.3,45.5,21.3,36.4,27.1,23.2,23.8,23.4,4.2,28.8,26.3,33.0,1593.7,16.00,22,22,22,52,74,880,2,Đúng,Không,Không,Không,Không,Không,Không,Không,Không,Không,Không,Không,Đúng,Đúng,Không,Không,Không,Không,Không,Không,Không,Không,Không,Không,Không,Không,Không,Không,Không,Không,Không,Không,Không,Không,Không,Không,Không,Không,Không,Không,Không,168.8,117,136,144,154,1.032,3.285,11.952,5.010,0.024,1.308,1.212,3.360,3.144,3.072,1573,0,0,Đúng,120,Không,Không,115,92.0,Không,Không,8828,12973,45315,127,87.0,100.0,Không,Không,46186,41442,100.0,100.0,100.0,25.649,0.921,30505,22331,0.2,0.1,0.2,0.087,0.064,391,701,0.3,0.5,0.8,0.060,0.709,24995,80563,113.5,127.8,181.4,0.675,6.286,4.899,12.000,0.076,6.024,6.210,0.186,19.600,19.600,139.0,405.0,544.0,134.1,402.2,20.0,18.0,0.0,5.0,41.4,5.5,11.0,0.0,51,Đúng,Không,Không,Không,Không,Đúng,Không,7,0,0,0,0,0,0,0,0,200,0,0,0,0,0,0,0,0,0,0,0,0,0,0,0,0,0,0,0,0,2400,1696,1619,129,2.5,75.0,76.7,73.5,73.3,73.3,73.3,75.0,75.3,74.7,74.6,74.6,74.6,13.33,13.71,12.94,12.92,13.78,13.78,0.77,0.36,13.21,0.13,0.11,16685,1511,4.6,7.1,0,37.4,52,
8.10.2026,20:8:5.202,30219,65899,31.4,24297,24717,49.5,1.0,47104,461,1.048,1.060,1.048,1.047,1.042,1.043,1.045,3984.3,3984.3,3984.3,3984.3,3984.3,3984.3,3984.3,99.6,3685.5,996.1,1485.0,2449.4,1104.9,1772.9,1872.4,1734.6,972.1,1438.3,1096.7,1426.8,974.0,1544.1,1433.3,1485.0,36.8,62.2,23.2,44.2,47.7,43.5,23.6,35.6,27.2,35.2,22.9,40.6,35.4,62.2,36.8,100.0,52.2,87.3,32.9,62.5,66.6,62.1,34.0,51.3,38.9,50.8,32.9,57.6,49.8,52.2,40.0,40.0,40.0,40.0,40.0,40.0,40.0,37.0,138,145,140,136,133,131,140,74,67,72,76,79,81,72,145,145,Không,Không,Không,Không,Không,Không,Không,Không,Không,Không,Không,Không,Không,Không,Không,Không,Không,Không,Không,Không,Không,Không,Không,Không,142,142,46.126,35.495,33.096,2.434,65.0,85.0,134.0,134.0,41.000,37.2,61.4,27.7,44.4,46.9,43.5,24.4,36.0,27.5,35.7,24.4,38.7,35.9,27.6,19.3,16.4,25.5,35.2,39.0,30.3,1593.7,16.00,22,22,22,52,74,880,2,Đúng,Không,Không,Không,Không,Không,Không,Không,Không,Không,Không,Không,Đúng,Đúng,Không,Không,Không,Không,Không,Không,Không,Không,Không,Không,Không,Không,Không,Không,Không,Không,Không,Không,Không,Không,Không,Không,Không,Không,Không,Không,Không,168.8,117,136,142,153,1.008,3.285,11.952,5.040,0.024,1.308,1.212,3.360,3.144,3.072,1555,0,0,Đúng,120,Không,Không,115,92.0,Không,Không,8828,12973,45315,127,87.0,100.0,Không,Không,46186,41442,100.0,62.8,100.0,15.798,1.948,30537,22335,0.1,0.0,0.1,0.039,0.013,392,701,0.3,0.2,0.5,0.200,0.352,24996,80564,113.4,127.8,181.4,0.675,6.279,4.897,12.000,0.076,6.024,6.203,0.180,19.600,19.600,139.0,405.0,544.0,134.1,401.8,20.0,18.0,0.0,5.0,41.4,5.2,10.4,0.0,51,Đúng,Không,Không,Không,Không,Đúng,Không,7,0,0,0,0,0,0,0,0,200,0,0,0,0,0,0,0,0,0,0,0,0,0,0,0,0,0,0,0,0,2400,1696,1619,129,2.5,75.0,76.2,73.8,73.5,73.5,73.5,75.0,75.3,74.7,74.7,74.7,74.7,13.34,13.57,13.10,13.02,13.61,13.61,0.82,0.01,13.21,0.12,0.09,16685,1511,6.5,7.3,0,37.4,52,
8.10.2026,20:8:10.451,30305,65813,31.5,24372,24642,49.7,1.0,47104,461,1.029,1.036,1.015,1.035,1.030,1.028,1.028,3984.3,3984.3,3984.3,3984.3,3984.3,3984.3,3984.3,99.6,3685.5,996.1,1379.2,1807.9,1269.3,1740.2,1126.6,1560.3,974.2,1330.9,1199.7,1748.7,904.9,1321.9,1565.2,1379.2,36.3,48.0,33.5,45.3,29.7,41.0,25.6,34.9,34.0,50.5,22.8,34.1,36.2,50.5,36.3,100.0,52.0,68.3,47.6,64.9,42.7,58.8,37.2,50.4,48.4,71.9,33.2,49.3,51.7,52.1,40.0,40.0,40.0,40.0,40.0,40.0,40.0,37.0,129,131,131,126,126,124,138,83,81,81,86,86,88,74,138,138,Không,Không,Không,Không,Không,Không,Không,Không,Không,Không,Không,Không,Không,Không,Không,Không,Không,Không,Không,Không,Không,Không,Không,Không,140,140,37.477,36.200,33.769,2.466,65.0,85.0,134.0,134.0,41.000,34.6,45.3,31.8,43.6,28.2,39.1,24.4,33.3,30.1,43.8,22.7,33.1,39.2,27.3,18.7,26.8,31.8,32.8,28.6,24.8,1593.7,16.00,22,22,22,52,74,880,2,Đúng,Không,Không,Không,Không,Không,Không,Không,Không,Không,Không,Không,Đúng,Đúng,Không,Không,Không,Không,Không,Không,Không,Không,Không,Không,Không,Không,Không,Không,Không,Không,Không,Không,Không,Không,Không,Không,Không,Không,Không,Không,Không,168.8,117,136,142,153,0.996,3.285,11.952,4.980,0.024,1.308,1.212,3.360,3.144,3.072,1551,0,0,Đúng,120,Không,Không,115,92.0,Không,Không,8828,12973,45315,126,87.0,100.0,Không,Không,46186,41442,100.0,86.6,100.0,60.423,1.786,30687,22347,0.2,0.0,0.2,0.080,0.057,392,701,2.1,0.4,2.5,2.491,0.085,25005,80565,113.3,127.7,181.4,0.675,6.286,4.899,12.000,0.076,6.024,6.210,0.186,19.600,19.600,139.0,405.0,544.0,134.1,402.5,19.0,18.0,0.0,5.0,41.4,5.2,10.4,0.0,51,Đúng,Không,Không,Không,Không,Đúng,Không,7,0,0,0,0,0,0,0,0,200,0,0,0,0,0,0,0,0,0,0,0,0,0,0,0,0,0,0,0,0,2400,1696,1619,129,2.5,75.0,76.2,73.5,73.3,73.3,73.3,75.0,75.3,74.7,74.6,74.6,74.6,13.33,13.63,13.11,13.10,13.67,13.67,0.78,0.01,13.21,0.12,0.09,16685,1511,61.9,2.6,0,37.4,52,
8.10.2026,20:8:14.858,30294,65824,31.5,24348,24666,49.6,1.0,47104,461,1.045,1.058,1.034,1.044,1.052,1.029,1.053,3984.3,3984.3,3984.3,3984.3,3984.3,3984.3,3984.3,99.6,3685.5,996.1,1409.2,1976.3,1036.4,1625.6,1021.2,1492.9,1044.9,2362.5,1358.6,1540.3,907.7,1305.4,1239.0,1409.2,37.5,52.6,27.0,42.9,26.6,39.1,27.5,60.2,35.8,49.9,22.7,35.9,29.8,60.2,37.5,100.0,53.8,74.9,38.9,62.0,38.8,56.5,39.9,84.7,51.0,71.1,33.2,52.3,42.3,53.8,40.0,40.0,40.0,40.0,40.0,40.0,40.0,37.0,128,124,129,127,140,122,126,84,88,83,85,72,90,86,138,140,Không,Không,Không,Không,Không,Không,Không,Không,Không,Không,Không,Không,Không,Không,Không,Không,Không,Không,Không,Không,Không,Không,Không,Không,142,142,35.555,33.612,31.243,2.406,65.0,85.0,134.0,134.0,40.000,35.3,49.5,26.0,40.7,25.6,37.4,26.2,59.2,34.0,38.6,22.7,32.7,31.0,22.8,13.8,26.4,29.4,8.2,26.8,32.3,1593.7,16.00,22,22,22,52,74,880,2,Đúng,Không,Không,Không,Không,Không,Không,Không,Không,Không,Không,Không,Đúng,Đúng,Không,Không,Không,Không,Không,Không,Không,Không,Không,Không,Không,Không,Không,Không,Không,Không,Không,Không,Không,Không,Không,Không,Không,Không,Không,Không,Không,168.8,117,136,140,153,1.032,3.344,11.880,4.980,0.024,1.308,1.212,3.360,3.144,3.072,1530,0,0,Đúng,120,Không,Không,115,92.0,Không,Không,8828,12973,45315,126,87.0,100.0,Không,Không,46186,41442,100.0,100.0,100.0,35.318,2.159,30826,22354,0.2,0.0,0.2,0.082,0.035,392,701,0.1,0.2,0.3,0.157,0.139,25005,80566,113.3,127.7,181.4,0.675,6.280,4.897,12.000,0.076,6.024,6.204,0.181,19.600,19.600,139.0,405.0,544.0,134.1,401.6,19.0,18.0,0.0,5.0,41.4,5.4,10.8,0.0,51,Đúng,Không,Không,Không,Không,Đúng,Không,7,0,0,0,0,0,0,0,0,200,0,0,0,0,0,0,0,0,0,0,0,0,0,0,0,0,0,0,0,0,2400,1696,1619,129,2.5,75.0,76.1,74.0,73.6,73.6,73.6,75.0,75.3,74.7,74.7,74.7,74.7,13.33,13.54,13.12,13.11,13.61,13.61,0.77,0.01,13.22,0.12,0.09,16686,1511,55.4,3.1,0,37.4,52,
8.10.2026,20:8:18.147,30327,65791,31.5,24417,24598,49.8,1.0,47104,461,1.049,1.049,1.048,1.047,1.046,1.056,1.051,3984.3,3984.3,3984.3,3984.3,3984.3,3984.3,3984.3,99.6,3685.5,996.1,2193.6,2737.4,1716.1,2529.1,2139.7,2407.6,1771.1,2944.7,2180.1,2231.4,1676.8,2136.9,1852.0,2193.6,58.4,71.8,45.1,65.7,55.4,62.7,48.8,77.1,58.4,60.7,46.8,58.1,50.5,77.1,58.4,100.0,82.5,100.6,64.1,92.5,78.4,88.5,69.1,107.7,82.0,86.0,66.8,82.3,71.5,82.5,40.0,40.0,40.0,40.0,40.0,40.0,40.0,37.0,136,135,144,133,138,133,133,76,77,68,79,74,79,79,145,144,Không,Không,Không,Không,Không,Không,Không,Không,Không,Không,Không,Không,Không,Không,Không,Không,Không,Không,Không,Không,Không,Không,Không,Không,142,142,45.165,38.307,35.900,2.430,65.0,85.0,134.0,134.0,41.000,54.9,68.5,43.0,63.4,53.6,60.3,44.4,73.7,54.6,55.9,42.0,53.5,46.4,8.3,0.1,6.7,8.1,0.0,15.9,19.3,1593.7,16.00,22,22,22,52,74,880,2,Đúng,Không,Không,Không,Không,Không,Không,Không,Không,Không,Không,Không,Đúng,Đúng,Không,Không,Không,Không,Không,Không,Không,Không,Không,Không,Không,Không,Không,Không,Không,Không,Không,Không,Không,Không,Không,Không,Không,Không,Không,Không,Không,168.8,117,136,144,153,1.032,3.285,11.880,4.950,0.024,1.308,1.212,3.360,3.144,3.072,1591,0,0,Đúng,120,Không,Không,115,92.0,Không,Không,8828,12973,45315,126,87.0,100.0,Không,Không,46186,41442,100.0,87.7,100.0,8.665,2.149,30901,22360,0.2,0.1,0.3,0.121,0.092,393,701,0.2,0.2,0.4,0.160,0.209,25010,80566,113.4,127.8,181.4,0.675,6.280,4.897,12.000,0.076,6.024,6.204,0.180,19.600,19.600,139.0,405.0,544.0,134.1,402.3,20.0,18.0,0.0,5.0,41.4,5.4,10.8,0.0,51,Đúng,Không,Không,Không,Không,Đúng,Không,7,0,0,0,0,0,0,0,0,200,0,0,0,0,0,0,0,0,0,0,0,0,0,0,0,0,0,0,0,0,2400,1696,1619,128,2.5,75.0,76.4,73.5,73.1,73.0,73.0,75.0,75.4,74.6,74.6,74.5,74.5,13.33,13.63,13.07,13.01,13.71,13.71,0.75,0.01,13.21,0.13,0.10,16686,1511,21.0,1.7,0,37.4,52,
8.10.2026,20:8:22.070,30294,65824,31.5,24387,24627,49.7,1.0,47104,461,1.051,1.046,1.045,1.050,1.058,1.058,1.048,3984.3,3984.3,3984.3,3984.3,3984.3,3984.3,3984.3,99.6,3685.5,996.1,2031.3,2326.9,1601.8,2349.4,1853.9,2416.1,1589.7,2876.5,1676.8,1983.7,1595.3,2178.3,1927.8,2031.3,52.9,61.4,42.3,61.3,48.3,63.0,42.5,74.1,43.7,51.9,41.0,53.3,51.5,74.1,52.9,100.0,74.9,86.7,60.1,86.7,68.6,89.0,60.8,103.4,62.0,74.0,58.6,75.6,72.7,74.9,40.0,40.0,40.0,40.0,40.0,40.0,40.0,37.0,136,135,144,136,133,126,140,76,77,68,76,79,86,72,144,144,Không,Không,Không,Không,Không,Không,Không,Không,Không,Không,Không,Không,Không,Không,Không,Không,Không,Không,Không,Không,Không,Không,Không,Không,145,145,34.594,39.969,37.536,2.476,65.0,85.0,134.0,134.0,35.000,50.9,58.3,40.1,58.9,46.5,60.5,39.8,72.1,42.0,49.7,40.0,54.6,48.3,7.5,4.6,3.2,6.4,4.3,17.4,9.4,1593.7,16.00,22,22,22,52,74,880,2,Đúng,Không,Không,Không,Không,Không,Không,Không,Không,Không,Không,Không,Đúng,Đúng,Không,Không,Không,Không,Không,Không,Không,Không,Không,Không,Không,Không,Không,Không,Không,Không,Không,Không,Không,Không,Không,Không,Không,Không,Không,Không,Không,172.4,115,136,144,154,1.008,3.285,11.808,4.980,0.024,1.308,1.212,3.360,3.144,3.072,1566,0,0,Đúng,120,Không,Không,115,92.0,Không,Không,8828,12973,45315,126,87.0,100.0,Không,Không,46186,41442,100.0,97.5,100.0,29.159,2.094,31012,22369,0.1,0.0,0.1,0.038,0.032,393,702,1.0,1.0,1.9,0.360,3.879,25011,80574,113.3,127.7,181.4,0.675,6.283,4.898,12.000,0.076,6.024,6.207,0.184,19.600,19.600,139.0,405.0,544.0,134.1,402.7,18.0,17.0,0.0,4.0,41.4,5.3,10.6,0.0,51,Đúng,Không,Không,Không,Không,Đúng,Không,7,0,0,0,0,0,0,0,0,200,0,0,0,0,0,0,0,0,0,0,0,0,0,0,0,0,0,0,0,0,2400,1696,1619,128,2.5,75.0,76.6,73.7,73.5,73.5,73.5,75.0,75.5,74.5,74.4,74.4,74.4,13.33,13.69,12.87,12.87,13.77,13.77,0.78,0.19,13.20,0.13,0.10,16686,1511,169.1,6.6,0,37.4,52,
8.10.2026,20:8:26.937,30362,65756,31.5,24422,24592,49.8,1.0,47104,461,1.051,1.057,1.043,1.046,1.051,1.060,1.049,3984.3,3984.3,3984.3,3984.3,3984.3,3984.3,3984.3,99.6,3685.5,996.1,2023.5,2463.0,1543.3,2301.2,1985.2,1938.5,2402.3,2448.4,1588.4,2449.8,1385.8,2086.6,1689.6,2023.5,53.2,64.8,40.2,59.3,51.6,50.9,63.9,60.0,42.2,65.0,37.9,55.8,46.3,65.0,53.2,100.0,75.1,91.2,57.1,83.8,72.9,72.1,89.6,84.7,59.9,91.6,54.2,79.0,65.6,75.1,40.0,40.0,40.0,40.0,40.0,40.0,40.0,37.0,136,135,133,145,138,136,131,76,77,79,67,74,76,81,145,145,Không,Không,Không,Không,Không,Không,Không,Không,Không,Không,Không,Không,Không,Không,Không,Không,Không,Không,Không,Không,Không,Không,Không,Không,144,144,39.399,45.593,43.069,2.546,65.0,85.0,134.0,134.0,42.000,50.7,61.7,38.7,57.7,49.7,48.6,60.2,61.3,39.8,61.4,34.7,52.3,42.3,7.2,7.0,6.6,2.1,6.0,6.1,15.3,1593.7,16.00,22,22,22,52,74,880,2,Đúng,Không,Không,Không,Không,Không,Không,Không,Không,Không,Không,Không,Đúng,Đúng,Không,Không,Không,Không,Không,Không,Không,Không,Không,Không,Không,Không,Không,Không,Không,Không,Không,Không,Không,Không,Không,Không,Không,Không,Không,Không,Không,170.6,117,136,145,154,1.020,3.285,11.880,4.980,0.024,1.308,1.212,3.360,3.144,3.072,1588,0,0,Đúng,120,Không,Không,115,92.0,Không,Không,8828,12973,45315,126,87.0,100.0,Không,Không,46186,41442,100.0,100.0,100.0,29.353,2.314,31091,22378,0.2,0.0,0.2,0.078,0.060,393,702,8.7,0.7,9.4,11.369,1.063,25034,80615,113.4,127.8,181.4,0.675,6.282,4.898,12.000,0.076,6.024,6.206,0.182,19.600,19.600,139.0,405.0,544.0,134.1,403.3,19.0,18.0,0.0,5.0,41.4,5.2,10.5,0.0,51,Đúng,Không,Không,Không,Không,Đúng,Không,7,0,0,0,0,0,0,0,0,200,0,0,0,0,0,0,0,0,0,0,0,0,0,0,0,0,0,0,0,0,2400,1696,1619,128,2.5,75.0,77.8,72.4,69.9,69.6,69.6,75.0,75.3,74.7,74.7,74.7,74.7,13.33,13.82,12.83,12.41,14.34,14.34,0.74,0.01,13.21,0.12,0.12,16687,1511,184.0,6.0,0,37.4,52,
8.10.2026,20:8:30.282,30324,65794,31.5,24409,24605,49.7,1.0,47104,461,1.043,1.065,1.019,1.031,1.066,1.029,1.046,3984.3,3984.3,3984.3,3984.3,3984.3,3984.3,3984.3,99.6,3685.5,996.1,1636.8,2119.8,1084.1,1862.6,1253.1,2041.6,1020.1,1918.4,1216.9,2307.4,1274.8,2364.1,1178.5,1636.8,42.7,56.1,28.9,48.4,32.7,53.2,28.4,49.5,31.5,59.2,30.1,63.1,31.7,63.1,42.7,100.0,61.2,79.8,41.8,69.9,47.2,75.9,41.2,70.8,45.2,83.9,44.0,89.2,45.4,61.2,40.0,40.0,40.0,40.0,40.0,40.0,40.0,37.0,130,126,133,127,126,142,124,82,86,79,85,86,70,88,142,142,Không,Không,Không,Không,Không,Không,Không,Không,Không,Không,Không,Không,Không,Không,Không,Không,Không,Không,Không,Không,Không,Không,Không,Không,144,144,23.063,40.761,38.302,2.501,65.0,85.0,134.0,134.0,24.000,41.0,53.2,27.2,46.7,31.4,51.1,25.6,48.1,30.5,57.8,31.9,59.2,29.5,16.4,7.2,21.1,18.2,25.0,13.7,13.3,1593.7,16.00,22,22,22,52,74,880,2,Đúng,Không,Không,Không,Không,Không,Không,Không,Không,Không,Không,Không,Đúng,Đúng,Không,Không,Không,Không,Không,Không,Không,Không,Không,Không,Không,Không,Không,Không,Không,Không,Không,Không,Không,Không,Không,Không,Không,Không,Không,Không,Không,172.4,117,136,140,154,1.008,3.344,11.880,4.980,0.024,1.308,1.212,3.360,3.144,3.072,1562,0,0,Đúng,120,Không,Không,115,92.0,Không,Không,8828,12973,45315,124,87.0,100.0,Không,Không,46186,41442,100.0,98.6,100.0,8.892,2.773,31169,22385,0.0,0.0,0.0,0.000,0.028,393,702,0.1,0.4,0.5,0.168,0.304,25035,80616,113.3,127.7,181.4,0.675,6.286,4.899,12.000,0.076,6.024,6.210,0.186,19.600,19.600,139.0,405.0,544.0,134.0,402.1,19.0,18.0,0.0,5.0,41.4,5.4,10.7,0.0,51,Đúng,Không,Không,Không,Không,Đúng,Không,7,0,0,0,0,0,0,0,0,200,0,0,0,0,0,0,0,0,0,0,0,0,0,0,0,0,0,0,0,0,2400,1696,1619,128,2.5,75.0,76.6,73.7,73.3,73.3,73.3,75.0,75.4,74.6,74.5,74.4,74.4,13.33,13.63,12.95,12.90,13.76,13.76,0.75,0.34,13.21,0.12,0.10,16688,1511,27.9,1.3,0,37.4,52,
8.10.2026,20:8:34.433,30343,65775,31.5,24403,24611,49.7,1.0,47104,461,1.053,1.054,1.059,1.034,1.059,1.053,1.056,3984.3,3984.3,3984.3,3984.3,3984.3,3984.3,3984.3,99.6,3685.5,996.1,1596.7,2046.7,1216.5,2207.2,1248.7,2935.2,1339.9,1613.3,1252.7,1648.1,988.6,1587.2,1076.4,1596.7,43.7,53.8,32.1,57.3,32.9,73.5,31.4,46.6,34.2,48.5,32.8,46.6,34.8,73.5,43.7,100.0,62.2,76.5,45.7,81.5,47.0,103.0,44.8,66.7,48.5,69.1,46.9,66.8,49.6,62.2,40.0,40.0,40.0,40.0,40.0,40.0,40.0,37.0,132,126,131,144,124,138,127,80,86,81,68,88,74,85,144,144,Không,Không,Không,Không,Không,Không,Không,Không,Không,Không,Không,Không,Không,Không,Không,Không,Không,Không,Không,Không,Không,Không,Không,Không,145,145,34.594,34.399,32.020,2.434,65.0,85.0,134.0,134.0,33.000,40.0,51.2,30.5,55.3,31.3,73.5,33.6,40.4,31.4,41.3,24.8,39.8,27.0,18.6,11.2,14.3,4.6,26.4,27.5,27.8,1593.7,16.00,22,22,22,52,74,880,2,Đúng,Không,Không,Không,Không,Không,Không,Không,Không,Không,Không,Không,Đúng,Đúng,Không,Không,Không,Không,Không,Không,Không,Không,Không,Không,Không,Không,Không,Không,Không,Không,Không,Không,Không,Không,Không,Không,Không,Không,Không,Không,Không,168.8,117,136,142,154,1.020,3.324,11.808,4.950,0.024,1.308,1.212,3.360,3.144,3.072,1548,0,0,Đúng,120,Không,Không,115,92.0,Không,Không,8828,12973,45315,126,87.0,100.0,Không,Không,46186,41442,100.0,100.0,100.0,5.113,2.545,31230,22395,0.1,0.1,0.1,0.033,0.072,393,702,0.3,0.3,0.6,0.222,0.288,25036,80621,113.3,127.7,181.4,0.675,6.276,4.895,12.000,0.076,6.024,6.200,0.176,19.600,19.600,139.0,405.0,544.0,134.1,403.1,22.0,19.0,0.0,6.0,41.3,6.2,12.5,0.0,51,Đúng,Không,Không,Không,Không,Đúng,Không,7,0,0,0,0,0,0,0,0,200,0,0,0,0,0,0,0,0,0,0,0,0,0,0,0,0,0,0,0,0,2406,1690,1613,129,2.5,75.0,76.1,74.1,73.9,73.9,73.9,75.0,75.4,74.6,74.6,74.6,74.6,13.33,13.53,13.13,13.12,13.55,13.55,0.86,0.01,13.22,0.12,0.08,16688,1511,227.2,4.0,0,37.4,52,
8.10.2026,20:8:38.065,30328,65791,31.5,24401,24613,49.7,1.0,47104,461,1.047,1.056,1.055,1.036,1.036,1.051,1.049,3984.3,3984.3,3984.3,3984.3,3984.3,3984.3,3984.3,99.6,3685.5,996.1,1774.4,2091.2,1336.8,2352.3,1324.7,2065.9,1397.6,2173.6,1442.4,2035.8,1795.4,1960.2,1316.8,1774.4,46.0,55.2,34.5,60.3,34.3,53.3,36.2,56.6,37.2,52.0,46.8,50.5,34.7,60.3,46.0,100.0,65.9,79.0,49.7,86.2,49.8,76.2,52.2,80.8,53.4,74.3,66.5,73.0,50.1,65.9,40.0,40.0,40.0,40.0,40.0,40.0,40.0,37.0,134,131,136,135,131,138,131,78,81,76,77,81,74,81,140,138,Không,Không,Không,Không,Không,Không,Không,Không,Không,Không,Không,Không,Không,Không,Không,Không,Không,Không,Không,Không,Không,Không,Không,Không,144,144,36.516,38.180,35.712,2.508,65.0,85.0,134.0,134.0,37.000,44.4,52.4,33.5,58.9,33.2,51.8,35.0,54.4,36.1,50.9,45.0,49.1,33.0,10.0,9.2,9.7,13.8,5.4,7.9,14.0,1593.7,16.00,22,22,22,52,74,880,2,Đúng,Không,Không,Không,Không,Không,Không,Không,Không,Không,Không,Không,Đúng,Đúng,Không,Không,Không,Không,Không,Không,Không,Không,Không,Không,Không,Không,Không,Không,Không,Không,Không,Không,Không,Không,Không,Không,Không,Không,Không,Không,Không,170.6,115,136,144,154,1.044,3.285,11.952,5.010,0.024,1.308,1.212,3.360,3.144,3.072,1551,0,0,Đúng,120,Không,Không,115,92.0,Không,Không,8828,12973,45315,126,87.0,100.0,Không,Không,46186,41442,100.0,98.1,100.0,11.830,2.476,31267,22401,0.0,0.0,0.1,0.020,0.047,394,703,0.4,0.1,0.5,0.258,0.141,25041,80622,113.3,127.7,181.4,0.675,6.291,4.901,12.000,0.076,6.024,6.215,0.192,19.600,19.600,139.0,405.0,544.0,134.1,402.5,28.0,21.0,0.0,9.0,41.2,7.1,14.2,0.0,51,Đúng,Không,Không,Không,Không,Đúng,Không,7,0,0,0,0,0,0,0,0,200,0,0,0,0,0,0,0,0,0,0,0,0,0,0,0,0,0,0,0,0,2408,1688,1611,129,2.5,75.0,76.9,72.2,71.4,71.4,71.4,75.0,75.3,74.7,74.7,74.7,74.7,13.33,13.87,13.00,12.93,13.92,13.92,1.07,0.35,13.21,0.12,0.11,16689,1511,156.4,6.6,0,37.4,52,
8.10.2026,20:8:41.270,30337,65781,31.5,24402,24612,49.7,1.0,47104,461,1.046,1.043,1.044,1.048,1.047,1.048,1.044,3984.3,3984.3,3984.3,3984.3,3984.3,3984.3,3984.3,99.6,3685.5,996.1,1839.3,2018.1,1280.3,2295.9,1689.4,1821.8,1483.3,2799.3,1311.2,1877.6,1356.6,2838.6,1299.3,1839.3,47.2,52.8,33.5,58.9,43.1,47.2,37.6,71.4,33.2,48.3,34.5,72.3,33.0,72.3,47.2,100.0,67.4,75.7,48.1,84.0,61.5,68.1,54.0,100.4,47.6,69.5,49.7,101.9,47.6,67.3,40.0,40.0,40.0,40.0,40.0,40.0,40.0,37.0,140,140,144,142,138,138,136,72,72,68,70,74,74,76,144,144,Không,Không,Không,Không,Không,Không,Không,Không,Không,Không,Không,Không,Không,Không,Không,Không,Không,Không,Không,Không,Không,Không,Không,Không,142,142,44.204,39.566,37.068,2.522,65.0,85.0,134.0,134.0,45.000,46.1,50.7,32.1,57.5,42.3,45.6,37.2,70.1,32.9,47.0,34.0,71.1,32.6,14.6,18.3,12.7,18.2,6.3,22.3,9.6,1593.7,16.00,22,22,22,52,74,880,2,Đúng,Không,Không,Không,Không,Không,Không,Không,Không,Không,Không,Không,Đúng,Đúng,Không,Không,Không,Không,Không,Không,Không,Không,Không,Không,Không,Không,Không,Không,Không,Không,Không,Không,Không,Không,Không,Không,Không,Không,Không,Không,Không,168.8,117,136,142,153,0.996,3.285,11.952,5.040,0.024,1.296,1.212,3.360,3.144,3.072,1566,0,0,Đúng,120,Không,Không,115,92.0,Không,Không,8828,12973,45315,126,87.0,100.0,Không,Không,46186,41442,100.0,81.7,100.0,4.577,2.675,31276,22406,0.0,0.0,0.0,0.000,0.052,394,703,0.9,0.2,1.1,0.594,0.153,25042,80623,113.2,127.6,181.4,0.675,6.307,4.908,12.000,0.076,6.024,6.230,0.207,19.600,19.600,139.0,405.0,544.0,134.1,402.1,25.0,21.0,0.0,6.0,41.2,6.5,13.0,0.0,51,Đúng,Không,Không,Không,Không,Đúng,Không,7,0,0,0,0,0,0,0,0,200,0,0,0,0,0,0,0,0,0,0,0,0,0,0,0,0,0,0,0,0,2408,1688,1611,129,2.5,75.0,76.4,73.2,73.1,73.1,73.1,75.0,75.4,74.6,74.6,74.6,74.6,13.34,13.76,13.07,13.04,13.86,13.86,0.79,0.19,13.21,0.13,0.10,16689,1511,108.3,1.9,0,37.4,52,
8.10.2026,20:8:44.896,30341,65777,31.5,24411,24603,49.8,1.0,47104,461,1.049,1.045,1.054,1.047,1.047,1.047,1.052,3984.3,3984.3,3984.3,3984.3,3984.3,3984.3,3984.3,99.6,3685.5,996.1,1597.0,2684.3,1419.1,2412.6,1091.4,1574.3,1016.5,1855.8,1228.2,1393.8,1413.9,1945.4,1128.3,1597.0,41.3,69.6,36.5,61.5,27.9,40.9,31.7,46.9,30.3,35.6,35.2,51.1,28.1,69.6,41.3,100.0,59.1,97.5,51.7,87.3,40.4,59.3,45.7,67.4,43.6,51.9,50.5,73.1,40.8,59.1,40.0,40.0,40.0,40.0,40.0,40.0,40.0,37.0,138,133,142,144,140,136,135,74,79,70,68,72,76,77,144,144,Không,Không,Không,Không,Không,Không,Không,Không,Không,Không,Không,Không,Không,Không,Không,Không,Không,Không,Không,Không,Không,Không,Không,Không,136,136,42.282,40.245,37.723,2.554,65.0,85.0,134.0,134.0,43.000,40.0,67.2,35.6,60.4,27.3,39.4,25.5,46.5,30.8,34.9,35.4,48.7,28.3,15.8,1.3,7.3,21.7,19.6,28.5,16.6,1593.7,16.00,22,22,22,52,74,880,2,Đúng,Không,Không,Không,Không,Không,Không,Không,Không,Không,Không,Không,Đúng,Đúng,Không,Không,Không,Không,Không,Không,Không,Không,Không,Không,Không,Không,Không,Không,Không,Không,Không,Không,Không,Không,Không,Không,Không,Không,Không,Không,Không,170.6,117,136,142,153,1.008,3.285,11.952,5.010,0.024,1.308,1.212,3.360,3.144,3.072,1569,0,0,Đúng,120,Không,Không,115,92.0,Không,Không,8828,12973,45315,127,87.0,100.0,Không,Không,46186,41442,100.0,100.0,100.0,22.315,2.730,31328,22415,0.1,0.2,0.3,0.052,0.121,394,703,0.7,0.2,0.9,0.634,0.101,25044,80623,113.2,127.6,181.4,0.675,6.280,4.897,12.000,0.076,6.024,6.204,0.180,19.600,19.600,139.0,405.0,544.0,134.1,401.8,21.0,19.0,0.0,5.0,41.3,5.6,11.2,0.0,51,Đúng,Không,Không,Không,Không,Đúng,Không,7,0,0,0,0,0,0,0,0,200,0,0,0,0,0,0,0,0,0,0,0,0,0,0,0,0,0,0,0,0,2403,1693,1616,129,2.5,75.0,76.3,73.5,73.1,73.0,73.0,75.0,75.3,74.7,74.6,74.6,74.6,13.34,13.65,13.14,13.11,13.76,13.76,0.79,0.36,13.21,0.13,0.09,16689,1511,82.7,3.2,0,37.4,52,
8.10.2026,20:8:50.846,30351,65767,31.5,24417,24597,49.8,1.0,47104,461,1.049,1.052,1.054,1.049,1.049,1.042,1.049,3984.3,3984.3,3984.3,3984.3,3984.3,3984.3,3984.3,99.6,3685.5,996.1,1677.4,1883.1,1197.9,2298.7,1328.7,2019.8,1143.7,2559.0,1222.9,1688.7,1117.6,1889.7,1778.6,1677.4,42.5,48.3,30.2,56.4,34.5,52.5,29.6,66.0,31.6,42.8,28.4,42.5,47.5,66.0,42.5,100.0,60.8,69.3,43.6,79.8,49.6,74.7,43.0,92.6,45.6,61.6,41.5,60.8,67.2,60.8,40.0,40.0,40.0,40.0,40.0,40.0,40.0,37.0,134,126,149,129,127,131,142,78,86,63,83,85,81,70,149,149,Không,Không,Không,Không,Không,Không,Không,Không,Không,Không,Không,Không,Không,Không,Không,Không,Không,Không,Không,Không,Không,Không,Không,Không,147,147,36.516,39.144,36.734,2.452,65.0,85.0,134.0,134.0,37.000,42.0,47.2,30.0,57.6,33.3,50.6,28.7,64.1,30.6,42.3,28.0,47.3,44.6,18.0,19.3,13.5,17.8,13.3,27.8,16.6,1593.7,16.00,22,22,22,52,74,880,2,Đúng,Không,Không,Không,Không,Không,Không,Không,Không,Không,Không,Không,Đúng,Đúng,Không,Không,Không,Không,Không,Không,Không,Không,Không,Không,Không,Không,Không,Không,Không,Không,Không,Không,Không,Không,Không,Không,Không,Không,Không,Không,Không,170.6,115,136,142,154,1.032,3.285,11.808,4.980,0.024,1.308,1.212,3.360,3.144,3.072,1566,0,0,Đúng,120,Không,Không,115,92.0,Không,Không,8828,12973,45315,124,87.0,100.0,Không,Không,46186,41443,100.0,100.0,100.0,32.441,1.733,31549,22424,0.1,0.0,0.1,0.052,0.019,394,703,6.3,0.1,6.5,8.378,0.045,25063,80624,113.2,127.6,181.4,0.675,6.274,4.895,12.000,0.076,6.024,6.198,0.175,19.600,19.600,139.0,405.0,544.0,134.1,402.6,21.0,18.0,0.0,6.0,41.3,5.2,10.3,0.0,51,Đúng,Không,Không,Không,Không,Đúng,Không,7,0,0,0,0,0,0,0,0,200,0,0,0,0,0,0,0,0,0,0,0,0,0,0,0,0,0,0,0,0,2403,1693,1616,129,2.5,75.0,77.4,73.2,71.7,71.6,71.6,75.0,75.4,74.7,74.7,74.7,74.7,13.33,13.69,12.88,12.71,14.03,14.03,0.77,0.01,13.21,0.12,0.10,16690,1511,183.0,19.9,0,37.4,52,
8.10.2026,20:8:55.694,30341,65777,31.5,24429,24585,49.8,1.0,47104,461,1.051,1.047,1.054,1.057,1.052,1.048,1.049,3984.3,3984.3,3984.3,3984.3,3984.3,3984.3,3984.3,99.6,3685.5,996.1,1906.3,2288.6,1379.0,2199.4,1636.9,2214.7,1494.8,2938.5,1442.7,2180.0,1476.2,1970.8,1653.9,1906.3,49.9,60.2,36.4,56.7,42.5,57.3,39.4,75.3,37.6,56.9,38.6,51.3,46.5,75.3,49.9,100.0,70.1,84.5,51.3,79.7,59.8,80.6,55.6,105.1,52.8,80.0,54.3,72.2,65.1,70.1,40.0,40.0,40.0,40.0,40.0,40.0,40.0,37.0,139,144,147,142,133,135,133,73,68,65,70,79,77,79,145,147,Không,Không,Không,Không,Không,Không,Không,Không,Không,Không,Không,Không,Không,Không,Không,Không,Không,Không,Không,Không,Không,Không,Không,Không,142,142,43.243,46.919,44.391,2.547,65.0,85.0,134.0,134.0,40.000,47.8,57.3,34.6,55.1,41.0,55.5,37.5,73.6,36.1,54.6,37.0,49.4,41.4,16.1,15.0,19.4,16.9,6.0,20.0,19.3,1593.7,16.00,22,22,22,52,74,880,2,Đúng,Không,Không,Không,Không,Không,Không,Không,Không,Không,Không,Không,Đúng,Đúng,Không,Không,Không,Không,Không,Không,Không,Không,Không,Không,Không,Không,Không,Không,Không,Không,Không,Không,Không,Không,Không,Không,Không,Không,Không,Không,Không,172.4,117,136,144,154,1.020,3.324,11.808,4.950,0.024,1.308,1.212,3.360,3.144,3.072,1591,0,0,Đúng,120,Không,Không,115,92.0,Không,Không,8828,12973,45315,126,87.0,100.0,Không,Không,46186,41443,100.0,100.0,100.0,9.776,1.255,31644,22434,0.1,0.2,0.3,0.053,0.060,395,703,8.2,0.8,8.9,10.733,1.628,25089,80662,113.2,127.6,181.4,0.675,6.284,4.899,12.000,0.076,6.024,6.208,0.184,19.600,19.600,139.0,405.0,544.0,134.1,402.4,22.0,19.0,0.0,5.0,41.3,5.1,10.3,0.0,51,Đúng,Không,Không,Không,Không,Đúng,Không,7,0,0,0,0,0,0,0,0,200,0,0,0,0,0,0,0,0,0,0,0,0,0,0,0,0,0,0,0,0,2403,1693,1616,129,2.5,75.0,76.4,73.5,73.3,73.3,73.3,75.0,75.4,74.7,74.5,74.5,74.5,13.33,13.63,13.04,12.97,13.71,13.71,0.77,0.37,13.20,0.13,0.09,16690,1511,23.0,4.5,0,37.4,52,
8.10.2026,20:9:3.041,30361,65758,31.5,24431,24584,49.8,1.0,47104,461,1.045,1.052,1.053,1.049,1.053,1.032,1.033,3984.3,3984.3,3984.3,3984.3,3984.3,3984.3,3984.3,99.6,3685.5,996.1,2138.8,2491.4,1456.1,2258.2,2003.1,3168.5,1828.8,2099.2,1852.6,1944.2,2221.7,2233.9,2108.5,2138.8,57.2,64.4,37.9,58.8,51.6,79.1,46.1,56.0,53.6,52.1,63.3,62.9,60.0,79.1,57.2,100.0,80.1,90.3,53.6,82.7,72.5,110.1,64.9,78.9,75.1,73.3,88.4,87.9,83.7,80.1,40.0,40.0,40.0,40.0,40.0,40.0,40.0,37.0,133,136,142,144,126,126,124,79,76,70,68,86,86,88,145,144,Không,Không,Không,Không,Không,Không,Không,Không,Không,Không,Không,Không,Không,Không,Không,Không,Không,Không,Không,Không,Không,Không,Không,Không,145,145,44.204,37.580,35.125,2.484,65.0,85.0,134.0,134.0,44.000,53.6,62.4,36.5,56.6,50.2,79.4,45.8,52.6,46.4,48.7,55.7,56.0,52.8,8.7,7.7,9.8,0.7,12.4,12.1,9.5,1593.7,16.00,22,22,22,52,74,880,2,Đúng,Không,Không,Không,Không,Không,Không,Không,Không,Không,Không,Không,Đúng,Đúng,Không,Không,Không,Không,Không,Không,Không,Không,Không,Không,Không,Không,Không,Không,Không,Không,Không,Không,Không,Không,Không,Không,Không,Không,Không,Không,Không,170.6,115,136,144,154,1.008,3.324,11.808,4.950,0.024,1.320,1.212,3.360,3.144,3.072,1584,0,0,Đúng,120,Không,Không,115,92.0,Không,Không,8828,12973,45315,126,87.0,100.0,Không,Không,46186,41443,100.0,100.0,100.0,1.238,1.888,31680,22445,0.0,0.2,0.2,0.000,0.143,395,704,0.1,0.4,0.6,0.067,0.212,25094,80665,113.3,127.7,181.4,0.675,6.280,4.897,12.000,0.076,6.024,6.204,0.180,19.600,19.600,139.0,405.0,544.0,134.0,402.1,21.0,18.0,0.0,6.0,41.3,5.3,10.6,0.0,51,Đúng,Không,Không,Không,Không,Đúng,Không,7,0,0,0,0,0,0,0,0,200,0,0,0,0,0,0,0,0,0,0,0,0,0,0,0,0,0,0,0,0,2403,1693,1616,125,2.5,75.0,77.1,72.8,72.1,72.0,72.0,75.0,75.4,74.7,74.7,74.7,74.7,13.33,13.75,12.96,12.94,13.88,13.88,0.75,0.01,13.21,0.13,0.10,16692,1511,360.6,14.7,0,37.4,52,
8.10.2026,20:9:7.229,30354,65764,31.5,24425,24589,49.8,1.0,47104,461,1.044,1.058,1.052,1.040,1.053,1.030,1.029,3984.3,3984.3,3984.3,3984.3,3984.3,3984.3,3984.3,99.6,3685.5,996.1,1206.8,1461.4,747.1,1285.3,718.3,1878.1,1681.8,2318.4,566.4,1247.8,715.8,1193.0,668.5,1206.8,31.6,37.4,18.9,32.5,18.0,47.5,47.0,52.8,18.2,32.1,20.9,33.2,21.1,52.8,31.6,100.0,45.2,53.9,27.2,47.2,26.5,66.7,65.5,74.4,26.5,46.3,30.1,47.8,30.4,45.2,40.0,40.0,40.0,40.0,40.0,40.0,40.0,37.0,130,126,136,127,136,127,124,82,86,76,85,76,85,88,138,136,Không,Không,Không,Không,Không,Không,Không,Không,Không,Không,Không,Không,Không,Không,Không,Không,Không,Không,Không,Không,Không,Không,Không,Không,142,142,44.204,37.449,35.009,2.474,65.0,85.0,134.0,134.0,43.000,30.2,36.6,18.7,32.2,18.0,47.0,42.1,58.1,14.2,31.3,17.9,29.9,16.7,37.0,35.2,46.9,14.9,26.6,46.6,51.7,1593.7,16.00,22,22,22,52,74,880,2,Đúng,Không,Không,Không,Không,Không,Không,Không,Không,Không,Không,Không,Đúng,Đúng,Không,Không,Không,Không,Không,Không,Không,Không,Không,Không,Không,Không,Không,Không,Không,Không,Không,Không,Không,Không,Không,Không,Không,Không,Không,Không,Không,168.8,117,136,140,154,1.008,3.324,11.880,4.950,0.024,1.308,1.212,3.360,3.144,3.072,1566,0,0,Đúng,120,Không,Không,115,92.0,Không,Không,8828,12973,45315,124,87.0,100.0,Không,Không,46186,41443,100.0,100.0,100.0,25.880,1.788,31742,22450,0.1,0.1,0.2,0.056,0.073,395,704,0.1,0.2,0.3,0.084,0.118,25095,80665,113.3,127.7,181.4,0.675,6.279,4.897,12.000,0.076,6.024,6.203,0.180,19.600,19.600,139.0,405.0,544.0,134.1,402.8,19.0,18.0,0.0,5.0,41.3,5.1,10.3,0.0,51,Đúng,Không,Không,Không,Không,Đúng,Không,7,0,0,0,0,0,0,0,0,200,0,0,0,0,0,0,0,0,0,0,0,0,0,0,0,0,0,0,0,0,2403,1693,1616,126,2.5,75.0,76.3,74.2,74.2,74.2,74.2,75.0,75.4,74.6,74.5,74.5,74.5,13.33,13.50,13.08,13.05,13.52,13.52,0.80,0.19,13.21,0.12,0.08,16692,1511,75.5,1.8,0,37.4,52,
8.10.2026,20:9:11.244,30373,65745,31.5,24450,24564,49.8,1.0,47104,461,1.048,1.054,1.048,1.047,1.048,1.050,1.040,3984.3,3984.3,3984.3,3984.3,3984.3,3984.3,3984.3,99.6,3685.5,996.1,1277.0,1443.2,830.9,1351.5,928.0,1037.9,1240.8,1373.9,649.9,1136.3,930.7,1038.6,3362.5,1277.0,32.9,36.6,29.5,37.7,23.5,28.7,30.5,36.7,16.9,29.5,22.9,30.2,71.9,71.9,32.9,100.0,47.3,53.1,42.3,54.9,33.9,41.7,43.6,53.0,24.9,42.9,33.9,43.3,99.7,47.3,40.0,40.0,40.0,40.0,40.0,40.0,40.0,37.0,132,129,136,129,129,129,136,80,83,76,83,83,83,76,138,136,Không,Không,Không,Không,Không,Không,Không,Không,Không,Không,Không,Không,Không,Không,Không,Không,Không,Không,Không,Không,Không,Không,Không,Không,138,138,42.282,38.763,36.285,2.509,65.0,85.0,134.0,134.0,45.000,32.0,36.2,20.8,33.9,23.3,26.0,31.1,34.4,16.3,28.5,23.3,26.0,84.3,33.8,31.1,39.3,43.2,40.0,42.3,6.7,1593.7,16.00,22,22,22,52,74,880,2,Đúng,Không,Không,Không,Không,Không,Không,Không,Không,Không,Không,Không,Đúng,Đúng,Không,Không,Không,Không,Không,Không,Không,Không,Không,Không,Không,Không,Không,Không,Không,Không,Không,Không,Không,Không,Không,Không,Không,Không,Không,Không,Không,170.6,117,136,138,153,1.020,3.324,11.880,4.980,0.024,1.308,1.212,3.360,3.144,3.072,1548,0,0,Đúng,120,Không,Không,115,92.0,Không,Không,8828,12973,45315,124,87.0,100.0,Không,Không,46186,41443,100.0,100.0,100.0,19.495,1.935,31821,22457,0.1,0.0,0.1,0.049,0.026,395,704,0.3,0.3,0.6,0.191,0.041,25095,80666,114.1,128.5,181.4,0.781,6.457,4.968,12.000,0.076,6.024,6.382,0.358,19.600,19.600,1151.5,1050.0,1037.5,577.8,1047.9,19.0,13.0,0.0,10.0,41.3,7.8,15.6,0.0,51,Đúng,Không,Không,Không,Không,Đúng,Không,7,0,0,0,0,0,0,0,0,201,0,0,0,0,0,0,0,0,0,0,0,0,0,0,0,0,0,0,0,0,2403,1693,1616,126,8.0,75.0,76.4,73.8,73.8,73.8,73.8,75.0,75.3,74.6,74.6,74.6,74.6,13.34,13.57,13.05,13.03,13.62,13.62,0.44,0.55,13.21,0.13,0.10,16692,1511,1.4,2.2,0,37.4,52,
8.10.2026,20:9:18.258,30295,65823,31.5,24420,24594,49.8,1.0,47104,461,1.042,1.050,1.053,1.049,1.031,1.036,1.035,3984.3,3984.3,3984.3,3984.3,3984.3,3984.3,3984.3,99.6,3685.5,996.1,1655.9,1982.3,1337.9,2070.9,1460.2,1494.8,972.5,2562.1,1668.2,1959.7,1165.8,1594.3,1602.0,1655.9,41.9,50.6,33.8,52.3,36.9,37.6,24.8,63.8,46.3,56.2,27.3,38.2,34.6,63.8,41.9,100.0,58.9,71.3,47.3,73.5,51.7,53.8,35.3,88.5,64.2,78.9,38.7,54.3,48.7,58.8,40.0,40.0,40.0,40.0,40.0,40.0,40.0,37.0,137,129,133,135,145,140,140,75,83,79,77,67,72,72,140,145,Không,Không,Không,Không,Không,Không,Không,Không,Không,Không,Không,Không,Không,Không,Không,Không,Không,Không,Không,Không,Không,Không,Không,Không,142,142,44.204,39.731,37.619,2.136,65.0,85.0,134.0,134.0,46.000,41.5,49.6,33.5,51.9,36.6,37.5,24.4,64.2,41.8,49.1,29.2,39.9,40.1,21.0,13.1,14.2,41.0,6.7,24.6,26.3,1593.7,16.00,22,22,22,52,74,880,2,Đúng,Không,Không,Không,Không,Không,Không,Không,Không,Không,Không,Không,Đúng,Đúng,Không,Không,Không,Không,Không,Không,Không,Không,Không,Không,Không,Không,Không,Không,Không,Không,Không,Không,Không,Không,Không,Không,Không,Không,Không,Không,Không,168.8,117,136,142,153,1.020,3.285,11.880,4.980,0.024,1.308,1.212,3.360,3.144,3.072,1562,0,0,Đúng,120,Không,Không,115,92.0,Không,Không,8828,12973,45315,124,87.0,100.0,Không,Không,46186,41443,100.0,98.5,100.0,41.931,1.758,32231,22465,0.1,0.0,0.1,0.024,0.022,396,705,0.8,0.3,1.2,1.094,0.091,25123,80671,113.1,127.5,181.4,0.675,6.280,4.897,12.000,0.076,6.024,6.204,0.181,19.600,19.600,240.0,405.0,544.0,256.1,402.8,20.0,18.0,0.0,5.0,41.3,4.9,9.7,0.0,51,Đúng,Không,Không,Không,Không,Đúng,Không,7,0,0,0,0,0,0,0,0,203,0,0,0,0,0,0,0,0,0,0,0,0,0,0,0,0,0,0,0,0,2403,1693,1616,127,2.5,75.0,76.3,73.8,73.2,73.2,73.2,75.0,75.3,74.6,74.6,74.6,74.6,13.34,13.56,13.07,13.03,13.68,13.68,0.73,0.36,13.21,0.12,0.09,16693,1511,15.7,2.5,0,35.6,52,
8.10.2026,20:9:22.206,30253,65865,31.4,24393,24621,49.7,1.0,47104,461,1.046,1.050,1.044,1.046,1.044,1.044,1.047,3984.3,3984.3,3984.3,3984.3,3984.3,3984.3,3984.3,99.6,3685.5,996.1,1833.6,2673.7,1381.6,1806.2,2099.8,1751.2,2108.4,2069.2,1435.4,1758.9,1565.3,1838.0,1515.7,1833.6,46.9,69.4,35.1,45.7,54.3,45.8,52.6,52.2,40.0,47.7,33.5,47.3,39.7,69.4,46.9,100.0,66.3,96.9,49.6,64.9,76.1,64.9,73.8,73.6,56.5,67.6,47.9,67.1,56.2,66.2,40.0,40.0,40.0,40.0,40.0,40.0,40.0,37.0,138,140,145,140,138,136,129,74,72,67,72,74,76,83,144,145,Không,Không,Không,Không,Không,Không,Không,Không,Không,Không,Không,Không,Không,Không,Không,Không,Không,Không,Không,Không,Không,Không,Không,Không,147,147,45.165,45.408,42.845,2.591,65.0,85.0,134.0,134.0,48.000,45.9,67.0,34.6,45.3,52.6,43.9,52.8,51.8,36.0,44.1,39.2,46.1,38.0,15.2,2.0,15.8,10.7,16.4,25.5,20.7,1593.7,16.00,22,22,22,52,74,880,2,Đúng,Không,Không,Không,Không,Không,Không,Không,Không,Không,Không,Không,Đúng,Đúng,Không,Không,Không,Không,Không,Không,Không,Không,Không,Không,Không,Không,Không,Không,Không,Không,Không,Không,Không,Không,Không,Không,Không,Không,Không,Không,Không,168.8,115,136,145,154,1.020,3.344,11.880,4.950,0.024,1.296,1.212,3.360,3.144,3.072,1569,0,0,Đúng,120,Không,Không,115,92.0,Không,Không,8828,12973,45315,124,87.0,100.0,Không,Không,46186,41443,100.0,100.0,100.0,7.663,1.886,32269,22473,0.0,0.0,0.0,0.000,0.042,396,705,0.2,1.8,2.0,0.199,6.694,25125,80685,113.0,127.4,181.4,0.675,6.284,4.899,12.000,0.076,6.024,6.208,0.185,19.600,19.600,189.5,405.0,544.0,134.1,401.8,20.0,18.0,0.0,5.0,41.3,5.2,10.4,0.0,51,Đúng,Không,Không,Không,Không,Đúng,Không,7,0,0,0,0,0,0,0,0,203,0,0,0,0,0,0,0,0,0,0,0,0,0,0,0,0,0,0,0,0,2403,1693,1616,126,2.5,75.0,76.7,73.0,72.8,72.7,72.7,75.0,75.5,74.5,74.3,74.3,74.3,13.33,13.80,12.96,12.94,13.90,13.90,0.76,0.19,13.20,0.13,0.11,16693,1511,31.8,8.3,0,37.4,52,
8.10.2026,20:9:26.448,30306,65812,31.5,24418,24596,49.8,1.0,47104,461,1.052,1.051,1.055,1.056,1.045,1.050,1.053,3984.3,3984.3,3984.3,3984.3,3984.3,3984.3,3984.3,99.6,3685.5,996.1,1717.3,2138.3,1308.3,2167.3,1487.3,1824.0,1122.6,2218.3,1237.1,2016.8,2349.9,1498.8,1238.9,1717.3,43.7,54.6,35.6,55.7,37.0,45.8,27.9,54.9,30.8,46.6,62.6,38.6,33.9,62.6,43.7,100.0,61.7,76.9,50.3,78.2,52.3,65.1,40.0,77.2,43.9,65.5,87.0,55.3,48.1,61.6,40.0,40.0,40.0,40.0,40.0,40.0,40.0,37.0,133,142,131,131,127,144,126,79,70,81,81,85,68,86,144,144,Không,Không,Không,Không,Không,Không,Không,Không,Không,Không,Không,Không,Không,Không,Không,Không,Không,Không,Không,Không,Không,Không,Không,Không,144,144,28.829,50.768,48.131,2.684,65.0,85.0,134.0,134.0,30.000,43.0,53.6,32.8,54.3,37.3,45.7,28.1,55.6,31.0,50.5,58.9,37.6,31.0,20.9,9.3,14.7,33.1,22.7,9.4,36.2,1593.7,16.00,22,22,22,52,74,880,2,Đúng,Không,Không,Không,Không,Không,Không,Không,Không,Không,Không,Không,Đúng,Đúng,Không,Không,Không,Không,Không,Không,Không,Không,Không,Không,Không,Không,Không,Không,Không,Không,Không,Không,Không,Không,Không,Không,Không,Không,Không,Không,Không,170.6,115,136,144,154,1.020,3.324,11.880,4.980,0.024,1.296,1.212,3.360,3.144,3.072,1610,0,0,Đúng,120,Không,Không,115,92.0,Không,Không,8828,12973,45315,126,87.0,100.0,Không,Không,46186,41443,100.0,84.7,100.0,9.103,2.114,32312,22480,0.0,0.1,0.1,0.020,0.042,396,705,7.6,0.7,8.3,9.658,1.394,25162,80701,113.2,127.6,181.4,0.675,6.280,4.897,12.000,0.076,6.024,6.204,0.181,19.600,19.600,139.0,405.0,544.0,134.1,402.0,19.0,18.0,0.0,5.0,41.3,5.1,10.3,0.0,51,Đúng,Không,Không,Không,Không,Đúng,Không,7,0,0,0,0,0,0,0,0,203,0,0,0,0,0,0,0,0,0,0,0,0,0,0,0,0,0,0,0,0,2403,1693,1616,126,2.5,75.0,75.9,74.1,74.0,74.0,74.0,75.0,75.4,74.6,74.6,74.6,74.6,13.33,13.55,13.15,13.13,13.55,13.55,0.79,0.01,13.21,0.12,0.08,16695,1511,613.4,14.3,0,37.4,52,
8.10.2026,20:9:33.339,30293,65825,31.5,24420,24594,49.8,1.0,47104,461,1.042,1.051,1.059,1.063,1.006,1.024,1.046,3984.3,3984.3,3984.3,3984.3,3984.3,3984.3,3984.3,99.6,3685.5,996.1,1676.7,1849.4,1072.6,1767.1,1547.3,1805.2,1592.5,1966.3,1182.6,1609.5,1591.0,3221.5,915.4,1676.7,40.9,49.6,28.9,46.0,59.8,41.9,33.1,45.3,33.4,40.2,32.2,54.2,26.3,59.8,40.9,100.0,58.2,70.6,41.2,65.2,83.8,60.3,47.4,64.7,47.5,57.8,45.8,76.7,37.7,58.2,40.0,40.0,40.0,40.0,40.0,40.0,40.0,37.0,130,126,136,127,131,124,138,82,86,76,85,81,88,74,140,138,Không,Không,Không,Không,Không,Không,Không,Không,Không,Không,Không,Không,Không,Không,Không,Không,Không,Không,Không,Không,Không,Không,Không,Không,138,138,23.063,32.195,29.828,2.391,65.0,85.0,134.0,134.0,26.000,42.0,46.3,26.9,44.3,38.8,45.2,39.9,49.3,29.6,40.3,39.9,80.7,22.9,9.8,15.6,2.6,12.5,9.2,15.6,3.3,1593.7,16.00,22,22,22,52,74,880,2,Đúng,Không,Không,Không,Không,Không,Không,Không,Không,Không,Không,Không,Đúng,Đúng,Không,Không,Không,Không,Không,Không,Không,Không,Không,Không,Không,Không,Không,Không,Không,Không,Không,Không,Không,Không,Không,Không,Không,Không,Không,Không,Không,168.8,115,136,142,154,1.008,3.285,11.952,4.980,0.024,1.308,1.212,3.360,3.144,3.072,1577,0,0,Đúng,120,Không,Không,115,92.0,Không,Không,8828,12973,45315,126,87.0,100.0,Không,Không,46186,41443,100.0,96.0,100.0,68.219,0.881,32624,22487,0.2,0.0,0.3,0.118,0.047,396,705,0.5,0.2,0.7,5.029,0.219,25184,80703,113.1,127.5,181.4,0.675,6.279,4.897,12.000,0.076,6.024,6.203,0.180,19.600,19.600,139.0,405.0,544.0,134.1,405.0,20.0,18.0,0.0,5.0,41.3,5.2,10.5,0.0,50,Đúng,Không,Không,Không,Không,Đúng,Không,7,0,0,0,0,0,0,0,0,203,0,0,0,0,0,0,0,0,0,0,0,0,0,0,0,0,0,0,0,0,2403,1693,1616,127,2.5,75.0,76.8,73.6,72.7,72.6,72.6,75.0,75.3,74.7,74.6,74.6,74.6,13.33,13.64,12.98,12.86,13.84,13.84,0.78,0.01,13.21,0.12,0.09,16695,1511,213.7,22.0,0,37.4,52,
8.10.2026,20:9:39.545,30297,65821,31.5,24405,24609,49.7,1.0,47104,461,1.045,1.047,1.038,1.048,1.045,1.046,1.046,3984.3,3984.3,3984.3,3984.3,3984.3,3984.3,3984.3,99.6,3685.5,996.1,1118.0,2900.2,451.0,1103.3,610.9,1427.2,1087.7,1112.2,1092.6,1287.6,677.9,1114.4,551.0,1118.0,28.9,73.4,11.3,27.6,17.8,35.0,19.2,28.0,40.0,32.1,18.1,28.5,15.5,73.4,28.9,100.0,41.3,102.2,16.4,40.4,25.8,50.1,27.7,40.2,56.1,46.1,26.4,41.2,22.5,41.3,40.0,40.0,40.0,40.0,40.0,40.0,40.0,37.0,128,122,126,144,126,126,124,84,90,86,68,86,86,88,144,144,Không,Không,Không,Không,Không,Không,Không,Không,Không,Không,Không,Không,Không,Không,Không,Không,Không,Không,Không,Không,Không,Không,Không,Không,142,142,42.282,30.585,28.250,2.365,65.0,85.0,134.0,134.0,46.000,28.0,72.7,11.3,27.6,15.3,35.8,27.3,27.9,27.4,32.3,17.0,27.9,13.8,42.5,19.3,50.0,45.4,37.5,45.9,56.5,1593.7,16.00,22,22,22,52,74,880,2,Đúng,Không,Không,Không,Không,Không,Không,Không,Không,Không,Không,Không,Đúng,Đúng,Không,Không,Không,Không,Không,Không,Không,Không,Không,Không,Không,Không,Không,Không,Không,Không,Không,Không,Không,Không,Không,Không,Không,Không,Không,Không,Không,168.8,117,136,142,153,1.008,3.285,11.880,4.980,0.024,1.320,1.212,3.360,3.144,3.072,1551,0,0,Đúng,120,Không,Không,115,92.0,Không,Không,8828,12973,45315,124,87.0,100.0,Không,Không,46186,41443,100.0,89.3,100.0,34.670,1.184,32865,22494,0.2,0.0,0.2,0.111,0.020,397,706,0.2,0.3,0.4,0.101,0.248,25184,80704,113.0,127.4,181.4,0.675,6.280,4.897,12.000,0.076,6.024,6.204,0.181,19.600,19.600,139.0,405.0,544.0,134.0,402.6,19.0,18.0,0.0,5.0,41.3,5.2,10.5,0.0,50,Đúng,Không,Không,Không,Không,Đúng,Không,7,0,0,0,0,0,0,0,0,203,0,0,0,0,0,0,0,0,0,0,0,0,0,0,0,0,0,0,0,0,2403,1693,1616,127,2.5,75.0,76.4,73.5,73.3,73.2,73.2,75.0,75.3,74.7,74.7,74.7,74.7,13.34,13.67,13.06,13.04,13.70,13.70,0.78,0.01,13.22,0.12,0.10,16696,1511,2.1,0.6,0,35.6,52,
8.10.2026,20:9:44.260,30305,65813,31.5,24419,24595,49.8,1.0,47104,461,1.047,1.050,1.048,1.048,1.038,1.050,1.047,3984.3,3984.3,3984.3,3984.3,3984.3,3984.3,3984.3,99.6,3685.5,996.1,1526.0,1931.7,1647.6,1844.1,1077.2,1588.5,905.1,2428.1,1098.4,1391.9,1104.5,1878.1,1417.3,1526.0,42.0,51.6,31.4,51.5,31.5,47.9,45.9,58.6,31.9,42.6,29.8,48.4,33.2,58.6,42.0,100.0,59.9,73.5,44.3,73.5,45.7,68.1,64.9,82.8,45.2,61.4,43.2,69.1,47.7,59.9,40.0,40.0,40.0,40.0,40.0,40.0,40.0,37.0,133,147,136,129,127,124,136,79,65,76,83,85,88,76,147,147,Không,Không,Không,Không,Không,Không,Không,Không,Không,Không,Không,Không,Không,Không,Không,Không,Không,Không,Không,Không,Không,Không,Không,Không,144,144,31.711,33.565,31.156,2.429,65.0,85.0,134.0,134.0,32.000,38.2,48.4,41.3,46.2,27.0,39.8,22.7,60.8,27.5,34.9,27.7,47.1,35.5,22.1,19.7,22.6,22.6,12.8,33.5,21.5,1593.7,16.00,22,22,22,52,74,880,2,Đúng,Không,Không,Không,Không,Không,Không,Không,Không,Không,Không,Không,Đúng,Đúng,Không,Không,Không,Không,Không,Không,Không,Không,Không,Không,Không,Không,Không,Không,Không,Không,Không,Không,Không,Không,Không,Không,Không,Không,Không,Không,Không,168.8,115,136,140,153,1.020,3.285,11.880,5.010,0.024,1.308,1.212,3.360,3.144,3.072,1548,0,0,Đúng,120,Không,Không,115,92.0,Không,Không,8828,12973,45315,124,87.0,100.0,Không,Không,46186,41443,100.0,97.9,100.0,41.586,1.707,33040,22503,0.3,0.0,0.3,0.139,0.040,398,706,2.0,0.7,2.6,2.446,0.344,25191,80706,113.1,127.5,181.4,0.675,6.286,4.899,12.000,0.076,6.024,6.210,0.187,19.600,19.600,139.0,405.0,544.0,134.1,402.3,19.0,18.0,0.0,5.0,41.3,5.3,10.6,0.0,50,Đúng,Không,Không,Không,Không,Đúng,Không,7,0,0,0,0,0,0,0,0,203,0,0,0,0,0,0,0,0,0,0,0,0,0,0,0,0,0,0,0,0,2403,1693,1616,127,2.5,75.0,75.7,73.8,73.7,73.7,73.7,75.0,75.3,74.7,74.7,74.7,74.7,13.33,13.56,13.18,13.15,13.60,13.60,0.79,0.01,13.22,0.12,0.08,16696,1512,95.5,117.7,0,35.6,52,
8.10.2026,20:9:48.513,30393,65725,31.6,24495,24519,49.9,1.0,47104,461,1.053,1.058,1.047,1.051,1.056,1.054,1.050,3984.3,3984.3,3984.3,3984.3,3984.3,3984.3,3984.3,99.6,3685.5,996.1,2101.8,2462.1,1855.6,2609.9,2014.2,1930.5,2596.2,1991.0,2065.8,2139.9,1491.9,2337.5,1727.4,2101.8,55.4,65.7,48.6,67.3,52.5,50.6,61.0,54.4,57.8,54.3,41.1,64.7,46.8,67.3,55.4,100.0,78.0,92.2,68.2,94.5,73.9,71.6,85.6,76.6,81.0,77.1,58.3,91.0,65.8,78.0,40.0,40.0,40.0,40.0,40.0,40.0,40.0,37.0,138,140,138,142,129,144,136,74,72,74,70,83,68,76,142,144,Không,Không,Không,Không,Không,Không,Không,Không,Không,Không,Không,Không,Không,Không,Không,Không,Không,Không,Không,Không,Không,Không,Không,Không,142,142,48.048,37.609,35.228,2.423,65.0,85.0,134.0,134.0,48.000,52.7,61.7,46.5,65.4,50.5,48.4,65.0,49.9,51.8,53.6,37.4,58.6,43.3,10.1,2.5,5.4,8.0,12.7,21.1,10.9,1593.7,16.00,22,22,22,52,74,880,2,Đúng,Không,Không,Không,Không,Không,Không,Không,Không,Không,Không,Không,Đúng,Đúng,Không,Không,Không,Không,Không,Không,Không,Không,Không,Không,Không,Không,Không,Không,Không,Không,Không,Không,Không,Không,Không,Không,Không,Không,Không,Không,Không,168.8,115,136,145,153,1.020,3.324,11.808,4.980,0.024,1.308,1.212,3.360,3.144,3.072,1544,0,0,Đúng,120,Không,Không,115,92.0,Không,Không,8828,12973,45315,126,87.0,100.0,Không,Không,46186,41443,100.0,97.7,100.0,27.431,2.132,33170,22512,0.2,0.1,0.2,0.081,0.079,398,706,5.9,0.5,6.4,7.758,0.217,25236,80707,112.8,127.2,181.4,0.675,6.297,4.904,12.000,0.076,6.024,6.221,0.198,19.600,19.600,139.0,405.0,544.0,134.1,401.5,19.0,18.0,0.0,5.0,41.3,5.3,10.6,0.0,50,Đúng,Không,Không,Không,Không,Đúng,Không,7,0,0,0,0,0,0,0,0,203,0,0,0,0,0,0,0,0,0,0,0,0,0,0,0,0,0,0,0,0,2403,1693,1616,126,2.5,75.0,76.1,73.7,73.0,72.9,72.9,75.0,75.3,74.6,74.6,74.6,74.6,13.34,13.61,13.12,13.07,13.77,13.77,0.79,0.19,13.21,0.13,0.09,16696,1512,4.1,4.4,0,35.6,52,
8.10.2026,20:9:54.303,30414,65704,31.6,23702,25312,48.3,1.0,47104,477,1.049,1.049,1.052,1.051,1.051,1.049,1.043,3984.3,3984.3,3984.3,3984.3,3984.3,3984.3,3984.3,99.6,3685.5,996.1,2693.0,3265.1,2383.2,2822.3,2846.7,2753.4,2409.1,2874.4,2463.0,2435.9,2951.9,2896.9,2213.6,2693.0,68.1,83.3,60.3,71.7,72.3,69.9,61.1,72.8,62.3,61.7,75.7,72.1,54.6,83.3,68.1,100.0,95.2,115.7,84.5,100.1,100.9,98.0,85.5,101.7,87.0,86.3,105.1,100.9,76.7,95.2,40.0,40.0,40.0,40.0,40.0,40.0,40.0,37.0,145,147,145,151,144,142,142,67,65,67,61,68,70,70,151,151,Không,Không,Không,Không,Không,Không,Không,Không,Không,Không,Không,Không,Không,Không,Không,Không,Không,Không,Không,Không,Không,Không,Không,Không,151,151,52.852,42.772,40.315,2.498,65.0,85.0,134.0,134.0,54.000,67.5,81.8,59.7,70.7,71.3,69.0,60.4,72.0,61.7,61.0,74.0,72.6,55.5,1.6,0.2,0.0,0.3,1.5,1.7,5.8,1593.7,16.00,22,22,22,52,74,880,2,Đúng,Không,Không,Không,Không,Không,Không,Không,Không,Không,Không,Không,Đúng,Đúng,Không,Không,Không,Không,Không,Không,Không,Không,Không,Không,Không,Không,Không,Không,Không,Không,Không,Không,Không,Không,Không,Không,Không,Không,Không,Không,Không,170.6,115,136,149,154,1.020,3.265,11.808,4.980,0.024,1.308,1.212,3.360,3.144,3.072,1584,0,0,Đúng,120,Không,Không,115,92.0,Không,Không,8828,12973,45315,124,87.0,100.0,Không,Không,46186,41443,100.0,100.0,100.0,6.839,1.890,33257,22522,0.0,0.0,0.0,0.000,0.034,398,707,0.5,3.1,3.6,0.547,24.384,25238,80763,112.8,127.2,181.4,0.675,6.292,4.902,12.000,0.076,6.024,6.216,0.192,19.600,19.600,139.0,405.0,544.0,134.0,402.6,19.0,18.0,0.0,5.0,41.3,5.2,10.4,0.0,50,Đúng,Không,Không,Không,Không,Đúng,Không,7,0,0,0,0,0,0,0,0,203,0,0,0,0,0,0,0,0,0,0,0,0,0,0,0,0,0,0,0,0,2403,1693,1616,126,2.5,75.0,76.2,73.5,73.1,73.1,73.1,75.0,75.9,73.9,73.6,73.6,73.6,13.33,13.62,13.12,13.10,13.68,13.68,0.78,0.01,13.19,0.14,0.09,16697,1512,56.6,18.6,0,35.6,52,
8.10.2026,20:9:58.111,30417,65702,31.6,22826,26188,46.5,1.0,47104,477,1.044,1.044,1.045,1.045,1.044,1.043,1.046,3984.3,3984.3,3984.3,3984.3,3984.3,3984.3,3984.3,99.6,3685.5,996.1,3240.5,3334.6,3228.6,3319.6,3252.4,3097.1,3256.1,3264.6,3300.6,3139.5,3234.7,3542.1,2915.8,3240.5,84.3,88.4,84.5,86.0,84.0,81.2,84.7,84.2,84.7,81.4,82.2,93.2,77.6,93.2,84.3,100.0,117.8,122.9,117.8,120.2,117.2,113.8,118.2,117.8,118.1,114.0,115.0,129.7,108.7,117.8,40.0,40.0,40.0,40.0,40.0,40.0,40.0,37.0,143,147,144,142,142,144,140,69,65,68,70,70,68,72,147,147,Không,Không,Không,Không,Không,Không,Không,Không,Không,Không,Không,Không,Không,Không,Không,Không,Không,Không,Không,Không,Không,Không,Không,Không,147,147,43.243,53.434,50.628,2.830,65.0,85.0,134.0,134.0,47.000,81.2,83.6,80.9,83.2,81.5,77.6,81.6,81.8,82.7,78.7,81.0,88.8,73.1,0.0,0.0,0.0,0.0,0.0,0.0,0.0,1593.7,16.00,22,22,22,52,74,880,2,Đúng,Không,Không,Không,Không,Không,Không,Không,Không,Không,Không,Không,Đúng,Không,Không,Không,Không,Không,Không,Không,Không,Không,Không,Không,Không,Không,Không,Không,Không,Không,Không,Không,Không,Không,Không,Không,Không,Không,Không,Không,Không,168.8,115,136,147,154,1.020,3.285,11.808,4.980,0.024,1.308,1.212,3.360,3.144,3.072,1607,0,0,Đúng,120,Không,Không,115,92.0,Không,Không,8828,12973,45315,124,87.0,100.0,Không,Không,46186,41443,100.0,61.2,100.0,5.275,1.348,33268,22524,0.0,0.1,0.1,0.000,0.090,398,707,1.8,1.0,2.7,4.608,1.489,25248,80766,112.9,127.3,181.4,0.675,6.292,4.902,12.000,0.076,6.024,6.216,0.192,19.600,19.600,139.0,405.0,544.0,134.1,402.6,23.0,18.0,0.0,5.0,41.3,5.4,10.8,0.0,50,Đúng,Không,Không,Không,Không,Đúng,Không,7,0,0,0,0,0,0,0,0,203,0,0,0,0,0,0,0,0,0,0,0,0,0,0,0,0,0,0,0,0,2403,1693,1616,126,2.5,75.0,76.1,73.8,73.6,73.6,73.6,75.0,75.5,74.5,74.4,74.4,74.4,13.33,13.58,13.10,13.09,13.59,13.59,0.78,0.19,13.19,0.14,0.09,16697,1512,4.0,8.6,0,39.2,52,
8.10.2026,20:10:1.593,30446,65673,31.6,21509,27506,43.8,1.0,47104,477,1.049,1.059,1.048,1.050,1.040,1.053,1.044,3984.3,3984.3,3984.3,3984.3,3984.3,3984.3,3984.3,99.6,3685.5,996.1,2950.7,3130.3,2769.2,3121.7,2876.5,2835.1,2895.1,2995.0,2875.5,3342.0,2543.0,3211.2,2813.3,2950.7,77.2,82.3,71.6,81.0,74.6,74.3,75.8,78.4,74.3,85.3,69.2,85.6,74.0,85.6,77.2,100.0,108.4,115.2,100.6,113.7,104.6,105.0,106.5,110.1,104.2,119.4,97.3,120.2,103.9,108.4,40.0,40.0,40.0,40.0,40.0,40.0,40.0,37.0,138,129,136,140,140,144,138,74,83,76,72,72,68,74,145,144,Không,Không,Không,Không,Không,Không,Không,Không,Không,Không,Không,Không,Không,Không,Không,Không,Không,Không,Không,Không,Không,Không,Không,Không,147,147,45.165,52.485,49.770,2.739,65.0,85.0,134.0,134.0,48.000,73.9,78.4,69.4,78.2,72.1,71.0,72.5,75.0,72.0,83.7,63.7,80.5,70.5,0.3,0.0,0.0,0.8,0.9,0.0,0.0,1593.7,16.00,22,22,22,52,74,880,2,Đúng,Không,Không,Không,Không,Không,Không,Không,Không,Không,Không,Không,Đúng,Đúng,Không,Không,Không,Không,Không,Không,Không,Không,Không,Không,Không,Không,Không,Không,Không,Không,Không,Không,Không,Không,Không,Không,Không,Không,Không,Không,Không,170.6,117,136,147,154,1.032,3.285,11.880,4.950,0.024,1.320,1.212,3.360,3.144,3.072,1607,0,0,Đúng,120,Không,Không,115,92.0,Không,Không,8828,12973,45315,124,87.0,100.0,Không,Không,46186,41443,100.0,98.1,100.0,7.234,2.582,33296,22532,0.0,0.0,0.0,0.000,0.052,398,707,0.5,0.3,0.8,0.636,0.116,25262,80767,112.8,127.2,181.4,0.675,6.292,4.902,12.000,0.076,6.024,6.216,0.192,19.600,19.600,139.0,405.0,544.0,134.1,401.8,22.0,18.0,0.0,5.0,41.3,5.5,11.0,0.0,50,Đúng,Không,Không,Không,Không,Đúng,Không,7,0,0,0,0,0,0,0,0,203,0,0,0,0,0,0,0,0,0,0,0,0,0,0,0,0,0,0,0,0,2403,1693,1616,126,2.5,75.0,76.0,74.0,73.7,73.6,73.6,75.0,75.6,74.4,74.3,74.3,74.3,13.33,13.56,13.13,13.12,13.61,13.61,0.75,0.19,13.19,0.14,0.08,16698,1512,136.4,19.2,0,39.2,52,
8.10.2026,20:10:5.871,30549,65569,31.7,20408,28606,41.6,1.0,47104,477,1.048,1.052,1.046,1.049,1.048,1.047,1.045,3984.3,3984.3,3984.3,3984.3,3984.3,3984.3,3984.3,99.6,3685.5,996.1,2795.5,3176.3,2370.8,2962.7,2689.8,2814.7,2634.3,3091.9,2490.9,3146.9,2418.0,3071.0,2679.2,2795.5,72.8,83.7,62.1,77.2,70.2,73.1,68.5,80.1,64.6,81.4,63.1,82.3,67.2,83.7,72.8,100.0,102.5,117.1,87.8,108.8,98.9,103.2,96.8,112.5,91.1,114.1,89.3,115.8,94.7,102.5,40.0,40.0,40.0,40.0,40.0,40.0,40.0,37.0,140,138,144,144,140,138,136,72,74,68,68,72,74,76,147,144,Không,Không,Không,Không,Không,Không,Không,Không,Không,Không,Không,Không,Không,Không,Không,Không,Không,Không,Không,Không,Không,Không,Không,Không,145,145,43.243,50.767,48.035,2.764,65.0,85.0,134.0,134.0,46.000,70.0,79.6,59.4,74.2,67.4,70.5,66.0,77.5,62.4,78.8,60.6,76.9,67.1,0.3,0.0,0.1,1.2,0.0,0.0,0.3,1593.7,16.00,22,22,22,52,74,880,2,Đúng,Không,Không,Không,Không,Không,Không,Không,Không,Không,Không,Không,Đúng,Không,Không,Không,Không,Không,Không,Không,Không,Không,Không,Không,Không,Không,Không,Không,Không,Không,Không,Không,Không,Không,Không,Không,Không,Không,Không,Không,Không,168.8,117,136,147,156,1.020,3.324,11.808,4.980,0.024,1.308,1.212,3.360,3.144,3.072,1603,0,0,Đúng,120,Không,Không,115,92.0,Không,Không,8828,12973,45315,124,87.0,100.0,Không,Không,46186,41443,100.0,100.0,100.0,40.215,1.439,33393,22538,0.0,0.1,0.1,0.000,0.119,398,707,0.3,0.5,0.9,0.299,0.177,25263,80769,112.8,127.2,181.4,0.675,6.288,4.900,12.000,0.076,6.024,6.212,0.188,19.600,19.600,139.0,405.0,544.0,134.0,402.5,23.0,18.0,0.0,5.0,41.3,5.4,10.7,0.0,50,Đúng,Không,Không,Không,Không,Đúng,Không,7,0,0,0,0,0,0,0,0,203,0,0,0,0,0,0,0,0,0,0,0,0,0,0,0,0,0,0,0,0,2403,1693,1616,127,2.5,75.0,76.3,73.8,73.5,73.5,73.5,75.0,75.4,74.6,74.5,74.5,74.5,13.33,13.59,13.08,13.03,13.62,13.62,0.76,0.55,13.19,0.14,0.10,16699,1512,113.0,6.4,0,39.2,52,
8.10.2026,20:10:10.831,30563,65556,31.7,19118,29897,39.0,1.0,47104,477,1.054,1.060,1.054,1.057,1.054,1.051,1.049,3984.3,3984.3,3984.3,3984.3,3984.3,3984.3,3984.3,99.6,3685.5,996.1,1451.5,1859.0,916.9,1526.2,1031.8,2009.5,763.2,1368.1,2128.2,1241.1,1957.6,1347.4,1268.8,1451.5,36.6,47.3,23.0,38.4,25.9,50.6,19.5,34.4,52.8,31.3,49.0,36.4,31.0,52.8,36.6,100.0,51.8,67.0,32.7,54.9,36.9,71.3,28.2,49.0,73.6,44.7,68.4,51.7,43.8,51.8,40.0,40.0,40.0,40.0,40.0,40.0,40.0,37.0,136,140,136,131,142,133,131,76,72,76,81,70,79,81,144,142,Không,Không,Không,Không,Không,Không,Không,Không,Không,Không,Không,Không,Không,Không,Không,Không,Không,Không,Không,Không,Không,Không,Không,Không,144,144,49.970,50.316,47.631,2.723,65.0,85.0,134.0,134.0,49.000,36.4,46.6,23.0,38.2,25.9,50.4,19.1,34.3,53.3,31.1,49.1,33.8,31.8,29.9,24.3,35.3,33.1,23.6,25.6,37.5,1593.7,16.00,22,22,22,52,74,880,2,Đúng,Không,Không,Không,Không,Không,Không,Không,Không,Không,Không,Không,Đúng,Đúng,Không,Không,Không,Không,Không,Không,Không,Không,Không,Không,Không,Không,Không,Không,Không,Không,Không,Không,Không,Không,Không,Không,Không,Không,Không,Không,Không,170.6,115,136,142,156,1.020,3.324,11.808,4.950,0.024,1.320,1.212,3.360,3.144,3.072,1584,0,0,Đúng,120,Không,Không,115,92.0,Không,Không,8828,12973,45315,124,87.0,100.0,Không,Không,46186,41443,100.0,100.0,100.0,21.081,1.434,33484,22547,0.0,0.1,0.1,0.000,0.049,398,708,0.2,0.3,0.5,0.111,0.049,25268,80771,112.8,127.2,181.4,0.675,6.279,4.897,12.000,0.076,6.024,6.203,0.180,19.600,19.600,139.0,405.0,544.0,134.1,402.7,23.0,19.0,0.0,5.0,41.3,5.2,10.4,0.0,50,Đúng,Không,Không,Không,Không,Đúng,Không,7,0,0,0,0,0,0,0,0,203,0,0,0,0,0,0,0,0,0,0,0,0,0,0,0,0,0,0,0,0,2403,1693,1616,127,2.5,75.0,76.3,73.6,73.2,73.1,73.1,75.0,75.5,74.5,74.4,74.4,74.4,13.33,13.64,13.05,12.98,13.74,13.74,0.81,0.01,13.21,0.12,0.10,16699,1512,137.1,4.0,0,39.2,52,
8.10.2026,20:10:14.458,30561,65557,31.7,19083,29931,38.9,1.0,47104,477,1.047,1.055,1.020,1.060,1.046,1.051,1.048,3984.3,3984.3,3984.3,3984.3,3984.3,3984.3,3984.3,99.6,3685.5,996.1,1486.6,1693.4,2453.4,1658.6,1108.6,1378.9,1055.9,2320.9,1113.4,1283.9,1216.4,1297.5,1258.2,1486.6,37.3,43.1,61.8,40.7,27.8,34.7,26.7,59.1,23.0,31.7,30.1,31.0,37.7,61.8,37.3,100.0,53.0,61.0,85.8,58.2,39.8,50.0,38.4,82.8,33.0,45.9,42.9,44.5,53.2,53.0,40.0,40.0,40.0,40.0,40.0,40.0,40.0,37.0,131,124,145,127,127,135,129,81,88,67,85,85,77,83,149,145,Không,Không,Không,Không,Không,Không,Không,Không,Không,Không,Không,Không,Không,Không,Không,Không,Không,Không,Không,Không,Không,Không,Không,Không,149,149,32.672,43.935,41.360,2.594,65.0,85.0,134.0,134.0,32.000,37.3,42.5,61.5,41.6,27.8,34.6,26.5,58.2,27.9,32.2,30.5,32.5,31.5,27.0,2.2,29.4,37.6,23.7,36.2,33.1,1593.7,16.00,22,22,22,52,74,880,2,Đúng,Không,Không,Không,Không,Không,Không,Không,Không,Không,Không,Không,Đúng,Đúng,Không,Không,Không,Không,Không,Không,Không,Không,Không,Không,Không,Không,Không,Không,Không,Không,Không,Không,Không,Không,Không,Không,Không,Không,Không,Không,Không,168.8,115,136,144,154,0.996,3.344,11.952,4.980,0.024,1.296,1.212,3.360,3.144,3.072,1558,0,0,Đúng,120,Không,Không,115,92.0,Không,Không,8828,12973,45315,124,87.0,100.0,Không,Không,46186,41443,100.0,100.0,100.0,9.033,2.211,33552,22555,0.0,0.0,0.0,0.000,0.075,398,708,0.5,1.1,1.5,0.217,1.502,25273,80775,112.8,127.2,181.4,0.675,6.279,4.897,12.000,0.076,6.024,6.203,0.180,19.600,19.600,139.0,405.0,544.0,134.0,402.6,18.0,17.0,0.0,4.0,41.3,5.2,10.5,0.0,50,Đúng,Không,Không,Không,Không,Đúng,Không,7,0,0,0,0,0,0,0,0,203,0,0,0,0,0,0,0,0,0,0,0,0,0,0,0,0,0,0,0,0,2403,1693,1616,127,2.5,75.0,76.9,72.9,71.6,71.5,71.5,75.0,75.3,74.7,74.7,74.7,74.7,13.33,13.76,12.96,12.77,14.01,14.01,0.82,0.06,13.22,0.12,0.11,16700,1512,210.0,5.7,0,39.2,52,
8.10.2026,20:10:18.619,30538,65580,31.7,19106,29908,38.9,1.0,47104,477,1.049,1.052,1.053,1.052,1.049,1.042,1.048,3984.3,3984.3,3984.3,3984.3,3984.3,3984.3,3984.3,99.6,3685.5,996.1,2092.8,2462.6,2067.0,2302.0,2009.9,2000.5,2060.3,2473.2,1655.5,2185.1,2020.9,2125.8,1751.3,2092.8,52.8,62.8,52.1,57.9,50.5,50.3,51.7,62.2,43.2,53.2,50.3,52.9,45.9,62.8,52.8,100.0,74.2,88.0,72.8,81.7,70.9,71.1,72.6,87.3,60.9,74.9,70.8,74.6,64.6,74.2,40.0,40.0,40.0,40.0,40.0,40.0,40.0,37.0,139,138,144,138,136,144,133,73,74,68,74,76,68,79,144,144,Không,Không,Không,Không,Không,Không,Không,Không,Không,Không,Không,Không,Không,Không,Không,Không,Không,Không,Không,Không,Không,Không,Không,Không,147,147,45.165,42.848,40.294,2.589,65.0,85.0,134.0,134.0,45.000,52.4,61.7,51.8,57.7,50.4,50.1,51.6,62.0,41.5,54.7,50.6,53.3,43.9,9.7,3.4,10.2,13.9,5.2,11.7,13.6,1593.7,16.00,22,22,22,52,74,880,2,Đúng,Không,Không,Không,Không,Không,Không,Không,Không,Không,Không,Không,Đúng,Đúng,Không,Không,Không,Không,Không,Không,Không,Không,Không,Không,Không,Không,Không,Không,Không,Không,Không,Không,Không,Không,Không,Không,Không,Không,Không,Không,Không,168.8,115,136,147,154,1.044,3.324,11.808,5.010,0.024,1.308,1.212,3.360,3.144,3.072,1580,0,0,Đúng,120,Không,Không,115,92.0,Không,Không,8828,12973,45315,124,87.0,100.0,Không,Không,46186,41443,100.0,100.0,100.0,16.715,1.938,33610,22561,0.0,0.0,0.0,0.000,0.036,398,708,0.2,0.2,0.4,0.149,0.236,25278,80776,112.7,127.1,181.4,0.675,6.279,4.897,12.000,0.076,6.024,6.203,0.180,19.600,19.600,139.0,405.0,544.0,134.0,403.2,19.0,18.0,0.0,5.0,41.3,5.1,10.3,0.0,50,Đúng,Không,Không,Không,Không,Đúng,Không,7,0,0,0,0,0,0,0,0,203,0,0,0,0,0,0,0,0,0,0,0,0,0,0,0,0,0,0,0,0,2403,1693,1616,126,2.5,75.0,76.5,73.7,73.2,73.2,73.2,75.0,75.3,74.6,74.6,74.6,74.6,13.33,13.60,13.06,13.05,13.72,13.72,0.78,0.01,13.20,0.13,0.07,16700,1512,4.2,1.9,0,39.2,52,
8.10.2026,20:10:24.080,30598,65520,31.8,19164,29850,39.0,1.0,47104,477,1.046,1.048,1.047,1.047,1.042,1.047,1.047,3984.3,3984.3,3984.3,3984.3,3984.3,3984.3,3984.3,99.6,3685.5,996.1,2618.9,3230.6,2154.8,2900.6,2446.8,2536.3,2758.4,2911.7,2334.7,2537.4,2490.2,2862.8,2262.0,2618.9,67.7,83.9,55.6,74.7,63.7,66.0,71.9,75.0,60.1,64.1,65.0,73.0,59.6,83.9,67.7,100.0,95.1,116.8,78.4,104.8,89.7,92.7,100.6,105.0,84.6,90.3,91.5,102.4,84.0,95.0,40.0,40.0,40.0,40.0,40.0,40.0,40.0,37.0,142,144,145,138,140,144,140,70,68,67,74,72,68,72,145,145,Không,Không,Không,Không,Không,Không,Không,Không,Không,Không,Không,Không,Không,Không,Không,Không,Không,Không,Không,Không,Không,Không,Không,Không,147,147,45.165,46.387,43.837,2.591,65.0,85.0,134.0,134.0,45.000,65.6,81.0,54.0,72.7,61.3,63.5,69.1,73.0,58.5,63.6,62.4,71.7,56.7,1.1,0.0,0.3,3.7,0.2,0.7,1.5,1593.7,16.00,22,22,22,52,74,880,2,Đúng,Không,Không,Không,Không,Không,Không,Không,Không,Không,Không,Không,Đúng,Đúng,Không,Không,Không,Không,Không,Không,Không,Không,Không,Không,Không,Không,Không,Không,Không,Không,Không,Không,Không,Không,Không,Không,Không,Không,Không,Không,Không,170.6,115,136,147,156,1.020,3.285,11.808,4.980,0.024,1.320,1.212,3.360,3.144,3.072,1607,0,0,Đúng,120,Không,Không,115,92.0,Không,Không,8828,12973,45315,124,87.0,100.0,Không,Không,46186,41443,100.0,98.9,100.0,36.684,1.277,33763,22569,0.0,0.0,0.0,0.000,0.041,398,709,0.2,2.6,2.8,0.106,13.005,25282,80808,112.7,127.1,181.4,0.675,6.273,4.894,12.000,0.076,6.024,6.197,0.173,19.600,19.600,139.0,405.0,544.0,134.1,402.1,23.0,19.0,0.0,5.0,41.3,5.3,10.6,0.0,50,Đúng,Không,Không,Không,Không,Đúng,Không,7,0,0,0,0,0,0,0,0,203,0,0,0,0,0,0,0,0,0,0,0,0,0,0,0,0,0,0,0,0,2403,1693,1616,127,2.5,75.0,77.8,72.9,71.4,71.2,71.2,75.0,75.5,74.5,74.3,74.3,74.3,13.33,13.72,12.84,12.55,14.04,14.04,0.76,0.01,13.20,0.13,0.11,16701,1512,183.0,5.2,0,39.2,52,
8.10.2026,20:10:27.486,30592,65526,31.8,19147,29867,39.0,1.0,47104,477,1.046,1.047,1.046,1.039,1.049,1.050,1.047,3984.3,3984.3,3984.3,3984.3,3984.3,3984.3,3984.3,99.6,3685.5,996.1,2086.0,2577.2,1661.8,2584.5,1606.5,2415.6,1807.5,2270.7,1684.2,2823.1,1498.2,2266.7,1835.3,2086.0,53.2,65.5,42.2,65.2,40.3,61.0,45.4,57.2,42.8,71.3,40.3,59.5,47.9,71.3,53.2,100.0,75.0,91.7,59.4,91.7,57.4,85.8,64.4,80.5,60.6,99.6,57.1,83.7,67.7,75.0,40.0,40.0,40.0,40.0,40.0,40.0,40.0,37.0,140,142,138,140,140,142,140,72,70,74,72,72,70,72,144,142,Không,Không,Không,Không,Không,Không,Không,Không,Không,Không,Không,Không,Không,Không,Không,Không,Không,Không,Không,Không,Không,Không,Không,Không,144,144,49.009,50.658,48.031,2.651,65.0,85.0,134.0,134.0,51.000,52.3,64.5,41.6,64.8,40.3,60.5,45.3,56.9,42.2,70.7,37.5,56.8,46.0,8.2,7.8,8.0,6.5,11.2,4.3,11.5,1593.7,16.00,22,22,22,52,74,880,2,Đúng,Không,Không,Không,Không,Không,Không,Không,Không,Không,Không,Không,Đúng,Đúng,Không,Không,Không,Không,Không,Không,Không,Không,Không,Không,Không,Không,Không,Không,Không,Không,Không,Không,Không,Không,Không,Không,Không,Không,Không,Không,Không,168.8,117,136,144,156,1.020,3.324,11.808,4.980,0.024,1.308,1.200,3.360,3.144,3.072,1607,0,0,Đúng,120,Không,Không,115,92.0,Không,Không,8828,12973,45315,124,87.0,100.0,Không,Không,46186,41443,100.0,72.3,100.0,11.081,1.969,33783,22572,0.0,0.0,0.0,0.000,0.064,398,709,0.2,1.2,1.4,0.326,1.260,25283,80811,112.8,127.2,181.4,0.675,6.279,4.897,12.000,0.076,6.024,6.203,0.180,19.600,19.600,139.0,405.0,544.0,134.0,402.3,23.0,18.0,0.0,5.0,41.3,5.2,10.4,0.0,50,Đúng,Không,Không,Không,Không,Đúng,Không,7,0,0,0,0,0,0,0,0,203,0,0,0,0,0,0,0,0,0,0,0,0,0,0,0,0,0,0,0,0,2403,1693,1616,127,2.5,75.0,76.3,74.0,73.8,73.8,73.8,75.0,75.5,74.5,74.2,74.2,74.2,13.33,13.54,13.08,13.02,13.55,13.55,0.81,0.01,13.21,0.12,0.08,16701,1512,9.7,2.2,0,41.0,52,
8.10.2026,20:10:31.487,30601,65517,31.8,19148,29866,39.0,1.0,47104,477,1.047,1.050,1.048,1.050,1.052,1.043,1.040,3984.3,3984.3,3984.3,3984.3,3984.3,3984.3,3984.3,99.6,3685.5,996.1,1960.2,2444.0,1293.8,2343.5,1450.1,2636.1,1635.9,1945.7,1867.4,2517.3,1369.4,2596.6,1423.1,1960.2,50.0,62.4,32.6,59.3,36.6,66.6,41.2,49.2,47.1,63.9,35.4,70.3,35.8,70.3,50.0,100.0,70.8,88.1,46.9,83.9,52.4,93.5,58.5,69.8,66.4,89.9,51.3,98.3,50.9,70.8,40.0,40.0,40.0,40.0,40.0,40.0,40.0,37.0,138,136,140,136,138,140,135,74,76,72,76,74,72,77,142,140,Không,Không,Không,Không,Không,Không,Không,Không,Không,Không,Không,Không,Không,Không,Không,Không,Không,Không,Không,Không,Không,Không,Không,Không,149,149,53.813,50.435,47.759,2.704,65.0,85.0,134.0,134.0,48.000,49.1,61.2,32.4,58.7,36.3,66.0,41.0,48.8,46.8,63.0,34.3,65.1,35.7,7.4,7.8,13.1,0.8,10.2,7.7,4.6,1593.7,16.00,22,22,22,52,74,880,2,Đúng,Không,Không,Không,Không,Không,Không,Không,Không,Không,Không,Không,Đúng,Đúng,Không,Không,Không,Không,Không,Không,Không,Không,Không,Không,Không,Không,Không,Không,Không,Không,Không,Không,Không,Không,Không,Không,Không,Không,Không,Không,Không,170.6,117,136,144,156,1.020,3.324,11.808,4.980,0.024,1.296,1.212,3.360,3.144,3.072,1607,0,0,Đúng,120,Không,Không,115,92.0,Không,Không,8828,12973,45315,124,87.0,100.0,Không,Không,46186,41443,100.0,100.0,100.0,10.695,2.238,33826,22580,0.0,0.0,0.0,0.000,0.045,398,709,0.4,0.4,0.8,0.383,0.172,25288,80812,112.8,127.2,181.4,0.675,6.307,4.908,12.000,0.076,6.024,6.231,0.208,19.600,19.600,139.0,405.0,544.0,134.0,402.8,21.0,18.0,0.0,4.0,41.3,5.3,10.6,0.0,50,Đúng,Không,Không,Không,Không,Đúng,Không,7,0,0,0,0,0,0,0,0,203,0,0,0,0,0,0,0,0,0,0,0,0,0,0,0,0,0,0,0,0,2403,1693,1616,124,2.5,75.0,76.5,73.8,73.3,73.2,73.2,75.0,75.4,74.6,74.5,74.5,74.5,13.33,13.58,13.06,12.98,13.70,13.70,0.73,0.01,13.20,0.13,0.09,16701,1512,35.0,9.3,0,41.0,52,
8.10.2026,20:10:36.079,30572,65546,31.8,19121,29894,39.0,1.0,47104,477,1.036,1.059,1.017,1.020,1.010,1.057,1.051,3984.3,3984.3,3984.3,3984.3,3984.3,3984.3,3984.3,99.6,3685.5,996.1,1631.7,1899.8,1106.6,1887.6,1181.6,1658.3,1705.9,1720.6,1780.7,2271.9,1134.8,2124.5,1108.3,1631.7,42.6,51.1,31.0,49.3,30.7,42.4,44.3,44.7,43.2,59.8,27.4,57.1,30.1,59.8,42.6,100.0,60.5,72.7,44.1,70.3,44.1,60.5,62.5,63.7,61.1,84.3,39.4,80.6,43.1,60.5,40.0,40.0,40.0,40.0,40.0,40.0,40.0,37.0,131,127,129,127,142,126,136,81,85,83,85,70,86,76,142,142,Không,Không,Không,Không,Không,Không,Không,Không,Không,Không,Không,Không,Không,Không,Không,Không,Không,Không,Không,Không,Không,Không,Không,Không,142,142,36.516,34.332,31.952,2.414,65.0,85.0,134.0,134.0,32.000,40.9,47.6,27.7,47.3,29.6,41.6,42.7,43.1,44.6,56.9,28.4,53.2,27.8,17.5,16.7,21.0,22.8,13.1,17.2,14.2,1593.7,16.00,22,22,22,52,74,880,2,Đúng,Không,Không,Không,Không,Không,Không,Không,Không,Không,Không,Không,Đúng,Đúng,Không,Không,Không,Không,Không,Không,Không,Không,Không,Không,Không,Không,Không,Không,Không,Không,Không,Không,Không,Không,Không,Không,Không,Không,Không,Không,Không,172.4,115,136,142,156,1.008,3.344,11.808,4.980,0.024,1.308,1.212,3.360,3.144,3.072,1551,0,0,Đúng,120,Không,Không,115,92.0,Không,Không,8828,12973,45315,124,87.0,100.0,Không,Không,46186,41443,100.0,100.0,100.0,12.954,2.025,33956,22590,0.0,0.0,0.0,0.000,0.044,398,709,0.2,0.3,0.5,0.109,0.179,25294,80815,112.8,127.2,181.4,0.675,6.285,4.899,12.000,0.076,6.024,6.209,0.186,19.600,19.600,139.0,405.0,544.0,134.0,402.9,26.0,19.0,0.0,6.0,41.3,5.4,10.7,0.0,50,Đúng,Không,Không,Không,Không,Đúng,Không,7,0,0,0,0,0,0,0,0,203,0,0,0,0,0,0,0,0,0,0,0,0,0,0,0,0,0,0,0,0,2403,1693,1616,124,2.5,75.0,76.0,74.1,74.0,74.0,74.0,75.0,75.3,74.7,74.6,74.6,74.6,13.33,13.52,13.14,13.10,13.52,13.52,0.85,0.18,13.21,0.12,0.09,16703,1513,1.6,5.3,0,41.0,52,
8.10.2026,20:10:41.590,30568,65550,31.8,19074,29940,38.9,1.0,47104,477,1.052,1.070,1.051,1.050,1.050,1.035,1.053,3984.3,3984.3,3984.3,3984.3,3984.3,3984.3,3984.3,99.6,3685.5,996.1,1412.9,1688.4,867.9,3195.5,1076.5,1591.8,1143.8,1625.5,1013.9,1697.5,915.5,1276.5,862.4,1412.9,37.3,44.4,22.9,79.4,29.8,41.0,30.5,43.5,27.3,45.5,23.9,33.8,26.0,79.4,37.3,100.0,53.2,63.5,32.9,110.7,42.4,58.7,43.6,62.1,39.2,64.8,34.6,49.0,37.4,53.3,40.0,40.0,40.0,40.0,40.0,40.0,40.0,37.0,131,124,147,124,127,127,136,81,88,65,88,85,85,76,149,147,Không,Không,Không,Không,Không,Không,Không,Không,Không,Không,Không,Không,Không,Không,Không,Không,Không,Không,Không,Không,Không,Không,Không,Không,149,149,43.243,34.392,32.010,2.420,65.0,85.0,134.0,134.0,43.000,35.4,42.3,21.7,80.1,27.0,39.9,28.7,40.7,25.4,42.5,22.9,32.0,21.6,28.6,31.0,4.2,30.4,31.5,32.5,42.1,1593.7,16.00,22,22,22,52,74,880,2,Đúng,Không,Không,Không,Không,Không,Không,Không,Không,Không,Không,Không,Đúng,Đúng,Không,Không,Không,Không,Không,Không,Không,Không,Không,Không,Không,Không,Không,Không,Không,Không,Không,Không,Không,Không,Không,Không,Không,Không,Không,Không,Không,168.8,115,136,145,154,1.008,3.344,11.880,4.980,0.024,1.308,1.212,3.360,3.144,3.072,1548,0,0,Đúng,120,Không,Không,115,92.0,Không,Không,8828,12973,45315,124,87.0,100.0,Không,Không,46186,41443,100.0,100.0,100.0,6.195,2.153,34004,22597,0.0,0.0,0.0,0.000,0.034,398,710,0.9,0.6,1.6,1.995,1.595,25298,80819,112.6,127.0,181.4,0.675,6.275,4.895,12.000,0.076,6.024,6.199,0.175,19.600,19.600,139.0,405.0,544.0,134.0,403.9,20.0,18.0,0.0,5.0,41.3,5.2,10.4,0.0,50,Đúng,Không,Không,Không,Không,Đúng,Không,7,0,0,0,0,0,0,0,0,203,0,0,0,0,0,0,0,0,0,0,0,0,0,0,0,0,0,0,0,0,2403,1693,1616,124,2.5,75.0,76.3,73.9,73.4,73.3,73.3,75.0,75.4,74.5,74.5,74.5,74.5,13.34,13.55,13.11,13.04,13.65,13.65,0.80,0.01,13.22,0.12,0.08,16703,1513,1.3,2.3,0,39.2,52,
8.10.2026,20:10:46.923,30593,65525,31.8,19105,29910,38.9,1.0,47104,477,1.046,1.049,1.042,1.048,1.049,1.047,1.042,3984.3,3984.3,3984.3,3984.3,3984.3,3984.3,3984.3,99.6,3685.5,996.1,1454.2,1769.5,1253.2,1624.3,1313.3,1500.5,1236.1,1257.2,1984.3,1481.6,1023.0,1293.5,1713.5,1454.2,40.2,46.6,32.3,41.6,33.7,39.3,32.6,33.1,52.2,38.2,26.8,32.4,73.1,73.1,40.2,100.0,57.0,66.3,45.8,59.6,48.1,56.4,46.4,47.5,73.3,54.9,38.5,46.1,101.5,57.0,40.0,40.0,40.0,40.0,40.0,40.0,40.0,37.0,138,133,142,145,131,138,138,74,79,70,67,81,74,74,142,145,Không,Không,Không,Không,Không,Không,Không,Không,Không,Không,Không,Không,Không,Không,Không,Không,Không,Không,Không,Không,Không,Không,Không,Không,145,145,42.282,34.189,31.796,2.413,65.0,85.0,134.0,134.0,43.000,36.4,44.5,31.4,40.7,32.9,37.6,31.0,31.5,49.7,37.1,25.6,32.4,42.9,29.3,26.7,36.4,37.5,23.9,39.1,12.3,1593.7,16.00,22,22,22,52,74,880,2,Đúng,Không,Không,Không,Không,Không,Không,Không,Không,Không,Không,Không,Đúng,Đúng,Không,Không,Không,Không,Không,Không,Không,Không,Không,Không,Không,Không,Không,Không,Không,Không,Không,Không,Không,Không,Không,Không,Không,Không,Không,Không,Không,168.8,115,136,142,154,1.020,3.324,11.808,4.950,0.024,1.308,1.212,3.360,3.144,3.072,1530,0,0,Đúng,120,Không,Không,115,92.0,Không,Không,8828,12973,45315,124,87.0,100.0,Không,Không,46186,41443,100.0,95.2,100.0,11.599,2.277,34083,22604,0.0,0.0,0.0,0.000,0.000,398,710,0.0,0.4,0.4,0.061,0.147,25299,80821,112.6,127.0,181.4,0.675,6.286,4.899,12.000,0.076,6.024,6.210,0.187,19.600,19.600,139.0,405.0,544.0,134.0,402.6,23.0,19.0,0.0,5.0,41.4,5.3,10.7,0.0,50,Đúng,Không,Không,Không,Không,Đúng,Không,7,0,0,0,0,0,0,0,0,203,0,0,0,0,0,0,0,0,0,0,0,0,0,0,0,0,0,0,0,0,2400,1696,1619,124,2.5,75.0,76.3,73.6,72.4,72.3,72.3,75.0,75.4,74.7,74.5,74.5,74.5,13.33,13.64,13.09,12.92,13.89,13.89,0.78,0.03,13.21,0.13,0.09,16704,1513,302.1,30.5,0,37.4,52,
8.10.2026,20:10:51.002,30684,65434,31.9,19188,29826,39.1,1.0,47104,477,1.051,1.060,1.043,1.049,1.051,1.053,1.050,3984.3,3984.3,3984.3,3984.3,3984.3,3984.3,3984.3,99.6,3685.5,996.1,1731.7,2206.3,1289.4,2159.7,1611.7,1617.9,2158.4,2419.8,1085.1,1899.5,1177.9,1679.1,1475.9,1731.7,45.2,57.7,33.4,55.5,41.5,42.0,55.5,64.8,28.5,47.8,32.4,45.4,37.3,64.8,45.2,100.0,64.0,81.3,47.4,78.4,58.8,59.8,77.8,91.3,41.0,68.1,46.6,64.9,53.1,64.0,40.0,40.0,40.0,40.0,40.0,40.0,40.0,37.0,136,136,142,145,131,133,129,76,76,70,67,81,79,83,145,145,Không,Không,Không,Không,Không,Không,Không,Không,Không,Không,Không,Không,Không,Không,Không,Không,Không,Không,Không,Không,Không,Không,Không,Không,142,142,46.126,47.662,45.076,2.629,65.0,85.0,134.0,134.0,47.000,43.4,55.3,32.3,54.1,40.4,40.5,54.1,60.6,27.2,47.6,29.5,42.1,37.0,15.6,8.0,15.2,15.4,17.2,21.8,16.3,1593.7,16.00,22,22,22,52,74,880,2,Đúng,Không,Không,Không,Không,Không,Không,Không,Không,Không,Không,Không,Đúng,Đúng,Không,Không,Không,Không,Không,Không,Không,Không,Không,Không,Không,Không,Không,Không,Không,Không,Không,Không,Không,Không,Không,Không,Không,Không,Không,Không,Không,168.8,115,136,144,154,1.008,3.344,11.880,4.980,0.024,1.308,1.212,3.360,3.144,3.072,1558,0,0,Đúng,120,Không,Không,115,92.0,Không,Không,8828,12973,45315,124,87.0,100.0,Không,Không,46186,41443,100.0,97.7,100.0,4.932,1.906,34129,22610,0.0,0.0,0.0,0.000,0.054,398,710,0.2,0.4,0.5,0.174,0.260,25299,80823,112.7,127.1,181.4,0.675,6.285,4.899,12.000,0.076,6.024,6.209,0.186,19.600,19.600,139.0,405.0,544.0,134.0,402.6,21.0,19.0,0.0,5.0,41.3,5.4,10.7,0.0,50,Đúng,Không,Không,Không,Không,Đúng,Không,7,0,0,0,0,0,0,0,0,203,0,0,0,0,0,0,0,0,0,0,0,0,0,0,0,0,0,0,0,0,2403,1693,1616,124,2.5,75.0,76.4,73.7,72.9,72.8,72.8,75.0,75.3,74.7,74.6,74.6,74.6,13.33,13.64,12.98,12.75,13.92,13.92,0.76,0.01,13.20,0.13,0.09,16705,1513,158.2,40.0,0,39.2,52,
8.10.2026,20:10:54.575,30667,65451,31.9,19200,29815,39.1,1.0,47104,477,1.054,1.048,1.054,1.054,1.055,1.053,1.057,3984.3,3984.3,3984.3,3984.3,3984.3,3984.3,3984.3,99.6,3685.5,996.1,2441.7,2854.1,2006.2,2413.5,2715.7,2746.2,2058.8,2425.0,2198.7,2990.5,2064.5,2778.1,2049.1,2441.7,63.5,74.7,52.2,62.3,70.0,71.5,53.6,62.9,61.5,75.6,52.6,71.5,52.9,75.6,63.5,100.0,89.1,104.5,73.4,87.7,98.1,100.2,75.6,88.4,86.2,105.8,74.3,100.2,74.6,89.1,40.0,40.0,40.0,40.0,40.0,40.0,40.0,37.0,143,142,151,145,144,138,140,69,70,61,67,68,74,72,149,151,Không,Không,Không,Không,Không,Không,Không,Không,Không,Không,Không,Không,Không,Không,Không,Không,Không,Không,Không,Không,Không,Không,Không,Không,149,149,47.087,45.741,43.198,2.573,65.0,85.0,134.0,134.0,50.000,61.2,71.5,50.3,60.5,68.0,68.8,51.6,60.8,55.1,74.9,51.7,69.6,51.3,1.8,0.0,2.9,0.9,4.9,0.9,1.3,1593.7,16.00,22,22,22,52,74,880,2,Đúng,Không,Không,Không,Không,Không,Không,Không,Không,Không,Không,Không,Đúng,Đúng,Không,Không,Không,Không,Không,Không,Không,Không,Không,Không,Không,Không,Không,Không,Không,Không,Không,Không,Không,Không,Không,Không,Không,Không,Không,Không,Không,168.8,115,135,145,154,1.020,3.285,11.880,4.980,0.024,1.308,1.212,3.360,3.144,3.072,1584,0,0,Đúng,120,Không,Không,115,92.0,Không,Không,8828,12973,45315,124,87.0,100.0,Không,Không,46186,41443,100.0,96.8,100.0,9.638,2.552,34158,22618,0.0,0.0,0.0,0.000,0.020,398,710,0.1,2.8,2.9,0.079,15.450,25300,80861,112.8,127.2,181.4,0.675,6.285,4.899,12.000,0.076,6.024,6.209,0.186,19.600,19.600,139.0,405.0,544.0,134.1,403.1,21.0,19.0,0.0,5.0,41.3,5.6,11.2,0.0,50,Đúng,Không,Không,Không,Không,Đúng,Không,7,0,0,0,0,0,0,0,0,203,0,0,0,0,0,0,0,0,0,0,0,0,0,0,0,0,0,0,0,0,2403,1693,1616,124,2.5,75.0,76.0,74.0,73.7,73.6,73.6,75.0,75.2,74.7,74.6,74.6,74.6,13.34,13.54,13.16,13.11,13.60,13.60,0.81,0.21,13.19,0.14,0.07,16705,1513,150.0,3.2,0,39.2,52,
8.10.2026,20:11:10.125,30654,65464,31.8,19221,29793,39.2,1.0,47104,477,1.056,1.060,1.034,1.068,1.059,1.056,1.060,3984.3,3984.3,3984.3,3984.3,3984.3,3984.3,3984.3,99.6,3685.5,996.1,1700.1,2470.9,1243.0,1931.3,1242.3,1571.3,1961.1,2458.5,1127.4,1897.2,1318.3,1974.1,1206.1,1700.1,43.8,64.6,33.4,49.6,32.7,41.8,57.6,59.7,28.1,46.4,33.9,48.3,30.0,64.6,43.8,100.0,62.2,90.7,46.6,70.6,47.0,59.3,80.9,84.2,40.4,66.3,48.6,68.9,43.3,62.2,40.0,40.0,40.0,40.0,40.0,40.0,40.0,37.0,129,126,129,124,140,127,126,83,86,83,88,72,85,86,140,140,Không,Không,Không,Không,Không,Không,Không,Không,Không,Không,Không,Không,Không,Không,Không,Không,Không,Không,Không,Không,Không,Không,Không,Không,140,140,32.672,34.328,31.946,2.417,65.0,85.0,134.0,134.0,33.000,42.6,61.9,31.1,48.4,31.1,39.4,49.1,61.6,28.2,47.5,33.0,49.5,30.2,14.7,6.8,23.5,10.8,10.3,18.4,18.2,1593.7,16.00,22,22,22,52,74,880,2,Đúng,Không,Không,Không,Không,Không,Không,Không,Không,Không,Không,Không,Đúng,Đúng,Không,Không,Không,Không,Không,Không,Không,Không,Không,Không,Không,Không,Không,Không,Không,Không,Không,Không,Không,Không,Không,Không,Không,Không,Không,Không,Không,168.8,115,136,144,154,0.996,3.285,11.952,5.010,0.024,1.296,1.212,3.360,3.144,3.072,1566,0,0,Đúng,120,Không,Không,115,92.0,Không,Không,8828,12973,45315,124,87.0,100.0,Không,Không,46186,41443,100.0,100.0,100.0,60.445,7.077,35086,22707,0.0,0.0,0.0,0.000,0.069,398,711,0.2,0.2,0.4,0.018,0.173,25302,80870,112.7,127.1,181.4,0.675,6.279,4.897,12.000,0.076,6.024,6.203,0.180,19.600,19.600,139.0,405.0,544.0,134.0,402.2,19.0,18.0,0.0,5.0,41.3,5.4,10.7,0.0,50,Đúng,Không,Không,Không,Không,Đúng,Không,7,0,0,0,0,0,0,0,0,203,0,0,0,0,0,0,0,0,0,0,0,0,0,0,0,0,0,0,0,0,2405,1691,1614,123,2.5,75.0,76.3,73.5,72.3,72.2,72.2,75.0,75.2,74.7,74.7,74.7,74.7,13.33,13.64,13.08,12.88,13.92,13.92,0.76,0.36,13.21,0.12,0.08,16708,1513,39.4,35.9,0,37.4,52,
8.10.2026,20:11:19.828,30803,65315,32.0,19278,29736,39.3,1.0,47104,476,1.051,1.044,1.050,1.058,1.056,1.051,1.049,3984.3,3984.3,3984.3,3984.3,3984.3,3984.3,3984.3,99.6,3685.5,996.1,2410.8,2696.5,1924.1,2837.9,2392.7,2686.0,2121.4,2388.0,2432.7,2810.9,1878.1,2645.7,2116.0,2410.8,62.3,71.5,49.3,74.1,61.3,70.2,53.9,62.4,59.8,70.5,49.8,68.1,56.4,74.1,62.3,100.0,87.7,100.2,69.7,103.9,86.4,98.5,76.3,88.1,84.0,99.2,70.6,95.7,79.4,87.7,40.0,40.0,40.0,40.0,40.0,40.0,40.0,37.0,138,142,140,133,129,140,144,74,70,72,79,83,72,68,142,144,Không,Không,Không,Không,Không,Không,Không,Không,Không,Không,Không,Không,Không,Không,Không,Không,Không,Không,Không,Không,Không,Không,Không,Không,151,151,41.321,45.791,43.272,2.552,65.0,85.0,134.0,134.0,43.000,60.4,67.6,48.2,71.1,59.9,67.3,53.1,59.8,60.9,70.4,47.1,66.3,53.0,2.0,0.0,0.0,5.6,4.8,1.5,0.3,1593.7,16.00,22,22,22,52,74,880,2,Đúng,Không,Không,Không,Không,Không,Không,Không,Không,Không,Không,Không,Đúng,Đúng,Không,Không,Không,Không,Không,Không,Không,Không,Không,Không,Không,Không,Không,Không,Không,Không,Không,Không,Không,Không,Không,Không,Không,Không,Không,Không,Không,170.6,115,136,145,154,1.020,3.344,11.808,4.950,0.024,1.308,1.212,3.360,3.144,3.072,1584,0,0,Đúng,120,Không,Không,115,92.0,Không,Không,8828,12973,45315,124,87.0,100.0,Không,Không,46186,41443,100.0,100.0,100.0,27.620,0.764,35323,22714,0.0,0.0,0.0,0.000,0.043,398,712,0.5,2.4,2.8,0.659,10.514,25317,80898,112.6,127.0,181.4,0.675,6.280,4.897,12.000,0.076,6.024,6.204,0.180,19.600,19.600,139.0,405.0,544.0,134.1,402.5,19.0,18.0,0.0,5.0,41.3,5.5,11.0,0.0,50,Đúng,Không,Không,Không,Không,Đúng,Không,7,0,0,0,0,0,0,0,0,203,0,0,0,0,0,0,0,0,0,0,0,0,0,0,0,0,0,0,0,0,2404,1692,1615,123,2.5,75.0,76.7,73.7,73.2,73.2,73.2,75.0,75.6,74.5,74.2,74.2,74.2,13.33,13.62,13.02,13.01,13.70,13.70,0.79,0.01,13.21,0.13,0.09,16709,1513,215.6,24.1,0,39.2,52,
8.10.2026,20:11:25.149,30692,65426,31.9,19265,29749,39.3,1.0,47104,476,1.048,1.056,1.046,1.041,1.047,1.049,1.046,3984.3,3984.3,3984.3,3984.3,3984.3,3984.3,3984.3,99.6,3685.5,996.1,1768.4,2074.2,1389.9,1711.7,1669.7,2207.6,1611.4,1603.2,2566.5,1828.5,1020.8,1725.7,1811.4,1768.4,44.1,52.6,34.8,43.0,41.7,55.3,35.2,38.4,66.5,46.5,24.6,45.2,45.4,66.5,44.1,100.0,62.5,74.5,49.3,61.4,59.3,78.0,50.2,54.6,92.5,66.4,35.7,64.1,64.0,62.5,40.0,40.0,40.0,40.0,40.0,40.0,40.0,37.0,136,126,133,147,136,142,131,76,86,79,65,76,70,81,149,147,Không,Không,Không,Không,Không,Không,Không,Không,Không,Không,Không,Không,Không,Không,Không,Không,Không,Không,Không,Không,Không,Không,Không,Không,144,144,27.868,43.626,41.140,2.516,65.0,85.0,134.0,134.0,28.000,44.3,51.9,34.8,42.9,41.8,55.3,40.4,40.2,64.3,45.8,25.6,43.2,45.4,16.3,11.9,17.2,11.9,8.4,31.3,17.0,1593.7,16.00,22,22,22,52,74,880,2,Đúng,Không,Không,Không,Không,Không,Không,Không,Không,Không,Không,Không,Đúng,Đúng,Không,Không,Không,Không,Không,Không,Không,Không,Không,Không,Không,Không,Không,Không,Không,Không,Không,Không,Không,Không,Không,Không,Không,Không,Không,Không,Không,168.8,115,136,144,154,1.008,3.344,11.808,4.950,0.024,1.308,1.212,3.360,3.144,3.072,1566,0,0,Đúng,120,Không,Không,115,92.0,Không,Không,8828,12973,45315,124,87.0,100.0,Không,Không,46186,41443,100.0,100.0,100.0,23.132,0.994,35459,22721,0.0,0.0,0.0,0.000,0.036,398,712,0.2,2.5,2.7,0.118,11.206,25317,80936,112.5,127.0,181.4,0.675,6.278,4.896,12.000,0.076,6.024,6.202,0.179,19.600,19.600,139.0,405.0,544.0,134.0,401.8,21.0,18.0,0.0,5.0,41.6,5.2,10.4,0.0,50,Đúng,Không,Không,Không,Không,Đúng,Không,7,0,0,0,0,0,0,0,0,203,0,0,0,0,0,0,0,0,0,0,0,0,0,0,0,0,0,0,0,0,2394,1702,1625,123,2.5,75.0,76.0,73.9,73.7,73.7,73.7,75.0,75.3,74.5,74.5,74.5,74.5,13.33,13.58,13.11,13.09,13.62,13.62,0.88,0.01,13.21,0.12,0.09,16710,1513,190.5,7.3,0,39.2,52,
8.10.2026,20:11:34.299,30712,65406,31.9,19295,29720,39.3,1.0,47104,476,1.049,1.053,1.050,1.050,1.040,1.052,1.052,3984.3,3984.3,3984.3,3984.3,3984.3,3984.3,3984.3,99.6,3685.5,996.1,2082.7,2517.7,1502.1,2493.1,1790.4,1986.6,1775.8,1873.6,3076.3,2172.1,1838.7,2199.8,1766.6,2082.7,53.7,65.7,39.2,64.5,47.0,51.8,46.3,48.3,76.1,56.7,47.4,56.4,44.6,76.1,53.7,100.0,75.5,92.2,55.5,90.6,66.4,73.2,65.4,67.9,105.7,79.9,66.9,79.6,62.9,75.5,40.0,40.0,40.0,40.0,40.0,40.0,40.0,37.0,135,138,133,127,142,133,136,77,74,79,85,70,79,76,142,142,Không,Không,Không,Không,Không,Không,Không,Không,Không,Không,Không,Không,Không,Không,Không,Không,Không,Không,Không,Không,Không,Không,Không,Không,151,151,40.360,37.463,35.075,2.422,65.0,85.0,134.0,134.0,40.000,52.2,63.1,37.6,62.5,44.9,49.8,44.5,46.9,77.1,54.4,46.1,55.1,44.3,7.9,3.6,7.7,17.8,1.1,8.1,9.2,1593.7,16.00,22,22,22,52,74,880,2,Đúng,Không,Không,Không,Không,Không,Không,Không,Không,Không,Không,Không,Đúng,Đúng,Không,Không,Không,Không,Không,Không,Không,Không,Không,Không,Không,Không,Không,Không,Không,Không,Không,Không,Không,Không,Không,Không,Không,Không,Không,Không,Không,168.8,115,136,142,154,1.008,3.344,11.880,4.980,0.024,1.308,1.212,3.360,3.144,3.072,1577,0,0,Đúng,120,Không,Không,115,92.0,Không,Không,8828,12973,45315,124,87.0,100.0,Không,Không,46186,41443,100.0,100.0,100.0,10.161,1.324,35520,22735,0.0,0.1,0.1,0.000,0.088,398,713,0.3,0.5,0.8,0.102,1.058,25323,80944,112.5,127.0,181.4,0.675,6.281,4.897,12.000,0.076,6.024,6.205,0.182,19.600,19.600,139.0,405.0,544.0,134.1,403.1,26.0,20.0,0.0,6.0,41.3,5.6,11.1,0.0,50,Đúng,Không,Không,Không,Không,Đúng,Không,7,0,0,0,0,0,0,0,0,203,0,0,0,0,0,0,0,0,0,0,0,0,0,0,0,0,0,0,0,0,2404,1692,1615,122,2.5,76.3,231.8,59.2,56.1,55.8,55.8,0.0,0.0,0.0,0.0,0.0,0.0,13.11,16.88,4.39,0.56,17.88,17.88,0.90,167.80,12.99,0.12,0.00,16711,1513,51.3,7.8,0,39.2,52,
8.10.2026,20:11:41.046,30731,65387,31.9,19332,29682,39.4,1.0,47104,476,1.046,1.046,1.042,1.042,1.045,1.052,1.048,3984.3,3984.3,3984.3,3984.3,3984.3,3984.3,3984.3,99.6,3685.5,996.1,1501.5,1797.5,1059.4,1370.8,1229.4,1633.6,1136.4,2463.1,1887.0,1667.5,1102.1,1376.0,1295.5,1501.5,38.2,46.8,27.3,35.4,31.4,41.5,29.5,62.2,47.3,42.2,27.5,34.8,32.6,62.2,38.2,100.0,54.5,66.8,39.2,51.3,45.0,59.2,42.5,86.8,66.3,60.3,39.6,50.1,46.5,54.5,40.0,40.0,40.0,40.0,40.0,40.0,40.0,37.0,140,140,144,144,138,140,136,72,72,68,68,74,72,76,144,144,Không,Không,Không,Không,Không,Không,Không,Không,Không,Không,Không,Không,Không,Không,Không,Không,Không,Không,Không,Không,Không,Không,Không,Không,142,142,44.204,42.474,39.929,2.584,65.0,85.0,134.0,134.0,46.000,37.6,45.2,26.5,34.3,30.8,40.9,28.5,61.7,47.3,41.8,27.6,34.5,32.5,31.3,29.8,40.4,36.6,5.0,36.3,39.6,1593.7,16.00,22,22,22,52,74,880,2,Đúng,Không,Không,Không,Không,Không,Không,Không,Không,Không,Không,Không,Đúng,Đúng,Không,Không,Không,Không,Không,Không,Không,Không,Không,Không,Không,Không,Không,Không,Không,Không,Không,Không,Không,Không,Không,Không,Không,Không,Không,Không,Không,168.8,115,136,140,154,0.996,3.344,11.880,5.010,0.024,1.308,1.212,3.360,3.144,3.072,1551,0,0,Đúng,120,Không,Không,115,92.0,Không,Không,8828,12973,45315,124,87.0,100.0,Không,Không,46186,41443,100.0,94.8,100.0,21.119,1.409,35637,22743,0.0,0.0,0.0,0.000,0.036,398,713,0.3,0.3,0.6,0.080,0.166,25324,80945,112.7,127.1,181.4,0.675,6.286,4.899,12.000,0.076,6.024,6.210,0.187,19.600,19.600,139.0,405.0,544.0,134.1,402.5,20.0,18.0,0.0,5.0,41.3,5.3,10.5,0.0,50,Đúng,Không,Không,Không,Không,Đúng,Không,7,0,0,0,0,0,0,0,0,203,0,0,0,0,0,0,0,0,0,0,0,0,0,0,0,0,0,0,0,0,2403,1693,1616,122,2.5,75.0,76.7,73.1,72.6,72.5,72.5,75.0,75.5,74.7,74.6,74.6,74.6,13.34,13.74,12.98,12.79,13.83,13.83,0.78,0.01,13.21,0.13,0.09,16712,1513,269.0,14.1,0,39.2,52,
8.10.2026,20:11:44.443,30740,65378,31.9,19318,29696,39.4,1.0,47104,476,1.047,1.044,1.046,1.047,1.045,1.049,1.050,3984.3,3984.3,3984.3,3984.3,3984.3,3984.3,3984.3,99.6,3685.5,996.1,1735.1,2282.9,1116.5,2122.1,1509.7,1816.0,1296.2,2620.1,1323.0,1634.8,1529.1,2458.3,1112.7,1735.1,44.1,59.6,33.7,52.0,37.5,45.1,32.8,65.3,33.8,41.7,37.3,62.6,27.9,65.3,44.1,100.0,62.4,83.9,47.6,73.6,53.2,64.4,46.7,91.6,47.9,59.7,53.1,87.9,39.8,62.4,40.0,40.0,40.0,40.0,40.0,40.0,40.0,37.0,141,142,142,142,140,142,136,71,70,70,70,72,70,76,142,142,Không,Không,Không,Không,Không,Không,Không,Không,Không,Không,Không,Không,Không,Không,Không,Không,Không,Không,Không,Không,Không,Không,Không,Không,142,142,43.243,43.014,40.479,2.566,65.0,85.0,134.0,134.0,47.000,43.5,57.2,28.0,53.2,37.8,45.5,32.5,65.7,33.2,41.0,38.3,61.6,27.9,19.5,10.5,21.1,28.6,13.8,25.8,17.3,1593.7,16.00,22,22,22,52,74,880,2,Đúng,Không,Không,Không,Không,Không,Không,Không,Không,Không,Không,Không,Đúng,Đúng,Không,Không,Không,Không,Không,Không,Không,Không,Không,Không,Không,Không,Không,Không,Không,Không,Không,Không,Không,Không,Không,Không,Không,Không,Không,Không,Không,168.8,115,136,144,154,1.008,3.285,11.880,4.980,0.024,1.308,1.212,3.360,3.144,3.072,1566,0,0,Đúng,120,Không,Không,115,92.0,Không,Không,8828,12973,45315,126,87.0,100.0,Không,Không,46186,41443,100.0,87.2,100.0,9.391,2.435,35688,22751,0.0,0.1,0.1,0.000,0.113,398,714,0.8,0.6,1.4,1.709,1.901,25327,80950,112.7,127.1,181.4,0.675,6.274,4.894,12.000,0.076,6.024,6.198,0.174,19.600,19.600,139.0,405.0,544.0,134.1,401.9,21.0,18.0,0.0,5.0,41.3,5.3,10.7,0.0,50,Đúng,Không,Không,Không,Không,Đúng,Không,7,0,0,0,0,0,0,0,0,203,0,0,0,0,0,0,0,0,0,0,0,0,0,0,0,0,0,0,0,0,2406,1690,1616,122,2.5,75.0,78.3,72.0,69.9,69.7,69.7,75.0,75.3,74.7,74.6,74.6,74.6,13.33,13.94,12.72,12.36,14.33,14.33,0.77,0.18,13.20,0.13,0.15,16713,1513,324.4,7.1,0,39.2,52,
8.10.2026,20:11:48.422,30705,65413,31.9,19304,29710,39.3,1.0,47104,476,1.047,1.046,1.046,1.046,1.049,1.048,1.047,3984.3,3984.3,3984.3,3984.3,3984.3,3984.3,3984.3,99.6,3685.5,996.1,1873.0,2104.8,1800.2,2080.2,1684.7,1735.7,1457.8,2460.7,1487.7,2223.8,1659.3,1806.8,1974.4,1873.0,50.9,56.1,46.6,54.3,43.6,45.9,38.4,63.2,57.1,58.3,44.2,61.5,41.9,63.2,50.9,100.0,72.0,79.5,65.7,77.3,61.9,66.0,54.9,88.5,79.9,82.3,62.5,86.5,59.4,72.0,40.0,40.0,40.0,40.0,40.0,40.0,40.0,37.0,141,142,144,142,142,138,138,71,70,68,70,70,74,74,145,144,Không,Không,Không,Không,Không,Không,Không,Không,Không,Không,Không,Không,Không,Không,Không,Không,Không,Không,Không,Không,Không,Không,Không,Không,145,145,47.087,39.858,37.352,2.526,65.0,85.0,134.0,134.0,48.000,46.9,52.7,45.1,52.1,42.2,43.5,36.5,61.7,37.3,55.7,41.6,45.3,49.5,15.8,11.8,17.5,25.6,3.9,18.1,17.9,1593.7,16.00,22,22,22,52,74,880,2,Đúng,Không,Không,Không,Không,Không,Không,Không,Không,Không,Không,Không,Đúng,Đúng,Không,Không,Không,Không,Không,Không,Không,Không,Không,Không,Không,Không,Không,Không,Không,Không,Không,Không,Không,Không,Không,Không,Không,Không,Không,Không,Không,168.8,115,136,140,154,0.996,3.285,11.952,5.010,0.024,1.308,1.212,3.360,3.144,3.072,1580,0,0,Đúng,120,Không,Không,115,92.0,Không,Không,8828,12973,45315,126,87.0,100.0,Không,Không,46186,41443,100.0,100.0,100.0,9.147,2.081,35738,22759,0.0,0.0,0.0,0.000,0.014,398,714,0.3,1.1,1.5,0.447,0.852,25329,80957,112.4,126.8,181.4,0.675,6.283,4.898,12.000,0.076,6.024,6.207,0.184,19.600,19.600,139.0,405.0,544.0,134.0,402.4,27.0,20.0,0.0,6.0,41.4,5.5,11.1,0.0,50,Đúng,Không,Không,Không,Không,Đúng,Không,7,0,0,0,0,0,0,0,0,203,0,0,0,0,0,0,0,0,0,0,0,0,0,0,0,0,0,0,0,0,2401,1695,1618,122,2.5,75.9,99.8,73.2,73.1,73.1,73.1,0.0,0.0,0.0,0.0,0.0,0.0,13.17,13.69,10.03,8.90,13.70,13.70,1.21,0.01,13.05,0.12,0.00,16714,1513,158.4,3.4,0,39.2,52,
8.10.2026,20:11:52.368,30772,65346,32.0,19365,29649,39.5,1.0,47104,476,1.053,1.054,1.057,1.053,1.054,1.048,1.052,3984.3,3984.3,3984.3,3984.3,3984.3,3984.3,3984.3,99.6,3685.5,996.1,2363.4,2999.4,1968.3,2381.5,2407.2,2602.2,2208.3,2650.1,2011.8,2763.6,1884.1,2717.1,1767.2,2363.4,60.4,77.0,50.4,60.3,61.1,66.1,56.0,67.3,51.0,63.6,54.5,66.3,50.9,77.0,60.4,100.0,84.9,107.3,71.0,85.3,86.0,92.7,78.7,94.6,71.9,89.6,76.8,93.2,71.8,84.9,40.0,40.0,40.0,40.0,40.0,40.0,40.0,37.0,135,131,135,129,133,138,144,77,81,77,83,79,74,68,144,144,Không,Không,Không,Không,Không,Không,Không,Không,Không,Không,Không,Không,Không,Không,Không,Không,Không,Không,Không,Không,Không,Không,Không,Không,153,153,53.813,46.565,43.900,2.680,65.0,85.0,134.0,134.0,53.000,59.2,75.1,49.3,59.7,60.3,65.2,55.3,66.4,50.4,69.2,47.2,68.1,44.3,4.0,2.0,3.4,4.1,0.7,3.5,10.4,1593.7,16.00,22,22,22,52,74,880,2,Đúng,Không,Không,Không,Không,Không,Không,Không,Không,Không,Không,Không,Đúng,Đúng,Không,Không,Không,Không,Không,Không,Không,Không,Không,Không,Không,Không,Không,Không,Không,Không,Không,Không,Không,Không,Không,Không,Không,Không,Không,Không,Không,168.8,115,136,149,154,1.008,3.285,11.808,4.980,0.024,1.320,1.212,3.360,3.144,3.072,1573,0,0,Đúng,120,Không,Không,115,92.0,Không,Không,8828,12973,45315,129,87.0,100.0,Không,Không,46186,41443,100.0,75.0,100.0,8.016,2.247,35761,22765,0.0,0.0,0.0,0.000,0.043,398,714,0.3,0.7,1.0,0.339,1.413,25330,80961,112.8,127.2,181.4,0.675,6.280,4.897,12.000,0.076,6.024,6.204,0.181,19.600,19.600,139.0,405.0,544.0,134.0,403.0,19.0,18.0,0.0,5.0,41.3,5.2,10.5,0.0,50,Đúng,Không,Không,Không,Không,Đúng,Không,7,0,0,0,0,0,0,0,0,203,0,0,0,0,0,0,0,0,0,0,0,0,0,0,0,0,0,0,0,0,2405,1691,1614,122,2.5,75.0,76.6,73.7,73.6,73.6,73.6,75.0,75.3,74.7,74.7,74.7,74.7,13.34,13.65,13.03,13.03,13.69,13.69,0.75,0.01,13.20,0.13,0.09,16714,1513,17.8,21.9,0,39.2,52,
8.10.2026,20:11:56.256,30679,65439,31.9,19285,29729,39.3,1.0,47104,476,1.048,1.049,1.045,1.046,1.046,1.050,1.053,3984.3,3984.3,3984.3,3984.3,3984.3,3984.3,3984.3,99.6,3685.5,996.1,2832.4,3156.6,2611.3,2986.0,2880.7,3042.2,2639.4,3362.0,2654.6,3063.4,2325.8,2931.0,2336.0,2832.4,73.3,81.3,66.2,75.6,73.3,78.0,67.1,85.7,67.3,72.3,67.5,76.6,68.4,85.7,73.3,100.0,102.5,113.2,92.8,106.2,102.7,108.9,93.9,119.1,94.1,101.4,94.8,106.9,95.9,102.5,40.0,40.0,40.0,40.0,40.0,40.0,40.0,37.0,144,142,145,144,144,145,142,68,70,67,68,68,67,70,147,145,Không,Không,Không,Không,Không,Không,Không,Không,Không,Không,Không,Không,Không,Không,Không,Không,Không,Không,Không,Không,Không,Không,Không,Không,145,145,49.009,51.624,48.915,2.724,65.0,85.0,134.0,134.0,54.000,71.0,79.1,65.4,74.8,72.2,76.2,66.1,84.2,66.5,76.8,58.3,73.4,58.5,0.6,0.0,0.0,0.0,0.0,1.2,2.5,1593.7,16.00,22,22,22,52,74,880,2,Đúng,Không,Không,Không,Không,Không,Không,Không,Không,Không,Không,Không,Đúng,Đúng,Không,Không,Không,Không,Không,Không,Không,Không,Không,Không,Không,Không,Không,Không,Không,Không,Không,Không,Không,Không,Không,Không,Không,Không,Không,Không,Không,170.6,115,136,145,156,1.020,3.285,11.880,4.950,0.024,1.320,1.212,3.360,3.144,3.072,1607,0,0,Đúng,120,Không,Không,115,92.0,Không,Không,8828,12973,45315,129,87.0,100.0,Không,Không,46187,41443,100.0,100.0,100.0,8.895,2.753,35807,22771,0.0,0.0,0.0,0.000,0.020,398,714,0.2,1.0,1.2,0.266,3.630,25331,81008,112.5,127.0,181.4,0.675,6.279,4.897,12.000,0.076,6.024,6.203,0.180,19.600,19.600,139.0,405.0,544.0,134.0,402.3,20.0,18.0,0.0,5.0,41.3,5.4,10.7,0.0,50,Đúng,Không,Không,Không,Không,Đúng,Không,7,0,0,0,0,0,0,0,0,203,0,0,0,0,0,0,0,0,0,0,0,0,0,0,0,0,0,0,0,0,2405,1691,1614,122,2.5,75.0,76.9,73.4,73.1,73.1,73.1,75.0,75.2,74.7,74.7,74.7,74.7,13.33,13.67,12.96,12.88,13.79,13.79,0.73,0.18,13.20,0.13,0.10,16715,1513,315.9,10.7,0,41.0,52,
8.10.2026,20:11:59.755,30649,65470,31.8,19270,29744,39.3,1.0,47104,476,1.052,1.048,1.048,1.047,1.057,1.057,1.054,3984.3,3984.3,3984.3,3984.3,3984.3,3984.3,3984.3,99.6,3685.5,996.1,2584.6,3005.1,2144.1,2885.8,2582.5,2834.8,3005.7,2782.8,2080.6,2450.9,2358.9,2738.4,2145.2,2584.6,67.4,77.3,54.7,73.2,65.7,72.2,68.4,72.5,60.3,65.2,65.8,74.6,58.9,77.3,67.4,100.0,94.4,108.0,77.0,102.6,92.2,100.6,95.8,101.3,84.7,91.5,92.1,104.5,82.8,94.4,40.0,40.0,40.0,40.0,40.0,40.0,40.0,37.0,139,140,145,145,142,129,135,73,72,67,67,70,83,77,145,145,Không,Không,Không,Không,Không,Không,Không,Không,Không,Không,Không,Không,Không,Không,Không,Không,Không,Không,Không,Không,Không,Không,Không,Không,145,145,43.243,48.473,45.866,2.641,65.0,85.0,134.0,134.0,43.000,64.8,75.3,53.7,72.3,64.7,71.0,75.3,69.7,52.1,61.4,59.1,68.6,53.7,0.9,0.0,0.0,0.0,0.0,2.5,3.1,1593.7,16.00,22,22,22,52,74,880,2,Đúng,Không,Không,Không,Không,Không,Không,Không,Không,Không,Không,Không,Đúng,Không,Không,Không,Không,Không,Không,Không,Không,Không,Không,Không,Không,Không,Không,Không,Không,Không,Không,Không,Không,Không,Không,Không,Không,Không,Không,Không,Không,170.6,115,136,147,156,1.008,3.285,11.880,5.010,0.024,1.308,1.212,3.360,3.144,3.072,1607,0,0,Đúng,120,Không,Không,115,92.0,Không,Không,8828,12973,45315,129,87.0,100.0,Không,Không,46187,41443,100.0,100.0,100.0,9.447,2.589,35845,22779,0.0,0.0,0.0,0.000,0.075,398,714,0.3,1.1,1.5,0.610,1.694,25332,81013,112.7,127.1,181.4,0.675,6.284,4.899,12.000,0.076,6.024,6.208,0.185,19.600,19.600,139.0,405.0,544.0,134.0,401.8,19.0,18.0,0.0,5.0,41.3,5.3,10.6,0.0,50,Đúng,Không,Không,Không,Không,Đúng,Không,7,0,0,0,0,0,0,0,0,203,0,0,0,0,0,0,0,0,0,0,0,0,0,0,0,0,0,0,0,0,2406,1690,1613,112,2.5,75.0,75.9,73.7,73.1,73.1,73.1,75.0,75.4,74.6,74.4,74.4,74.4,13.33,13.68,13.15,13.12,13.74,13.74,0.74,0.19,13.20,0.13,0.08,16715,1513,71.8,11.6,0,41.0,52,
8.10.2026,20:12:3.845,30673,65445,31.9,19282,29732,39.3,1.0,47104,476,1.046,1.045,1.043,1.048,1.046,1.047,1.046,3984.3,3984.3,3984.3,3984.3,3984.3,3984.3,3984.3,99.6,3685.5,996.1,2583.4,2918.2,2200.4,2575.1,2610.6,2663.2,2377.1,2757.3,2417.3,2604.5,2279.0,2431.5,3166.4,2583.4,66.5,76.8,57.1,66.1,67.7,68.7,60.9,71.3,61.8,66.9,58.0,63.9,78.7,78.7,66.5,100.0,93.4,107.2,80.4,93.2,95.3,96.6,85.6,99.8,86.7,94.4,82.0,89.7,109.7,93.4,40.0,40.0,40.0,40.0,40.0,40.0,40.0,37.0,143,145,147,145,142,144,136,69,67,65,67,70,68,76,147,147,Không,Không,Không,Không,Không,Không,Không,Không,Không,Không,Không,Không,Không,Không,Không,Không,Không,Không,Không,Không,Không,Không,Không,Không,149,149,46.126,49.944,47.270,2.703,65.0,85.0,134.0,134.0,51.000,64.7,73.1,55.1,64.5,65.4,66.7,59.6,69.1,60.6,65.3,57.1,60.9,79.3,2.1,0.0,2.0,4.1,2.2,3.3,0.8,1593.7,16.00,22,22,22,52,74,880,2,Đúng,Không,Không,Không,Không,Không,Không,Không,Không,Không,Không,Không,Đúng,Đúng,Không,Không,Không,Không,Không,Không,Không,Không,Không,Không,Không,Không,Không,Không,Không,Không,Không,Không,Không,Không,Không,Không,Không,Không,Không,Không,Không,170.6,115,135,144,156,1.020,3.285,11.880,4.950,0.024,1.308,1.212,3.360,3.144,3.072,1607,0,0,Đúng,120,Không,Không,115,92.0,Không,Không,8828,12973,45315,129,87.0,100.0,Không,Không,46187,41443,100.0,100.0,100.0,12.999,1.956,35890,22785,0.0,0.1,0.1,0.000,0.070,398,715,0.3,0.8,1.1,0.346,1.668,25333,81017,112.7,127.1,181.4,0.675,6.279,4.897,12.000,0.076,6.024,6.203,0.180,19.600,19.600,139.0,405.0,544.0,134.0,403.3,19.0,18.0,0.0,5.0,41.3,5.2,10.5,0.0,50,Đúng,Không,Không,Không,Không,Đúng,Không,7,0,0,0,0,0,0,0,0,203,0,0,0,0,0,0,0,0,0,0,0,0,0,0,0,0,0,0,0,0,2406,1690,1613,113,2.5,75.0,75.9,74.1,74.0,74.0,74.0,75.0,75.3,74.6,74.6,74.6,74.6,13.33,13.51,13.13,13.12,13.53,13.53,0.79,0.01,13.20,0.13,0.08,16715,1513,69.0,7.7,0,42.8,52,
8.10.2026,20:12:7.354,30704,65415,31.9,19315,29700,39.4,1.0,47104,476,1.053,1.048,1.053,1.056,1.057,1.057,1.047,3984.3,3984.3,3984.3,3984.3,3984.3,3984.3,3984.3,99.6,3685.5,996.1,2511.9,2868.9,2228.9,2459.4,2598.2,2764.5,2134.5,2922.2,2107.2,2931.1,2430.5,2600.5,2097.0,2511.9,64.4,73.9,57.3,62.8,66.2,70.9,54.9,74.5,54.0,74.9,62.6,66.2,54.5,74.9,64.4,100.0,90.4,103.4,80.8,88.7,92.9,99.6,77.5,104.1,75.7,104.7,87.9,93.0,76.9,90.4,40.0,40.0,40.0,40.0,40.0,40.0,40.0,37.0,142,142,149,142,138,135,144,70,70,63,70,74,77,68,145,149,Không,Không,Không,Không,Không,Không,Không,Không,Không,Không,Không,Không,Không,Không,Không,Không,Không,Không,Không,Không,Không,Không,Không,Không,147,147,41.321,49.527,46.860,2.704,65.0,85.0,134.0,134.0,45.000,62.9,71.9,55.8,61.6,65.1,69.3,53.5,73.2,52.8,73.4,60.9,65.2,52.5,0.7,1.1,1.1,0.6,0.5,0.3,0.7,1593.7,16.00,22,22,22,52,74,880,2,Đúng,Không,Không,Không,Không,Không,Không,Không,Không,Không,Không,Không,Đúng,Đúng,Không,Không,Không,Không,Không,Không,Không,Không,Không,Không,Không,Không,Không,Không,Không,Không,Không,Không,Không,Không,Không,Không,Không,Không,Không,Không,Không,170.6,115,136,145,156,1.020,3.324,11.808,4.950,0.024,1.308,1.212,3.360,3.144,3.072,1607,0,0,Đúng,120,Không,Không,115,92.0,Không,Không,8828,12973,45315,131,87.0,100.0,Không,Không,46187,41443,100.0,97.0,100.0,11.751,3.058,35936,22794,0.0,0.0,0.0,0.000,0.030,398,715,0.2,1.6,1.8,0.110,2.881,25334,81022,112.8,127.2,181.4,0.675,6.281,4.897,12.000,0.076,6.024,6.205,0.182,19.600,19.600,139.0,405.0,544.0,134.0,402.5,20.0,18.0,0.0,5.0,41.3,5.4,10.7,0.0,50,Đúng,Không,Không,Không,Không,Đúng,Không,7,0,0,0,0,0,0,0,0,203,0,0,0,0,0,0,0,0,0,0,0,0,0,0,0,0,0,0,0,0,2405,1691,1614,113,2.5,75.0,76.7,73.5,73.4,73.3,73.3,75.0,75.3,74.7,74.7,74.7,74.7,13.33,13.65,12.98,12.91,13.66,13.66,0.76,0.18,13.20,0.14,0.11,16715,1513,82.6,11.6,0,42.8,52,
8.10.2026,20:12:10.636,30758,65360,32.0,19353,29662,39.4,1.0,47104,476,1.048,1.050,1.046,1.051,1.046,1.047,1.045,3984.3,3984.3,3984.3,3984.3,3984.3,3984.3,3984.3,99.6,3685.5,996.1,2668.4,3056.4,2271.6,2683.4,2660.3,2755.7,2382.7,2611.5,3144.4,2770.2,2223.3,2437.9,3023.6,2668.4,68.0,78.9,58.4,68.3,67.6,70.3,60.9,66.6,79.9,70.2,56.4,62.0,76.2,79.9,68.0,100.0,95.1,109.9,81.8,95.8,94.6,98.4,85.3,93.0,111.0,98.3,79.4,87.0,106.1,95.1,40.0,40.0,40.0,40.0,40.0,40.0,40.0,37.0,146,145,151,147,147,144,144,66,67,61,65,65,68,68,151,151,Không,Không,Không,Không,Không,Không,Không,Không,Không,Không,Không,Không,Không,Không,Không,Không,Không,Không,Không,Không,Không,Không,Không,Không,153,153,49.009,49.017,46.355,2.695,65.0,85.0,134.0,134.0,51.000,66.9,76.6,56.9,67.2,66.6,69.0,59.7,65.4,78.8,69.4,55.7,61.1,75.7,2.5,3.8,2.8,0.5,0.4,7.5,0.2,1593.7,16.00,22,22,22,52,74,880,2,Đúng,Không,Không,Không,Không,Không,Không,Không,Không,Không,Không,Không,Đúng,Đúng,Không,Không,Không,Không,Không,Không,Không,Không,Không,Không,Không,Không,Không,Không,Không,Không,Không,Không,Không,Không,Không,Không,Không,Không,Không,Không,Không,172.4,115,136,147,156,1.008,3.285,11.880,5.010,0.024,1.308,1.212,3.360,3.144,3.072,1610,0,0,Đúng,120,Không,Không,115,92.0,Không,Không,8828,12973,45315,131,87.0,100.0,Không,Không,46187,41443,100.0,95.7,100.0,9.549,2.757,35980,22802,0.0,0.0,0.0,0.000,0.055,398,715,0.3,0.6,0.8,0.416,0.767,25335,81024,112.8,127.2,181.4,0.675,6.279,4.897,12.000,0.076,6.024,6.203,0.180,19.600,19.600,139.0,405.0,544.0,134.1,403.0,19.0,18.0,0.0,5.0,41.3,5.2,10.3,0.0,50,Đúng,Không,Không,Không,Không,Đúng,Không,7,0,0,0,0,0,0,0,0,203,0,0,0,0,0,0,0,0,0,0,0,0,0,0,0,0,0,0,0,0,2405,1691,1614,113,2.5,75.0,75.8,73.7,73.5,73.5,73.5,75.0,75.3,74.7,74.7,74.7,74.7,13.34,13.58,13.18,13.18,13.64,13.64,0.78,0.19,13.20,0.14,0.08,16716,1514,146.2,17.9,0,42.8,52,
8.10.2026,20:12:13.880,30854,65264,32.1,19410,29604,39.6,1.0,47104,476,1.050,1.047,1.049,1.049,1.050,1.053,1.050,3984.3,3984.3,3984.3,3984.3,3984.3,3984.3,3984.3,99.6,3685.5,996.1,3450.6,3525.6,3237.3,3555.5,3396.4,3527.4,3437.2,3536.1,3568.1,3367.8,3355.6,3505.0,3395.1,3450.6,89.1,91.5,83.5,91.3,87.6,91.3,88.4,91.1,91.1,87.5,87.8,90.0,87.6,91.5,89.1,100.0,123.7,127.0,116.4,126.9,121.9,126.7,122.7,126.4,126.2,121.8,121.9,125.0,121.7,123.7,40.0,40.0,40.0,40.0,40.0,40.0,40.0,37.0,146,147,151,151,149,136,140,66,65,61,61,63,76,72,153,151,Không,Không,Không,Không,Không,Không,Không,Không,Không,Không,Không,Không,Không,Không,Không,Không,Không,Không,Không,Không,Không,Không,Không,Không,151,151,50.930,50.158,47.516,2.677,65.0,85.0,134.0,134.0,52.000,86.5,88.3,81.1,89.1,85.1,88.4,86.1,88.6,89.4,84.4,84.1,87.8,85.1,0.0,0.0,0.0,0.0,0.0,0.0,0.0,1593.7,16.00,22,22,22,52,74,880,2,Đúng,Không,Không,Không,Không,Không,Không,Không,Không,Không,Không,Không,Đúng,Không,Không,Không,Không,Không,Không,Không,Không,Không,Không,Không,Không,Không,Không,Không,Không,Không,Không,Không,Không,Không,Không,Không,Không,Không,Không,Không,Không,170.6,115,136,151,156,1.008,3.285,11.880,4.980,0.024,1.308,1.212,3.360,3.144,3.072,1607,0,0,Đúng,120,Không,Không,115,92.0,Không,Không,8828,12973,45315,131,87.0,100.0,Không,Không,46187,41443,100.0,72.7,100.0,9.512,2.327,35999,22806,0.0,0.1,0.1,0.000,0.099,398,715,1.3,0.3,1.6,0.331,0.503,25336,81025,112.8,127.2,181.4,0.675,6.291,4.901,12.000,0.076,6.024,6.215,0.191,19.600,19.600,139.0,405.0,544.0,134.0,401.9,24.0,20.0,0.0,5.0,41.4,5.5,11.0,0.0,50,Đúng,Không,Không,Không,Không,Đúng,Không,7,0,0,0,0,0,0,0,0,203,0,0,0,0,0,0,0,0,0,0,0,0,0,0,0,0,0,0,0,0,2401,1695,1618,113,2.5,75.6,86.6,74.6,74.5,74.5,74.5,0.0,0.0,0.0,0.0,0.0,0.0,13.22,13.41,11.68,11.35,13.41,13.41,1.30,0.01,13.07,0.15,0.00,16716,1514,192.7,8.2,0,44.6,52,
8.10.2026,20:12:18.021,30835,65283,32.0,19412,29603,39.6,1.0,47104,476,1.051,1.052,1.055,1.049,1.051,1.052,1.048,3984.3,3984.3,3984.3,3984.3,3984.3,3984.3,3984.3,99.6,3685.5,996.1,3058.8,3299.2,2798.9,3177.0,3075.6,3250.6,2807.1,3194.6,2939.5,3133.7,2846.5,3330.6,2852.8,3058.8,78.8,85.4,71.8,81.0,79.0,83.9,72.3,82.0,75.3,81.0,73.2,85.9,74.4,85.9,78.8,100.0,110.0,119.2,100.8,113.1,110.4,116.9,101.2,114.3,105.1,113.4,102.7,119.3,104.0,110.0,40.0,40.0,40.0,40.0,40.0,40.0,40.0,37.0,144,138,151,145,144,145,140,68,74,61,67,68,67,72,153,151,Không,Không,Không,Không,Không,Không,Không,Không,Không,Không,Không,Không,Không,Không,Không,Không,Không,Không,Không,Không,Không,Không,Không,Không,153,153,49.970,56.125,53.330,2.831,65.0,85.0,134.0,134.0,52.000,76.6,82.6,70.1,79.6,77.1,81.4,70.3,80.0,73.7,78.5,71.3,83.5,71.5,0.0,0.0,0.0,0.0,0.0,0.0,0.0,1593.7,16.00,22,22,22,52,74,880,2,Đúng,Không,Không,Không,Không,Không,Không,Không,Không,Không,Không,Không,Đúng,Không,Không,Không,Không,Không,Không,Không,Không,Không,Không,Không,Không,Không,Không,Không,Không,Không,Không,Không,Không,Không,Không,Không,Không,Không,Không,Không,Không,170.6,115,136,149,158,1.044,3.324,11.736,4.950,0.024,1.308,1.212,3.360,3.144,3.072,1610,0,0,Đúng,120,Không,Không,115,92.0,Không,Không,8828,12973,45315,131,87.0,100.0,Không,Không,46187,41443,100.0,100.0,100.0,7.271,1.813,36023,22813,0.0,0.1,0.1,0.000,0.081,398,715,0.2,0.3,0.5,0.207,0.281,25337,81027,112.7,127.1,181.4,0.675,6.289,4.900,12.000,0.076,6.024,6.213,0.190,19.600,19.600,139.0,405.0,544.0,134.0,402.6,20.0,18.0,0.0,5.0,41.4,5.6,11.2,0.0,50,Đúng,Không,Không,Không,Không,Đúng,Không,7,0,0,0,0,0,0,0,0,203,0,0,0,0,0,0,0,0,0,0,0,0,0,0,0,0,0,0,0,0,2402,1694,1614,113,2.5,75.0,76.5,73.6,72.8,72.8,72.8,75.0,75.3,74.7,74.7,74.6,74.6,13.33,13.62,13.05,12.87,13.81,13.81,0.79,0.20,13.19,0.14,0.09,16717,1514,328.7,9.1,0,44.6,52,
8.10.2026,20:12:21.833,30739,65379,31.9,19361,29654,39.5,1.0,47104,476,1.050,1.050,1.054,1.046,1.046,1.051,1.051,3984.3,3984.3,3984.3,3984.3,3984.3,3984.3,3984.3,99.6,3685.5,996.1,2226.6,2648.9,1850.4,2360.1,1962.4,2692.7,2084.7,2273.7,1929.6,2390.8,1751.2,2389.4,2385.5,2226.6,56.9,68.8,47.5,60.6,50.7,69.2,53.7,58.5,49.1,60.7,44.9,61.8,57.9,69.2,56.9,100.0,80.5,97.0,67.5,86.1,72.0,96.8,75.4,83.0,69.4,86.0,64.4,87.1,81.3,80.5,40.0,40.0,40.0,40.0,40.0,40.0,40.0,37.0,145,145,149,147,144,145,142,67,67,63,65,68,67,70,151,149,Không,Không,Không,Không,Không,Không,Không,Không,Không,Không,Không,Không,Không,Không,Không,Không,Không,Không,Không,Không,Không,Không,Không,Không,144,144,47.087,48.273,45.637,2.680,65.0,85.0,134.0,134.0,47.000,55.8,66.4,46.4,59.1,49.2,67.5,52.2,57.0,48.3,59.9,43.9,59.9,59.8,5.2,0.0,8.7,2.7,9.8,9.8,0.0,1593.7,16.00,22,22,22,52,74,880,2,Đúng,Không,Không,Không,Không,Không,Không,Không,Không,Không,Không,Không,Đúng,Đúng,Không,Không,Không,Không,Không,Không,Không,Không,Không,Không,Không,Không,Không,Không,Không,Không,Không,Không,Không,Không,Không,Không,Không,Không,Không,Không,Không,168.8,115,136,145,158,1.008,3.285,11.880,4.980,0.024,1.308,1.212,3.360,3.144,3.072,1614,0,0,Đúng,120,Không,Không,115,92.0,Không,Không,8828,12973,45315,133,87.0,100.0,Không,Không,46187,41443,100.0,100.0,100.0,4.302,2.181,36055,22821,0.0,0.1,0.1,0.000,0.070,398,716,0.3,0.5,0.7,0.344,0.489,25338,81033,112.7,127.1,181.4,0.675,6.278,4.896,12.000,0.076,6.024,6.202,0.178,19.600,19.600,139.0,405.0,544.0,134.0,403.4,23.0,19.0,0.0,6.0,41.3,5.2,10.5,0.0,50,Đúng,Không,Không,Không,Không,Đúng,Không,7,0,0,0,0,0,0,0,0,203,0,0,0,0,0,0,0,0,0,0,0,0,0,0,0,0,0,0,0,0,2405,1691,1616,113,2.5,75.0,78.1,72.4,69.9,69.6,69.6,75.0,75.5,74.4,74.2,74.2,74.2,13.33,13.87,12.77,12.35,14.38,14.38,0.72,0.20,13.20,0.13,0.12,16717,1514,6.1,5.5,0,44.6,52,
8.10.2026,20:12:25.095,30771,65348,32.0,19406,29608,39.5,1.0,47104,476,1.055,1.064,1.050,1.053,1.053,1.056,1.052,3984.3,3984.3,3984.3,3984.3,3984.3,3984.3,3984.3,99.6,3685.5,996.1,2811.1,3163.6,2400.5,2978.8,2824.2,3134.5,2565.1,2942.8,2754.9,2948.0,2519.6,3118.2,2383.2,2811.1,71.9,82.0,62.2,76.2,72.1,80.0,65.5,74.9,70.1,75.6,64.1,79.7,60.4,82.0,71.9,100.0,101.1,114.8,88.1,107.1,101.5,111.6,92.2,104.9,98.1,106.7,91.3,111.7,85.4,101.1,40.0,40.0,40.0,40.0,40.0,40.0,40.0,37.0,141,136,149,140,136,144,138,71,76,63,72,76,68,74,149,149,Không,Không,Không,Không,Không,Không,Không,Không,Không,Không,Không,Không,Không,Không,Không,Không,Không,Không,Không,Không,Không,Không,Không,Không,149,149,48.048,49.302,46.640,2.674,65.0,85.0,134.0,134.0,52.000,70.4,79.3,60.1,74.6,70.8,78.5,64.3,73.7,69.0,73.9,63.1,78.1,59.7,0.0,0.0,0.0,0.0,0.0,0.0,0.0,1593.7,16.00,22,22,22,52,74,880,2,Đúng,Không,Không,Không,Không,Không,Không,Không,Không,Không,Không,Không,Đúng,Không,Không,Không,Không,Không,Không,Không,Không,Không,Không,Không,Không,Không,Không,Không,Không,Không,Không,Không,Không,Không,Không,Không,Không,Không,Không,Không,Không,172.4,115,136,149,158,1.032,3.285,11.880,4.980,0.024,1.308,1.212,3.360,3.144,3.072,1610,0,0,Đúng,120,Không,Không,115,92.0,Không,Không,8828,12973,45315,133,87.0,100.0,Không,Không,46187,41443,100.0,100.0,100.0,8.427,2.567,36081,22829,0.0,0.1,0.1,0.000,0.114,398,716,0.3,1.3,1.6,0.264,6.053,25338,81044,112.8,127.2,181.4,0.675,6.282,4.898,12.000,0.076,6.024,6.206,0.183,19.600,19.600,139.0,405.0,544.0,134.0,401.9,25.0,20.0,0.0,6.0,41.3,5.8,11.5,0.0,50,Đúng,Không,Không,Không,Không,Đúng,Không,7,0,0,0,0,0,0,0,0,203,0,0,0,0,0,0,0,0,0,0,0,0,0,0,0,0,0,0,0,0,2405,1691,1614,114,2.5,75.0,76.3,73.7,73.6,73.6,73.6,75.0,75.6,74.5,74.5,74.5,74.5,13.33,13.61,13.07,13.03,13.64,13.64,0.79,0.02,13.19,0.15,0.11,16718,1514,147.1,8.4,0,44.6,52,
8.10.2026,20:12:28.453,30771,65348,32.0,19415,29599,39.6,1.0,47104,476,1.052,1.049,1.047,1.059,1.059,1.055,1.044,3984.3,3984.3,3984.3,3984.3,3984.3,3984.3,3984.3,99.6,3685.5,996.1,2351.2,2647.5,1864.4,2464.5,2294.7,2786.5,1883.9,3019.8,2039.3,2822.1,1841.8,2388.8,2161.0,2351.2,60.4,68.9,48.4,63.6,59.3,70.4,49.5,77.4,52.8,71.1,45.4,60.3,57.2,77.4,60.4,100.0,84.6,96.4,67.8,89.5,83.2,98.6,69.6,107.7,73.9,99.5,63.9,84.7,80.2,84.6,40.0,40.0,40.0,40.0,40.0,40.0,40.0,37.0,142,138,145,149,135,144,138,70,74,67,63,77,68,74,147,149,Không,Không,Không,Không,Không,Không,Không,Không,Không,Không,Không,Không,Không,Không,Không,Không,Không,Không,Không,Không,Không,Không,Không,Không,151,151,37.477,52.015,49.324,2.721,65.0,85.0,134.0,134.0,40.000,58.9,66.3,46.7,61.8,57.5,69.8,47.2,75.7,51.1,70.7,46.1,59.9,54.1,1.4,0.0,0.3,2.0,0.6,2.6,3.2,1593.7,16.00,22,22,22,52,74,880,2,Đúng,Không,Không,Không,Không,Không,Không,Không,Không,Không,Không,Không,Đúng,Đúng,Không,Không,Không,Không,Không,Không,Không,Không,Không,Không,Không,Không,Không,Không,Không,Không,Không,Không,Không,Không,Không,Không,Không,Không,Không,Không,Không,168.8,115,136,145,158,1.008,3.324,11.808,4.950,0.024,1.308,1.212,3.360,3.144,3.072,1607,0,0,Đúng,120,Không,Không,115,92.0,Không,Không,8828,12973,45315,133,87.0,100.0,Không,Không,46187,41443,100.0,100.0,100.0,13.339,2.396,36110,22834,0.0,0.0,0.0,0.000,0.020,398,716,0.5,0.2,0.7,0.691,0.384,25340,81045,112.8,127.2,181.4,0.675,6.284,4.899,12.000,0.076,6.024,6.208,0.185,19.600,19.600,139.0,405.0,544.0,134.0,402.7,21.0,18.0,0.0,6.0,41.3,5.6,11.1,0.0,50,Đúng,Không,Không,Không,Không,Đúng,Không,7,0,0,0,0,0,0,0,0,203,0,0,0,0,0,0,0,0,0,0,0,0,0,0,0,0,0,0,0,0,2405,1691,1614,114,2.5,75.0,76.5,73.7,73.2,73.2,73.2,75.0,75.6,74.6,74.5,74.5,74.5,13.34,13.64,13.03,12.90,13.79,13.79,0.79,0.01,13.20,0.14,0.10,16718,1514,73.0,1.9,0,44.6,52,
8.10.2026,20:12:31.802,30756,65362,31.9,19382,29632,39.5,1.0,47104,476,1.044,1.048,1.044,1.036,1.037,1.046,1.056,3984.3,3984.3,3984.3,3984.3,3984.3,3984.3,3984.3,99.6,3685.5,996.1,2529.3,2863.6,2115.0,2633.6,2377.2,2628.4,2165.5,2792.5,2415.5,2635.1,2190.6,2532.0,3002.8,2529.3,65.3,74.5,54.5,67.8,61.1,67.7,56.0,71.6,61.9,67.4,56.8,65.8,78.2,78.2,65.3,100.0,91.6,104.5,76.9,95.5,85.8,95.2,78.8,100.2,86.4,95.0,80.8,91.6,108.6,91.6,40.0,40.0,40.0,40.0,40.0,40.0,40.0,37.0,138,133,145,135,140,145,131,74,79,67,77,72,67,81,147,145,Không,Không,Không,Không,Không,Không,Không,Không,Không,Không,Không,Không,Không,Không,Không,Không,Không,Không,Không,Không,Không,Không,Không,Không,145,145,29.790,48.617,45.992,2.659,65.0,85.0,134.0,134.0,30.000,63.4,71.7,53.0,66.0,59.6,65.9,54.3,69.9,60.5,66.0,54.9,63.4,75.2,3.9,1.6,2.9,8.4,0.0,8.4,2.4,1593.7,16.00,22,22,22,52,74,880,2,Đúng,Không,Không,Không,Không,Không,Không,Không,Không,Không,Không,Không,Đúng,Đúng,Không,Không,Không,Không,Không,Không,Không,Không,Không,Không,Không,Không,Không,Không,Không,Không,Không,Không,Không,Không,Không,Không,Không,Không,Không,Không,Không,168.8,115,136,145,158,1.044,3.285,11.880,5.010,0.024,1.308,1.212,3.360,3.144,3.072,1607,0,0,Đúng,120,Không,Không,115,92.0,Không,Không,8828,12973,45315,133,87.0,100.0,Không,Không,46187,41443,100.0,100.0,100.0,8.408,2.879,36144,22842,0.0,0.0,0.0,0.000,0.031,398,716,0.3,0.4,0.7,0.620,0.428,25341,81047,112.7,127.1,181.4,0.675,6.278,4.896,12.000,0.076,6.024,6.202,0.179,19.600,19.600,139.0,405.0,544.0,134.1,403.2,19.0,18.0,0.0,5.0,41.3,5.1,10.1,0.0,50,Đúng,Không,Không,Không,Không,Đúng,Không,7,0,0,0,0,0,0,0,0,203,0,0,0,0,0,0,0,0,0,0,0,0,0,0,0,0,0,0,0,0,2405,1691,1614,113,2.5,75.0,77.0,73.1,72.5,72.4,72.4,75.0,75.2,74.7,74.6,74.6,74.6,13.33,13.69,12.96,12.75,13.83,13.83,0.73,0.18,13.20,0.13,0.10,16719,1514,380.3,7.6,0,44.6,52,
8.10.2026,20:12:34.739,30761,65357,32.0,19396,29618,39.5,1.0,47104,476,1.049,1.052,1.049,1.047,1.047,1.046,1.051,3984.3,3984.3,3984.3,3984.3,3984.3,3984.3,3984.3,99.6,3685.5,996.1,2210.5,2514.5,1756.7,2275.7,2107.0,2289.6,1845.9,2699.6,2141.9,2835.0,1620.3,2530.0,1909.3,2210.5,56.6,66.0,46.0,58.8,54.8,59.1,47.6,69.5,53.3,73.3,43.3,65.2,42.9,73.3,56.6,100.0,79.6,92.8,64.8,82.9,77.2,83.2,67.1,97.1,74.4,102.6,61.2,91.9,60.6,79.7,40.0,40.0,40.0,40.0,40.0,40.0,40.0,37.0,141,142,145,136,144,142,138,71,70,67,76,68,70,74,145,145,Không,Không,Không,Không,Không,Không,Không,Không,Không,Không,Không,Không,Không,Không,Không,Không,Không,Không,Không,Không,Không,Không,Không,Không,147,147,51.891,47.124,44.496,2.669,65.0,85.0,134.0,134.0,52.000,55.4,63.0,44.0,57.0,52.8,57.4,46.2,67.6,53.7,71.0,40.6,63.4,47.8,5.2,2.6,9.2,9.3,2.1,0.1,8.2,1593.7,16.00,22,22,22,52,74,880,2,Đúng,Không,Không,Không,Không,Không,Không,Không,Không,Không,Không,Không,Đúng,Đúng,Không,Không,Không,Không,Không,Không,Không,Không,Không,Không,Không,Không,Không,Không,Không,Không,Không,Không,Không,Không,Không,Không,Không,Không,Không,Không,Không,168.8,115,136,144,158,1.020,3.285,11.880,4.980,0.024,1.308,1.212,3.360,3.144,3.072,1610,0,0,Đúng,120,Không,Không,115,92.0,Không,Không,8828,12973,45315,133,87.0,100.0,Không,Không,46187,41443,100.0,100.0,100.0,11.903,2.980,36198,22851,0.0,0.0,0.0,0.000,0.061,398,717,0.2,0.3,0.5,0.177,0.361,25342,81048,112.9,127.3,181.4,0.675,6.282,4.898,12.000,0.076,6.024,6.206,0.182,19.600,19.600,139.0,405.0,544.0,134.0,401.7,23.0,19.0,0.0,5.0,41.3,5.6,11.1,0.0,50,Đúng,Không,Không,Không,Không,Đúng,Không,7,0,0,0,0,0,0,0,0,203,0,0,0,0,0,0,0,0,0,0,0,0,0,0,0,0,0,0,0,0,2404,1692,1615,113,2.5,75.0,76.3,73.3,73.1,73.1,73.1,75.0,75.3,74.6,74.6,74.6,74.6,13.34,13.72,13.06,13.04,13.78,13.78,0.80,0.19,13.19,0.14,0.10,16720,1514,61.3,2.2,0,44.6,52,
8.10.2026,20:12:38.710,30825,65293,32.0,19419,29595,39.6,1.0,47104,476,1.046,1.049,1.046,1.049,1.044,1.045,1.043,3984.3,3984.3,3984.3,3984.3,3984.3,3984.3,3984.3,99.6,3685.5,996.1,2493.2,2926.9,2023.9,3115.8,2373.7,2757.5,2233.1,2732.2,2218.1,2564.4,2082.4,2660.3,2230.2,2493.2,63.7,75.3,51.4,78.9,60.0,70.1,56.2,69.5,57.3,65.2,51.8,67.5,61.4,78.9,63.7,100.0,89.5,105.2,72.5,110.2,84.4,98.5,79.3,97.5,80.5,91.9,73.4,94.6,86.1,89.5,40.0,40.0,40.0,40.0,40.0,40.0,40.0,37.0,148,147,151,149,145,144,149,64,65,61,63,67,68,63,149,151,Không,Không,Không,Không,Không,Không,Không,Không,Không,Không,Không,Không,Không,Không,Không,Không,Không,Không,Không,Không,Không,Không,Không,Không,145,145,46.126,47.427,44.770,2.674,65.0,85.0,134.0,134.0,50.000,62.5,73.3,50.7,78.1,59.5,69.1,56.0,68.5,55.6,64.3,52.2,66.6,55.9,4.9,1.4,0.3,5.1,5.9,11.6,4.9,1593.7,16.00,22,22,22,52,74,880,2,Đúng,Không,Không,Không,Không,Không,Không,Không,Không,Không,Không,Không,Đúng,Đúng,Không,Không,Không,Không,Không,Không,Không,Không,Không,Không,Không,Không,Không,Không,Không,Không,Không,Không,Không,Không,Không,Không,Không,Không,Không,Không,Không,168.8,115,136,151,158,1.020,3.285,11.880,4.980,0.024,1.320,1.224,3.360,3.144,3.072,1607,0,0,Đúng,120,Không,Không,115,92.0,Không,Không,8828,12973,45315,133,87.0,100.0,Không,Không,46187,41443,100.0,86.0,100.0,7.875,2.203,36211,22855,0.0,0.0,0.0,0.000,0.012,398,717,0.3,1.7,1.9,0.144,7.491,25342,81060,112.8,127.2,181.4,0.675,6.284,4.899,12.000,0.076,6.024,6.208,0.184,19.600,19.600,139.0,405.0,544.0,134.1,402.3,20.0,18.0,0.0,5.0,41.3,5.4,10.7,0.0,50,Đúng,Không,Không,Không,Không,Đúng,Không,7,0,0,0,0,0,0,0,0,203,0,0,0,0,0,0,0,0,0,0,0,0,0,0,0,0,0,0,0,0,2405,1691,1614,112,2.5,75.0,77.8,72.2,69.7,69.4,69.4,75.0,75.6,74.3,74.0,74.0,74.0,13.34,13.89,12.84,12.30,14.40,14.40,0.83,0.37,13.20,0.14,0.10,16720,1514,15.0,8.9,0,44.6,52,
8.10.2026,20:12:41.521,30729,65390,31.9,19365,29649,39.5,1.0,47104,476,1.047,1.045,1.045,1.046,1.046,1.048,1.052,3984.3,3984.3,3984.3,3984.3,3984.3,3984.3,3984.3,99.6,3685.5,996.1,2725.7,3057.9,2240.4,2894.4,2612.7,2834.1,2590.7,2706.7,2949.4,2822.2,2456.7,3106.4,2436.5,2725.7,68.9,78.4,57.1,73.3,66.0,72.0,65.5,68.6,79.9,68.6,61.0,74.4,61.5,79.9,68.9,100.0,96.5,109.5,80.3,102.8,92.7,100.9,92.0,95.8,111.0,96.3,85.9,104.0,86.5,96.4,40.0,40.0,40.0,40.0,40.0,40.0,40.0,37.0,144,144,147,144,145,142,144,68,68,65,68,67,70,68,145,147,Không,Không,Không,Không,Không,Không,Không,Không,Không,Không,Không,Không,Không,Không,Không,Không,Không,Không,Không,Không,Không,Không,Không,Không,153,153,48.048,54.685,51.964,2.768,65.0,85.0,134.0,134.0,49.000,68.3,76.6,56.1,72.5,65.5,71.0,64.9,67.8,73.9,70.7,61.6,77.8,61.0,0.1,0.0,0.1,0.2,0.0,0.0,0.2,1593.7,16.00,22,22,22,52,74,880,2,Đúng,Không,Không,Không,Không,Không,Không,Không,Không,Không,Không,Không,Đúng,Không,Không,Không,Không,Không,Không,Không,Không,Không,Không,Không,Không,Không,Không,Không,Không,Không,Không,Không,Không,Không,Không,Không,Không,Không,Không,Không,Không,168.8,115,136,149,158,1.032,3.285,11.880,4.980,0.024,1.308,1.212,3.360,3.144,3.072,1610,0,0,Đúng,120,Không,Không,115,92.0,Không,Không,8828,12973,45315,133,87.0,100.0,Không,Không,46187,41443,100.0,98.6,100.0,7.330,3.270,36237,22862,0.0,0.0,0.0,0.000,0.088,398,717,0.1,0.6,0.7,0.140,0.350,25343,81086,112.8,127.2,181.4,0.675,6.288,4.900,12.000,0.076,6.024,6.212,0.188,19.600,19.600,139.0,405.0,544.0,134.0,402.5,26.0,20.0,0.0,6.0,41.3,5.6,11.2,0.0,50,Đúng,Không,Không,Không,Không,Đúng,Không,7,0,0,0,0,0,0,0,0,203,0,0,0,0,0,0,0,0,0,0,0,0,0,0,0,0,0,0,0,0,2404,1692,1615,112,2.5,75.0,76.6,73.6,73.3,73.3,73.3,75.0,75.3,74.6,74.6,74.6,74.6,13.33,13.65,13.00,12.94,13.65,13.65,0.73,0.19,13.19,0.14,0.11,16720,1514,85.2,8.2,0,46.4,52,
8.10.2026,20:12:46.393,30756,65363,31.9,19384,29630,39.5,1.0,47104,476,1.047,1.049,1.046,1.045,1.049,1.047,1.048,3984.3,3984.3,3984.3,3984.3,3984.3,3984.3,3984.3,99.6,3685.5,996.1,2255.0,2676.2,2033.0,2190.0,2643.0,2834.7,1899.8,2544.5,1792.3,2908.4,1622.9,2378.1,1536.7,2255.0,57.9,68.4,52.0,55.8,67.1,71.7,47.1,64.2,45.2,74.1,40.8,64.2,44.2,74.1,57.9,100.0,81.2,95.9,72.6,78.4,93.7,100.1,66.4,90.0,63.7,103.4,57.8,90.0,62.2,81.2,40.0,40.0,40.0,40.0,40.0,40.0,40.0,37.0,142,142,147,147,138,144,135,70,70,65,65,74,68,77,149,147,Không,Không,Không,Không,Không,Không,Không,Không,Không,Không,Không,Không,Không,Không,Không,Không,Không,Không,Không,Không,Không,Không,Không,Không,151,151,48.048,51.564,48.841,2.752,65.0,85.0,134.0,134.0,49.000,56.5,67.1,50.9,54.9,66.2,71.0,47.6,63.8,44.9,72.8,40.7,59.6,38.5,4.4,2.0,1.3,0.7,8.0,4.4,10.2,1593.7,16.00,22,22,22,52,74,880,2,Đúng,Không,Không,Không,Không,Không,Không,Không,Không,Không,Không,Không,Đúng,Đúng,Không,Không,Không,Không,Không,Không,Không,Không,Không,Không,Không,Không,Không,Không,Không,Không,Không,Không,Không,Không,Không,Không,Không,Không,Không,Không,Không,170.6,115,136,145,158,1.008,3.285,11.880,5.010,0.024,1.308,1.212,3.360,3.144,3.072,1607,0,0,Đúng,120,Không,Không,115,92.0,Không,Không,8828,12973,45315,133,87.0,100.0,Không,Không,46187,41443,100.0,97.7,100.0,27.748,1.803,36310,22871,0.0,0.0,0.0,0.000,0.051,398,717,0.2,1.4,1.6,0.180,1.701,25344,81092,112.8,127.2,181.4,0.675,6.288,4.900,12.000,0.076,6.024,6.212,0.188,19.600,19.600,139.0,405.0,544.0,134.1,402.5,21.0,19.0,0.0,5.0,41.4,5.3,10.6,0.0,50,Đúng,Không,Không,Không,Không,Đúng,Không,7,0,0,0,0,0,0,0,0,203,0,0,0,0,0,0,0,0,0,0,0,0,0,0,0,0,0,0,0,0,2401,1695,1618,112,2.5,75.0,76.8,72.9,72.1,72.0,72.0,75.0,75.3,74.8,74.8,74.8,74.8,13.33,13.74,13.01,12.84,13.92,13.92,0.74,0.01,13.20,0.13,0.09,16721,1514,162.8,8.6,0,46.4,52,
8.10.2026,20:12:50.836,30698,65421,31.9,19343,29671,39.4,1.0,47104,476,1.044,1.057,1.036,1.046,1.031,1.045,1.046,3984.3,3984.3,3984.3,3984.3,3984.3,3984.3,3984.3,99.6,3685.5,996.1,2021.6,2316.9,1577.6,2315.7,1753.0,2024.0,1755.5,2236.2,1865.3,2383.8,1552.1,2320.6,2158.7,2021.6,52.9,60.5,41.0,59.4,45.2,53.2,45.3,57.5,48.5,54.3,44.4,63.9,61.3,63.9,52.9,100.0,74.7,85.4,58.2,84.0,64.2,75.5,64.2,81.2,68.4,76.9,63.0,89.3,85.9,74.7,40.0,40.0,40.0,40.0,40.0,40.0,40.0,37.0,136,133,138,136,133,142,133,76,79,74,76,79,70,79,144,142,Không,Không,Không,Không,Không,Không,Không,Không,Không,Không,Không,Không,Không,Không,Không,Không,Không,Không,Không,Không,Không,Không,Không,Không,145,145,30.750,49.120,46.507,2.656,65.0,85.0,134.0,134.0,32.000,50.6,58.0,39.5,58.0,43.9,50.7,44.0,56.0,46.7,59.7,38.9,58.1,54.1,10.0,6.2,10.9,15.8,8.2,12.5,6.4,1593.7,16.00,22,22,22,52,74,880,2,Đúng,Không,Không,Không,Không,Không,Không,Không,Không,Không,Không,Không,Đúng,Đúng,Không,Không,Không,Không,Không,Không,Không,Không,Không,Không,Không,Không,Không,Không,Không,Không,Không,Không,Không,Không,Không,Không,Không,Không,Không,Không,Không,168.8,115,136,145,158,1.008,3.324,11.880,4.980,0.024,1.308,1.200,3.360,3.144,3.072,1607,0,0,Đúng,120,Không,Không,115,92.0,Không,Không,8828,12973,45315,129,87.0,100.0,Không,Không,46187,41443,100.0,100.0,100.0,37.555,1.146,36491,22879,0.0,0.1,0.1,0.000,0.103,398,718,0.2,0.4,0.7,0.255,1.082,25346,81116,112.8,127.2,181.4,0.675,6.277,4.896,12.000,0.076,6.024,6.201,0.178,19.600,19.600,139.0,405.0,544.0,134.1,402.5,21.0,18.0,0.0,5.0,41.3,5.4,10.8,0.0,50,Đúng,Không,Không,Không,Không,Đúng,Không,7,0,0,0,0,0,0,0,0,203,0,0,0,0,0,0,0,0,0,0,0,0,0,0,0,0,0,0,0,0,2404,1692,1615,112,2.5,75.0,76.1,74.0,73.9,73.9,73.9,75.0,75.3,74.7,74.6,74.6,74.6,13.33,13.54,13.12,13.06,13.57,13.57,0.81,0.01,13.21,0.12,0.08,16721,1514,63.1,14.3,0,46.4,52,
8.10.2026,20:12:54.164,30741,65377,31.9,19375,29640,39.5,1.0,47104,476,1.049,1.049,1.049,1.049,1.050,1.040,1.054,3984.3,3984.3,3984.3,3984.3,3984.3,3984.3,3984.3,99.6,3685.5,996.1,2303.6,2593.7,2119.1,2315.3,2302.9,2801.6,1739.4,2275.4,2106.1,2434.3,2145.9,2946.5,1862.7,2303.6,57.5,66.9,53.6,58.9,58.3,71.1,44.7,58.0,53.1,67.7,47.8,67.6,42.3,71.1,57.5,100.0,80.8,93.7,75.2,83.1,81.9,99.5,63.2,81.8,74.6,94.7,67.2,94.8,60.0,80.8,40.0,40.0,40.0,40.0,40.0,40.0,40.0,37.0,144,145,149,142,144,144,144,68,67,63,70,68,68,68,153,149,Không,Không,Không,Không,Không,Không,Không,Không,Không,Không,Không,Không,Không,Không,Không,Không,Không,Không,Không,Không,Không,Không,Không,Không,153,153,45.165,44.152,41.592,2.572,65.0,85.0,134.0,134.0,47.000,57.7,65.0,53.1,58.0,57.7,70.2,43.6,57.0,52.8,61.0,53.8,73.8,46.7,6.9,5.7,8.4,8.3,10.8,5.7,2.7,1593.7,16.00,22,22,22,52,74,880,2,Đúng,Không,Không,Không,Không,Không,Không,Không,Không,Không,Không,Không,Đúng,Đúng,Không,Không,Không,Không,Không,Không,Không,Không,Không,Không,Không,Không,Không,Không,Không,Không,Không,Không,Không,Không,Không,Không,Không,Không,Không,Không,Không,170.6,115,136,149,158,1.020,3.285,11.808,4.950,0.024,1.308,1.212,3.360,3.144,3.072,1595,0,0,Đúng,120,Không,Không,115,92.0,Không,Không,8828,12973,45315,131,87.0,100.0,Không,Không,46187,41443,100.0,68.0,100.0,21.267,2.153,36526,22882,0.0,0.0,0.0,0.000,0.019,398,718,0.2,1.0,1.1,0.117,4.362,25346,81123,112.7,127.1,181.4,0.675,6.282,4.898,12.000,0.076,6.024,6.206,0.182,19.600,19.600,139.0,405.0,544.0,134.0,402.7,24.0,20.0,0.0,6.0,41.4,5.2,10.5,0.0,50,Đúng,Không,Không,Không,Không,Đúng,Không,7,0,0,0,0,0,0,0,0,203,0,0,0,0,0,0,0,0,0,0,0,0,0,0,0,0,0,0,0,0,2401,1695,1618,112,2.5,75.0,76.8,73.1,73.0,73.0,73.0,75.0,75.5,74.5,74.4,74.4,74.4,13.33,13.75,12.97,12.88,13.79,13.79,0.75,0.37,13.19,0.14,0.12,16722,1514,336.0,9.6,0,46.4,52,
8.10.2026,20:12:59.463,30663,65455,31.9,19394,29620,39.5,1.0,47104,476,1.049,1.053,1.047,1.047,1.052,1.051,1.044,3984.3,3984.3,3984.3,3984.3,3984.3,3984.3,3984.3,99.6,3685.5,996.1,3328.4,3416.5,3192.3,3457.8,3400.7,3244.2,3491.1,3445.3,3343.8,3222.1,3167.4,3276.7,3283.5,3328.4,87.1,89.5,83.2,89.4,87.8,84.9,89.3,89.9,88.1,85.2,83.8,87.2,86.4,89.9,87.1,100.0,120.9,124.2,115.8,124.1,121.9,118.0,123.9,124.7,122.2,118.7,116.6,121.1,119.9,120.9,40.0,40.0,40.0,40.0,40.0,40.0,40.0,37.0,144,145,149,147,142,142,142,68,67,63,65,70,70,70,151,149,Không,Không,Không,Không,Không,Không,Không,Không,Không,Không,Không,Không,Không,Không,Không,Không,Không,Không,Không,Không,Không,Không,Không,Không,153,153,49.970,52.074,49.393,2.710,65.0,85.0,134.0,134.0,51.000,83.4,85.6,80.0,86.6,85.2,81.3,87.5,86.3,83.8,80.7,79.4,82.1,82.3,0.0,0.0,0.0,0.0,0.0,0.0,0.0,1593.7,16.00,22,22,22,52,74,880,2,Đúng,Không,Không,Không,Không,Không,Không,Không,Không,Không,Không,Không,Đúng,Không,Không,Không,Không,Không,Không,Không,Không,Không,Không,Không,Không,Không,Không,Không,Không,Không,Không,Không,Không,Không,Không,Không,Không,Không,Không,Không,Không,168.8,115,136,153,158,1.008,3.285,11.808,4.980,0.024,1.320,1.212,3.360,3.144,3.072,1607,0,0,Đúng,120,Không,Không,115,92.0,Không,Không,8828,12973,45315,133,87.0,100.0,Không,Không,46187,41443,100.0,100.0,100.0,19.057,1.286,36642,22891,0.0,0.1,0.1,0.000,0.079,398,718,0.4,38.3,38.7,0.266,186.587,25348,81570,113.0,127.4,181.4,0.675,6.297,4.904,12.000,0.076,6.024,6.221,0.197,19.600,19.600,139.0,405.0,544.0,134.1,401.9,24.0,19.0,0.0,6.0,41.3,5.6,11.2,0.0,50,Đúng,Không,Không,Không,Không,Đúng,Không,7,0,0,0,0,0,0,0,0,203,0,0,0,0,0,0,0,0,0,0,0,0,0,0,0,0,0,0,0,0,2405,1691,1614,112,2.5,75.0,76.3,73.8,73.8,73.8,73.8,75.0,75.5,74.6,74.6,74.6,74.6,13.33,13.56,13.06,13.06,13.57,13.57,0.80,0.36,13.19,0.14,0.10,16723,1514,220.7,14.1,0,46.4,52,
8.10.2026,20:13:3.327,30666,65452,31.9,19596,29418,39.9,1.0,47104,476,1.048,1.054,1.051,1.050,1.049,1.048,1.039,3984.3,3984.3,3984.3,3984.3,3984.3,3984.3,3984.3,99.6,3685.5,996.1,2127.3,2537.9,1708.5,2087.3,2276.1,2281.9,1746.8,2588.8,1969.7,2354.0,1764.7,2263.0,1948.8,2127.3,56.0,67.9,45.0,55.6,58.7,60.3,46.1,67.3,51.3,60.9,47.1,57.5,53.7,67.9,56.0,100.0,79.0,95.4,63.7,78.9,82.6,85.3,65.5,94.7,72.4,85.9,66.8,81.2,75.8,79.0,40.0,40.0,40.0,40.0,40.0,40.0,40.0,37.0,142,136,149,144,140,145,138,70,76,63,68,72,67,74,151,149,Không,Không,Không,Không,Không,Không,Không,Không,Không,Không,Không,Không,Không,Không,Không,Không,Không,Không,Không,Không,Không,Không,Không,Không,144,144,47.087,49.895,47.155,2.788,65.0,85.0,134.0,134.0,47.000,53.3,63.5,42.8,52.3,57.0,57.2,43.8,64.8,49.3,59.0,44.2,56.7,48.8,7.9,2.8,4.6,13.9,5.0,12.1,8.9,1593.7,16.00,22,22,22,52,74,880,2,Đúng,Không,Không,Không,Không,Không,Không,Không,Không,Không,Không,Không,Đúng,Đúng,Không,Không,Không,Không,Không,Không,Không,Không,Không,Không,Không,Không,Không,Không,Không,Không,Không,Không,Không,Không,Không,Không,Không,Không,Không,Không,Không,170.6,115,136,144,158,1.008,3.285,11.880,4.980,0.024,1.308,1.212,3.360,3.144,3.072,1614,0,0,Đúng,120,Không,Không,115,92.0,Không,Không,8828,12973,45315,133,87.0,100.0,Không,Không,46187,41443,100.0,100.0,100.0,27.709,1.979,36733,22898,0.0,0.1,0.1,0.000,0.089,398,718,2.7,4.6,7.3,0.953,32.399,25352,81929,112.9,127.3,181.4,0.675,6.278,4.896,12.000,0.076,6.024,6.202,0.178,19.600,19.600,139.0,405.0,544.0,134.0,402.0,19.0,18.0,0.0,5.0,41.3,5.1,10.3,0.0,50,Đúng,Không,Không,Không,Không,Đúng,Không,7,0,0,0,0,0,0,0,0,203,0,0,0,0,0,0,0,0,0,0,0,0,0,0,0,0,0,0,0,0,2406,1690,1613,112,2.5,75.0,76.5,73.6,73.5,73.5,73.5,75.0,75.4,74.6,74.5,74.5,74.5,13.33,13.61,13.04,13.03,13.63,13.63,0.75,0.19,13.20,0.13,0.10,16723,1514,129.2,9.2,0,48.2,52,
8.10.2026,20:13:7.574,30813,65305,32.0,20056,28958,40.9,1.0,47104,476,1.048,1.050,1.045,1.049,1.046,1.047,1.052,3984.3,3984.3,3984.3,3984.3,3984.3,3984.3,3984.3,99.6,3685.5,996.1,3179.7,3315.8,2901.1,3333.2,3225.5,3198.7,2944.6,3398.1,3100.1,3082.9,3254.5,3340.1,3061.7,3179.7,82.0,86.5,75.1,86.0,83.1,83.1,76.5,87.2,80.0,80.1,82.7,84.5,79.5,87.2,82.0,100.0,114.3,120.2,104.9,119.6,115.8,115.9,107.0,121.2,111.4,111.8,115.1,117.7,110.9,114.3,40.0,40.0,40.0,40.0,40.0,40.0,40.0,37.0,147,147,153,149,145,145,142,65,65,59,63,67,67,70,154,153,Không,Không,Không,Không,Không,Không,Không,Không,Không,Không,Không,Không,Không,Không,Không,Không,Không,Không,Không,Không,Không,Không,Không,Không,151,151,50.930,47.922,45.295,2.677,65.0,85.0,134.0,134.0,52.000,79.7,83.1,72.7,83.5,80.8,80.1,73.8,85.1,77.7,77.2,81.5,83.7,76.7,0.0,0.0,0.0,0.0,0.0,0.0,0.0,1593.7,16.00,22,22,22,52,74,880,2,Đúng,Không,Không,Không,Không,Không,Không,Không,Không,Không,Không,Không,Đúng,Không,Không,Không,Không,Không,Không,Không,Không,Không,Không,Không,Không,Không,Không,Không,Không,Không,Không,Không,Không,Không,Không,Không,Không,Không,Không,Không,Không,168.8,115,136,151,158,1.008,3.245,11.880,4.980,0.024,1.296,1.212,3.360,3.144,3.072,1610,0,0,Đúng,120,Không,Không,115,92.0,Không,Không,8828,12973,45315,135,87.0,100.0,Không,Không,46188,41443,100.0,100.0,100.0,17.480,2.318,36811,22905,0.0,0.1,0.1,0.000,0.112,398,719,4.6,3.4,8.0,1.542,30.637,25355,82014,112.9,127.3,181.4,0.675,6.280,4.897,12.000,0.076,6.024,6.204,0.180,19.600,19.600,139.0,405.0,544.0,134.0,402.1,19.0,18.0,0.0,5.0,41.3,5.3,10.6,0.0,50,Đúng,Không,Không,Không,Không,Đúng,Không,7,0,0,0,0,0,0,0,0,203,0,0,0,0,0,0,0,0,0,0,0,0,0,0,0,0,0,0,0,0,2406,1690,1613,112,2.5,75.0,76.6,73.3,73.1,73.1,73.1,75.0,75.4,74.6,74.5,74.5,74.5,13.33,13.68,13.02,12.96,13.68,13.68,0.81,0.37,13.18,0.15,0.09,16724,1514,155.7,17.7,0,48.2,52,
8.10.2026,20:13:11.590,30843,65276,32.0,20020,28994,40.8,1.0,47104,476,1.051,1.052,1.052,1.046,1.046,1.054,1.054,3984.3,3984.3,3984.3,3984.3,3984.3,3984.3,3984.3,99.6,3685.5,996.1,2626.2,2797.6,2513.8,2532.5,2899.3,2633.4,2307.2,2817.8,2457.1,2975.9,2189.1,2807.8,2583.3,2626.2,67.8,73.3,65.1,65.2,74.5,68.2,59.6,72.9,63.3,75.5,57.1,72.3,67.2,75.5,67.8,100.0,94.9,102.3,91.0,91.5,103.9,95.6,83.7,101.8,88.7,105.6,80.4,100.8,93.8,94.9,40.0,40.0,40.0,40.0,40.0,40.0,40.0,37.0,144,147,149,149,145,147,129,68,65,63,63,67,65,83,151,149,Không,Không,Không,Không,Không,Không,Không,Không,Không,Không,Không,Không,Không,Không,Không,Không,Không,Không,Không,Không,Không,Không,Không,Không,151,151,52.852,51.747,48.965,2.790,65.0,85.0,134.0,134.0,55.000,65.8,70.0,63.0,63.5,72.6,66.0,57.8,70.6,61.6,74.6,54.8,70.4,64.7,1.0,1.8,0.0,2.8,0.2,1.4,0.0,1593.7,16.00,22,22,22,52,74,880,2,Đúng,Không,Không,Không,Không,Không,Không,Không,Không,Không,Không,Không,Đúng,Đúng,Không,Không,Không,Không,Không,Không,Không,Không,Không,Không,Không,Không,Không,Không,Không,Không,Không,Không,Không,Không,Không,Không,Không,Không,Không,Không,Không,168.8,115,136,147,160,1.020,3.245,11.952,5.010,0.024,1.308,1.212,3.360,3.144,3.072,1618,0,0,Đúng,120,Không,Không,115,92.0,Không,Không,8828,12973,45315,136,87.0,100.0,Không,Không,46188,41443,100.0,100.0,100.0,19.331,1.887,36885,22911,0.0,0.0,0.0,0.000,0.066,398,719,56.3,100.0,100.0,3.865,53.117,25425,82799,112.9,127.3,181.4,0.675,6.278,4.896,12.000,0.076,6.024,6.202,0.179,19.600,19.600,139.0,405.0,544.0,134.0,402.5,19.0,18.0,0.0,5.0,41.3,5.3,10.6,0.0,50,Đúng,Không,Không,Không,Không,Đúng,Không,7,0,0,0,0,0,0,0,0,203,0,0,0,0,0,0,0,0,0,0,0,0,0,0,0,0,0,0,0,0,2406,1690,1613,113,2.5,75.0,76.3,73.7,73.1,73.1,73.1,75.0,75.3,74.7,74.6,74.6,74.6,13.34,13.57,13.08,13.07,13.70,13.70,0.77,0.02,13.20,0.13,0.09,16724,1514,19.1,17.0,0,48.2,52,
8.10.2026,20:13:15.073,31161,64957,32.4,19794,29220,40.3,1.0,47104,476,1.048,1.053,1.042,1.046,1.049,1.048,1.048,3984.3,3984.3,3984.3,3984.3,3984.3,3984.3,3984.3,99.6,3685.5,996.1,2970.5,3205.4,2738.7,3032.0,3082.2,2888.4,3037.1,3238.6,2704.5,3141.9,2655.4,3063.4,2858.1,2970.5,76.7,83.7,71.1,78.3,79.5,74.7,78.3,82.8,69.4,80.6,68.6,81.0,72.9,83.7,76.7,100.0,107.4,116.7,99.6,109.6,111.4,104.8,109.5,115.5,97.5,112.7,96.5,113.0,101.9,107.4,40.0,40.0,40.0,40.0,40.0,40.0,40.0,37.0,146,147,149,154,145,138,140,66,65,63,58,67,74,72,153,154,Không,Không,Không,Không,Không,Không,Không,Không,Không,Không,Không,Không,Không,Không,Không,Không,Không,Không,Không,Không,Không,Không,Không,Không,151,151,44.204,47.993,45.269,2.743,65.0,85.0,134.0,134.0,49.000,74.4,80.3,68.6,76.0,77.2,72.4,76.1,81.1,67.8,78.7,66.5,76.8,71.6,0.1,0.0,0.0,0.5,0.0,0.0,0.0,1593.7,16.00,22,22,22,52,74,880,2,Đúng,Không,Không,Không,Không,Không,Không,Không,Không,Không,Không,Không,Đúng,Không,Không,Không,Không,Không,Không,Không,Không,Không,Không,Không,Không,Không,Không,Không,Không,Không,Không,Không,Không,Không,Không,Không,Không,Không,Không,Không,Không,168.8,115,136,149,160,1.032,3.245,11.880,4.980,0.024,1.320,1.212,3.360,3.144,3.072,1610,0,0,Đúng,120,Không,Không,115,92.0,Không,Không,8828,12973,45315,138,87.0,100.0,Không,Không,46189,41443,100.0,100.0,100.0,28.924,2.542,36990,22919,0.0,0.0,0.0,0.000,0.043,398,719,71.5,100.0,100.0,0.267,293.068,25426,83526,113.1,127.5,181.4,0.675,6.279,4.897,12.000,0.076,6.024,6.203,0.180,19.600,19.600,139.0,405.0,544.0,134.1,402.5,19.0,18.0,0.0,5.0,41.3,5.3,10.6,0.0,50,Đúng,Không,Không,Không,Không,Đúng,Không,7,0,0,0,0,0,0,0,0,203,0,0,0,0,0,0,0,0,0,0,0,0,0,0,0,0,0,0,0,0,2405,1691,1614,113,2.5,75.0,77.2,72.8,72.6,72.6,72.6,75.0,75.5,74.5,74.3,74.3,74.3,13.33,13.77,12.91,12.87,13.82,13.82,0.81,0.19,13.19,0.14,0.13,16724,1514,22.3,15.4,0,48.2,52,
8.10.2026,20:13:19.725,31198,64920,32.4,19828,29186,40.4,1.0,47104,476,1.048,1.046,1.043,1.052,1.054,1.048,1.045,3984.3,3984.3,3984.3,3984.3,3984.3,3984.3,3984.3,99.6,3685.5,996.1,2540.3,2799.0,2273.1,2740.3,2323.7,3133.7,2092.0,2910.4,2357.1,2784.6,2079.9,2582.7,2407.2,2540.3,65.5,74.0,59.5,70.7,60.4,80.5,54.1,75.0,60.5,71.9,54.2,64.0,61.3,80.5,65.5,100.0,91.5,103.1,83.1,98.9,84.5,112.1,75.8,104.5,84.4,100.3,76.0,89.7,85.5,91.5,40.0,40.0,40.0,40.0,40.0,40.0,40.0,37.0,144,144,147,151,142,140,144,68,68,65,61,70,72,68,147,151,Không,Không,Không,Không,Không,Không,Không,Không,Không,Không,Không,Không,Không,Không,Không,Không,Không,Không,Không,Không,Không,Không,Không,Không,145,145,43.243,53.655,50.937,2.740,65.0,85.0,134.0,134.0,43.000,63.7,70.2,57.0,68.7,58.2,78.5,52.4,72.9,59.1,69.8,52.1,64.7,60.3,5.3,1.4,2.4,1.3,7.5,9.2,10.2,1593.7,16.00,22,22,22,52,74,880,2,Đúng,Không,Không,Không,Không,Không,Không,Không,Không,Không,Không,Không,Đúng,Đúng,Không,Không,Không,Không,Không,Không,Không,Không,Không,Không,Không,Không,Không,Không,Không,Không,Không,Không,Không,Không,Không,Không,Không,Không,Không,Không,Không,170.6,115,138,147,160,0.996,3.285,11.952,5.010,0.024,1.308,1.212,3.360,3.144,3.072,1614,0,0,Đúng,120,Không,Không,115,92.0,Không,Không,8828,12973,45315,138,87.0,100.0,Không,Không,46189,41443,100.0,98.9,100.0,23.160,2.119,37084,22925,0.0,0.0,0.0,0.000,0.054,398,719,0.8,3.8,4.6,0.082,0.647,25426,83529,113.0,127.4,181.4,0.675,6.279,4.897,12.000,0.076,6.024,6.203,0.180,19.600,19.600,139.0,405.0,544.0,134.1,402.6,20.0,18.0,0.0,5.0,41.3,5.3,10.6,0.0,50,Đúng,Không,Không,Không,Không,Đúng,Không,7,0,0,0,0,0,0,0,0,203,0,0,0,0,0,0,0,0,0,0,0,0,0,0,0,0,0,0,0,0,2405,1691,1614,113,2.5,75.0,76.4,73.6,73.6,73.6,73.6,75.0,75.6,74.5,74.3,74.3,74.3,13.34,13.62,13.05,12.98,13.64,13.64,0.80,0.19,13.21,0.13,0.11,16725,1514,134.3,10.2,0,50.0,52,
8.10.2026,20:13:27.886,31209,64909,32.4,19868,29146,40.5,1.0,47104,476,1.052,1.052,1.050,1.053,1.052,1.050,1.053,3984.3,3984.3,3984.3,3984.3,3984.3,3984.3,3984.3,99.6,3685.5,996.1,2836.5,3032.3,2585.0,3057.3,2860.6,3030.0,2583.8,2998.7,2781.4,2945.0,2597.4,2871.4,2694.5,2836.5,74.7,79.5,67.6,79.1,74.0,78.8,69.0,79.4,73.7,78.7,69.3,76.0,71.3,79.5,74.7,100.0,104.8,111.3,95.1,110.8,103.8,110.5,97.1,111.0,103.2,110.3,97.5,106.7,100.0,104.8,40.0,40.0,40.0,40.0,40.0,40.0,40.0,37.0,142,144,149,140,140,138,140,70,68,63,72,72,74,72,149,149,Không,Không,Không,Không,Không,Không,Không,Không,Không,Không,Không,Không,Không,Không,Không,Không,Không,Không,Không,Không,Không,Không,Không,Không,153,153,42.282,45.164,42.559,2.635,65.0,85.0,134.0,134.0,48.000,71.1,76.0,64.8,76.6,71.7,75.9,64.7,75.1,69.7,73.8,65.1,71.9,67.5,0.1,0.0,0.0,0.0,0.0,0.5,0.0,1593.7,16.00,22,22,22,52,74,880,2,Đúng,Không,Không,Không,Không,Không,Không,Không,Không,Không,Không,Không,Đúng,Không,Không,Không,Không,Không,Không,Không,Không,Không,Không,Không,Không,Không,Không,Không,Không,Không,Không,Không,Không,Không,Không,Không,Không,Không,Không,Không,Không,170.6,115,136,147,160,1.020,3.245,11.880,4.980,0.024,1.308,1.212,3.360,3.144,3.072,1614,0,0,Đúng,120,Không,Không,115,92.0,Không,Không,8828,12973,45315,138,87.0,100.0,Không,Không,46189,41443,100.0,100.0,100.0,57.089,1.059,37429,22933,0.0,0.0,0.0,0.000,0.034,398,720,2.2,0.2,2.4,0.201,0.661,25481,83542,112.9,127.3,181.4,0.675,6.284,4.899,12.000,0.076,6.024,6.208,0.185,19.600,19.600,139.0,405.0,544.0,134.1,402.4,20.0,18.0,0.0,5.0,41.3,5.7,11.4,0.0,50,Đúng,Không,Không,Không,Không,Đúng,Không,7,0,0,0,0,0,0,0,0,203,0,0,0,0,0,0,0,0,0,0,0,0,0,0,0,0,0,0,0,0,2405,1691,1614,113,2.5,75.0,77.6,72.5,72.2,72.2,72.2,75.0,76.0,74.0,73.8,73.8,73.8,13.33,13.84,12.86,12.79,13.95,13.95,0.80,0.55,13.18,0.15,0.16,16726,1514,129.3,7.7,0,50.0,52,
8.10.2026,20:13:30.988,31206,64912,32.4,19839,29176,40.4,1.0,47104,476,1.049,1.054,1.048,1.048,1.048,1.048,1.046,3984.3,3984.3,3984.3,3984.3,3984.3,3984.3,3984.3,99.6,3685.5,996.1,2750.9,3336.1,2352.6,2831.8,2664.5,2847.4,2356.4,2728.3,2907.1,2841.6,2457.7,2788.7,2898.7,2750.9,71.7,87.6,61.3,73.7,69.8,74.3,62.5,71.6,73.9,73.6,64.7,73.7,74.0,87.6,71.7,100.0,100.6,121.9,86.3,103.6,98.0,104.4,88.2,100.4,103.2,103.4,91.2,103.2,103.6,100.6,40.0,40.0,40.0,40.0,40.0,40.0,40.0,37.0,147,151,154,145,145,144,140,65,61,58,67,67,68,72,156,154,Không,Không,Không,Không,Không,Không,Không,Không,Không,Không,Không,Không,Không,Không,Không,Không,Không,Không,Không,Không,Không,Không,Không,Không,149,149,49.009,44.086,41.520,2.605,65.0,85.0,134.0,134.0,48.000,68.9,83.5,58.9,70.9,66.8,71.3,59.0,68.3,72.8,71.2,61.6,69.9,72.6,2.2,0.0,4.3,3.3,4.4,1.1,0.1,1593.7,16.00,22,22,22,52,74,880,2,Đúng,Không,Không,Không,Không,Không,Không,Không,Không,Không,Không,Không,Đúng,Đúng,Không,Không,Không,Không,Không,Không,Không,Không,Không,Không,Không,Không,Không,Không,Không,Không,Không,Không,Không,Không,Không,Không,Không,Không,Không,Không,Không,170.6,115,138,149,160,1.056,3.245,11.952,5.040,0.024,1.308,1.212,3.360,3.144,3.072,1610,0,0,Đúng,120,Không,Không,113,92.0,Không,Không,8828,12973,45315,138,87.0,100.0,Không,Không,46189,41443,100.0,98.9,100.0,16.407,2.632,37536,22939,0.0,0.0,0.0,0.000,0.067,398,720,0.3,2.8,3.2,0.113,1.102,25482,83545,113.1,127.5,181.4,0.675,6.280,4.897,12.000,0.076,6.024,6.204,0.181,19.600,19.600,139.0,405.0,544.0,134.1,403.0,20.0,18.0,0.0,5.0,41.3,5.2,10.5,0.0,50,Đúng,Không,Không,Không,Không,Đúng,Không,7,0,0,0,0,0,0,0,0,203,0,0,0,0,0,0,0,0,0,0,0,0,0,0,0,0,0,0,0,0,2406,1690,1613,112,2.5,75.0,77.0,73.3,72.7,72.6,72.6,75.0,75.4,74.7,74.6,74.6,74.6,13.34,13.69,12.95,12.82,13.82,13.82,0.79,0.36,13.20,0.13,0.11,16727,1514,323.0,25.2,0,50.0,52,
8.10.2026,20:13:34.069,31202,64916,32.4,19826,29189,40.4,1.0,47104,476,1.044,1.052,1.031,1.050,1.041,1.043,1.044,3984.3,3984.3,3984.3,3984.3,3984.3,3984.3,3984.3,99.6,3685.5,996.1,2480.6,2889.1,1915.2,2527.4,2361.1,3378.5,2020.1,2380.0,2628.0,2596.7,2144.4,2708.5,2217.8,2480.6,63.0,73.8,48.2,64.0,59.6,84.8,51.0,59.8,67.8,67.0,54.1,68.0,57.8,84.8,63.0,100.0,88.5,103.2,68.2,90.4,83.9,117.9,72.1,84.2,94.8,94.3,76.4,95.2,80.9,88.5,40.0,40.0,40.0,40.0,40.0,40.0,40.0,37.0,143,138,145,145,142,142,144,69,74,67,67,70,70,68,145,145,Không,Không,Không,Không,Không,Không,Không,Không,Không,Không,Không,Không,Không,Không,Không,Không,Không,Không,Không,Không,Không,Không,Không,Không,145,145,35.555,50.790,48.066,2.742,65.0,85.0,134.0,134.0,36.000,62.2,72.5,48.0,63.3,59.2,84.6,50.6,59.6,65.8,65.1,53.7,67.9,55.6,4.3,1.3,7.5,0.0,2.6,5.9,8.5,1593.7,16.00,22,22,22,52,74,880,2,Đúng,Không,Không,Không,Không,Không,Không,Không,Không,Không,Không,Không,Đúng,Đúng,Không,Không,Không,Không,Không,Không,Không,Không,Không,Không,Không,Không,Không,Không,Không,Không,Không,Không,Không,Không,Không,Không,Không,Không,Không,Không,Không,168.8,115,136,147,160,1.032,3.245,11.880,4.980,0.024,1.308,1.212,3.360,3.144,3.072,1614,0,0,Đúng,120,Không,Không,113,92.0,Không,Không,8828,12973,45315,138,87.0,100.0,Không,Không,46189,41443,100.0,72.4,100.0,7.028,1.715,37549,22942,0.0,0.0,0.0,0.000,0.042,398,720,1.2,3.1,4.3,0.194,1.902,25482,83548,113.1,127.5,181.4,0.675,6.288,4.900,12.000,0.076,6.024,6.212,0.188,19.600,19.600,139.0,405.0,544.0,134.1,402.5,20.0,18.0,0.0,5.0,41.3,5.3,10.6,0.0,50,Đúng,Không,Không,Không,Không,Đúng,Không,7,0,0,0,0,0,0,0,0,203,0,0,0,0,0,0,0,0,0,0,0,0,0,0,0,0,0,0,0,0,2403,1693,1616,112,2.5,75.0,77.3,73.3,73.1,73.1,73.1,75.0,75.6,74.5,74.1,74.1,74.1,13.33,13.70,12.90,12.85,13.71,13.71,0.79,0.01,13.20,0.13,0.11,16727,1514,154.0,18.3,0,50.0,52,
8.10.2026,20:13:37.165,31251,64867,32.5,19861,29153,40.5,1.0,47104,476,1.046,1.050,1.045,1.045,1.044,1.048,1.045,3984.3,3984.3,3984.3,3984.3,3984.3,3984.3,3984.3,99.6,3685.5,996.1,2285.6,2913.6,1752.3,2468.5,1920.5,2284.2,2044.6,2893.8,2146.3,2744.1,1735.3,2305.3,2219.1,2285.6,57.5,74.4,44.6,62.5,48.5,57.2,51.6,73.0,54.1,68.4,42.8,57.9,54.2,74.4,57.5,100.0,80.7,103.9,62.6,88.2,68.5,80.8,72.4,101.9,75.7,95.9,60.6,81.9,76.1,80.7,40.0,40.0,40.0,40.0,40.0,40.0,40.0,37.0,144,144,149,144,144,144,140,68,68,63,68,68,68,72,149,149,Không,Không,Không,Không,Không,Không,Không,Không,Không,Không,Không,Không,Không,Không,Không,Không,Không,Không,Không,Không,Không,Không,Không,Không,151,151,43.243,52.563,49.766,2.830,65.0,85.0,134.0,134.0,45.000,57.3,73.0,43.9,61.9,48.1,57.2,51.2,72.5,53.8,68.8,43.5,57.8,55.6,4.8,0.0,6.2,9.6,0.4,5.0,7.5,1593.7,16.00,22,22,22,52,74,880,2,Đúng,Không,Không,Không,Không,Không,Không,Không,Không,Không,Không,Không,Đúng,Đúng,Không,Không,Không,Không,Không,Không,Không,Không,Không,Không,Không,Không,Không,Không,Không,Không,Không,Không,Không,Không,Không,Không,Không,Không,Không,Không,Không,168.8,117,136,149,160,1.032,3.265,11.880,4.980,0.024,1.296,1.212,3.360,3.144,3.072,1614,0,0,Đúng,120,Không,Không,113,92.0,Không,Không,8828,12973,45315,140,87.0,100.0,Không,Không,46189,41443,100.0,100.0,100.0,20.944,3.103,37597,22954,0.0,0.1,0.1,0.000,0.089,398,720,0.6,2.3,2.9,0.110,1.231,25483,83551,113.2,127.6,181.4,0.675,6.284,4.899,12.000,0.076,6.024,6.208,0.185,19.600,19.600,139.0,405.0,544.0,134.1,402.8,20.0,18.0,0.0,5.0,41.3,5.4,10.8,0.0,50,Đúng,Không,Không,Không,Không,Đúng,Không,7,0,0,0,0,0,0,0,0,203,0,0,0,0,0,0,0,0,0,0,0,0,0,0,0,0,0,0,0,0,2404,1692,1615,112,2.5,75.0,76.5,73.3,73.2,73.1,73.1,75.0,75.5,74.4,74.1,74.1,74.1,13.34,13.69,13.03,12.97,13.71,13.71,0.77,0.21,13.20,0.13,0.11,16728,1515,199.0,12.6,0,50.0,52,
8.10.2026,20:13:41.603,31218,64900,32.4,19856,29159,40.5,1.0,47104,476,1.051,1.054,1.052,1.054,1.053,1.050,1.045,3984.3,3984.3,3984.3,3984.3,3984.3,3984.3,3984.3,99.6,3685.5,996.1,2331.6,2794.9,1902.4,2882.4,1947.7,2851.0,1673.5,2359.9,2265.9,3062.2,1645.9,2764.5,1829.1,2331.6,59.3,71.5,48.4,72.9,49.5,71.9,42.7,59.7,57.5,78.6,41.4,70.0,47.1,78.6,59.3,100.0,82.8,99.7,67.6,101.6,69.5,100.3,59.9,83.5,80.3,109.2,58.3,97.4,66.0,82.8,40.0,40.0,40.0,40.0,40.0,40.0,40.0,37.0,144,147,142,149,144,140,140,68,65,70,63,68,72,72,149,149,Không,Không,Không,Không,Không,Không,Không,Không,Không,Không,Không,Không,Không,Không,Không,Không,Không,Không,Không,Không,Không,Không,Không,Không,151,151,53.813,52.147,49.390,2.791,65.0,85.0,134.0,134.0,52.000,58.4,70.0,47.7,72.2,48.8,71.4,41.9,59.1,56.8,76.7,41.2,69.3,45.8,1.9,0.0,0.7,0.0,1.3,1.9,7.7,1593.7,16.00,22,22,22,52,74,880,2,Đúng,Không,Không,Không,Không,Không,Không,Không,Không,Không,Không,Không,Đúng,Đúng,Không,Không,Không,Không,Không,Không,Không,Không,Không,Không,Không,Không,Không,Không,Không,Không,Không,Không,Không,Không,Không,Không,Không,Không,Không,Không,Không,168.8,115,138,147,160,1.020,3.344,11.808,4.980,0.024,1.308,1.212,3.360,3.144,3.072,1607,0,0,Đúng,120,Không,Không,113,92.0,Không,Không,8828,12973,45315,136,87.0,100.0,Không,Không,46189,41443,100.0,93.8,100.0,10.871,1.748,37640,22959,0.0,0.0,0.0,0.000,0.031,398,721,0.1,0.7,0.9,0.257,0.517,25484,83554,113.1,127.5,181.4,0.675,6.280,4.897,12.000,0.076,6.024,6.204,0.181,19.600,19.600,139.0,405.0,544.0,134.1,402.2,19.0,18.0,0.0,5.0,41.3,5.3,10.5,0.0,50,Đúng,Không,Không,Không,Không,Đúng,Không,7,0,0,0,0,0,0,0,0,203,0,0,0,0,0,0,0,0,0,0,0,0,0,0,0,0,0,0,0,0,2405,1691,1614,112,2.5,75.0,77.1,73.2,73.2,73.2,73.2,75.0,75.4,74.6,74.6,74.6,74.6,13.33,13.72,12.89,12.84,13.75,13.75,0.76,0.19,13.19,0.13,0.12,16728,1515,5.7,4.2,0,50.0,52,
8.10.2026,20:13:44.594,31259,64859,32.5,19893,29121,40.5,1.0,47104,476,1.048,1.052,1.050,1.047,1.045,1.048,1.048,3984.3,3984.3,3984.3,3984.3,3984.3,3984.3,3984.3,99.6,3685.5,996.1,3164.2,3319.6,2948.0,3243.5,3084.3,3238.9,3079.9,3241.6,3223.4,3296.8,2994.3,3218.8,3080.9,3164.2,83.3,88.6,77.7,85.0,81.9,87.1,81.2,84.8,83.6,85.0,79.5,85.6,80.2,88.6,83.3,100.0,116.0,123.3,108.6,118.6,114.3,121.0,112.9,117.9,116.2,118.4,110.8,119.1,111.6,116.0,40.0,40.0,40.0,40.0,40.0,40.0,40.0,37.0,148,149,153,147,151,147,142,64,63,59,65,61,65,70,153,153,Không,Không,Không,Không,Không,Không,Không,Không,Không,Không,Không,Không,Không,Không,Không,Không,Không,Không,Không,Không,Không,Không,Không,Không,151,151,50.930,48.643,46.078,2.611,65.0,85.0,134.0,134.0,51.000,79.3,83.2,73.9,81.3,77.3,81.2,77.2,81.2,80.8,82.6,75.0,80.7,77.2,0.0,0.0,0.0,0.0,0.0,0.0,0.0,1593.7,16.00,22,22,22,52,74,880,2,Đúng,Không,Không,Không,Không,Không,Không,Không,Không,Không,Không,Không,Đúng,Không,Không,Không,Không,Không,Không,Không,Không,Không,Không,Không,Không,Không,Không,Không,Không,Không,Không,Không,Không,Không,Không,Không,Không,Không,Không,Không,Không,168.8,115,138,151,160,1.020,3.285,11.880,4.980,0.024,1.308,1.212,3.360,3.144,3.072,1610,0,0,Đúng,120,Không,Không,113,92.0,Không,Không,8828,12973,45315,135,87.0,100.0,Không,Không,46189,41443,100.0,62.8,100.0,7.688,2.073,37656,22963,0.0,0.0,0.0,0.000,0.053,398,721,0.2,1.2,1.4,0.155,6.031,25484,83566,113.3,127.7,181.4,0.675,6.281,4.897,12.000,0.076,6.024,6.205,0.182,19.600,19.600,139.0,405.0,544.0,134.1,403.0,19.0,18.0,0.0,5.0,41.3,5.3,10.7,0.0,50,Đúng,Không,Không,Không,Không,Đúng,Không,7,0,0,0,0,0,0,0,0,203,0,0,0,0,0,0,0,0,0,0,0,0,0,0,0,0,0,0,0,0,2405,1691,1614,112,2.5,75.0,77.0,73.0,72.7,72.7,72.7,75.0,75.4,74.6,74.4,74.4,74.4,13.33,13.74,12.90,12.89,13.79,13.79,0.75,0.19,13.18,0.15,0.13,16728,1515,183.8,4.0,0,50.0,52,
8.10.2026,20:13:49.859,31254,64864,32.5,19889,29125,40.5,1.0,47104,476,1.047,1.043,1.044,1.048,1.044,1.052,1.052,3984.3,3984.3,3984.3,3984.3,3984.3,3984.3,3984.3,99.6,3685.5,996.1,2897.1,3240.7,2461.4,2979.5,2774.0,2723.4,3266.9,2968.8,3091.0,3187.9,2424.5,2928.0,2719.6,2897.1,73.7,82.8,62.4,75.4,70.2,69.7,82.1,75.2,78.1,79.7,63.5,75.1,70.1,82.8,73.7,100.0,102.9,115.3,87.6,105.6,98.4,97.5,114.2,105.1,108.6,111.1,89.1,104.9,97.9,102.9,40.0,40.0,40.0,40.0,40.0,40.0,40.0,37.0,144,147,147,145,144,145,135,68,65,65,67,68,67,77,147,147,Không,Không,Không,Không,Không,Không,Không,Không,Không,Không,Không,Không,Không,Không,Không,Không,Không,Không,Không,Không,Không,Không,Không,Không,147,147,40.360,51.949,49.239,2.752,65.0,85.0,134.0,134.0,44.000,72.6,81.2,61.7,74.7,69.5,68.2,81.9,74.4,77.4,79.9,60.7,73.4,68.1,0.0,0.0,0.0,0.0,0.0,0.0,0.0,1593.7,16.00,22,22,22,52,74,880,2,Đúng,Không,Không,Không,Không,Không,Không,Không,Không,Không,Không,Không,Đúng,Không,Không,Không,Không,Không,Không,Không,Không,Không,Không,Không,Không,Không,Không,Không,Không,Không,Không,Không,Không,Không,Không,Không,Không,Không,Không,Không,Không,168.8,115,138,151,160,1.020,3.285,11.880,4.980,0.024,1.308,1.212,3.360,3.144,3.072,1607,0,0,Đúng,120,Không,Không,113,92.0,Không,Không,8828,12973,45315,135,87.0,100.0,Không,Không,46189,41443,100.0,100.0,100.0,15.525,1.952,37760,22973,0.0,0.0,0.0,0.000,0.066,398,721,4.5,0.4,4.9,3.248,0.582,25490,83583,113.3,127.7,181.4,0.675,6.295,4.903,12.000,0.076,6.024,6.219,0.195,19.600,19.600,139.0,405.0,544.0,134.1,402.1,25.0,19.0,0.0,6.0,41.3,5.5,11.0,0.0,50,Đúng,Không,Không,Không,Không,Đúng,Không,7,0,0,0,0,0,0,0,0,203,0,0,0,0,0,0,0,0,0,0,0,0,0,0,0,0,0,0,0,0,2404,1692,1615,111,2.5,75.0,76.5,73.7,73.4,73.4,73.4,75.0,75.4,74.5,74.4,74.4,74.4,13.33,13.59,13.04,12.91,13.59,13.59,0.73,0.19,13.19,0.14,0.10,16729,1515,19.1,9.9,0,50.0,52,
8.10.2026,20:13:55.902,31211,64907,32.4,19868,29146,40.5,1.0,47104,476,1.050,1.047,1.051,1.048,1.050,1.051,1.051,3984.3,3984.3,3984.3,3984.3,3984.3,3984.3,3984.3,99.6,3685.5,996.1,2465.4,2809.9,2247.1,2436.8,2608.1,2820.3,2132.0,2653.7,2284.5,2523.9,2161.5,2566.4,2341.1,2465.4,64.7,73.8,60.0,64.2,67.0,72.0,56.5,69.7,59.9,66.5,55.3,67.0,64.2,73.8,64.7,100.0,90.9,103.4,84.3,90.5,94.0,101.0,79.7,97.8,84.2,93.4,78.0,94.0,90.1,90.9,40.0,40.0,40.0,40.0,40.0,40.0,40.0,37.0,145,144,151,145,142,142,145,67,68,61,67,70,70,67,151,151,Không,Không,Không,Không,Không,Không,Không,Không,Không,Không,Không,Không,Không,Không,Không,Không,Không,Không,Không,Không,Không,Không,Không,Không,147,147,47.087,46.720,44.121,2.627,65.0,85.0,134.0,134.0,47.000,61.8,70.4,56.3,61.1,65.3,70.7,53.4,66.5,57.2,63.2,54.2,64.3,58.7,3.5,0.6,1.1,2.9,4.4,8.3,3.6,1593.7,16.00,22,22,22,52,74,880,2,Đúng,Không,Không,Không,Không,Không,Không,Không,Không,Không,Không,Không,Đúng,Đúng,Không,Không,Không,Không,Không,Không,Không,Không,Không,Không,Không,Không,Không,Không,Không,Không,Không,Không,Không,Không,Không,Không,Không,Không,Không,Không,Không,168.8,115,138,147,160,1.008,3.285,11.880,4.980,0.024,1.308,1.212,3.360,3.144,3.072,1614,0,0,Đúng,120,Không,Không,113,92.0,Không,Không,8828,12973,45315,135,87.0,100.0,Không,Không,46189,41443,100.0,100.0,100.0,24.104,2.310,37821,22983,0.0,0.2,0.2,0.000,0.089,398,722,0.2,0.3,0.5,0.090,0.445,25495,83586,113.3,127.7,181.4,0.675,6.295,4.903,12.000,0.076,6.024,6.219,0.196,19.600,19.600,139.0,405.0,544.0,134.1,403.1,19.0,18.0,0.0,5.0,41.3,5.6,11.2,0.0,50,Đúng,Không,Không,Không,Không,Đúng,Không,7,0,0,0,0,0,0,0,0,203,0,0,0,0,0,0,0,0,0,0,0,0,0,0,0,0,0,0,0,0,2403,1693,1616,111,2.5,75.0,76.8,73.4,73.2,73.2,73.2,75.0,75.4,74.6,74.6,74.6,74.6,13.33,13.69,12.96,12.96,13.71,13.71,0.75,0.19,13.19,0.14,0.10,16730,1515,278.5,11.0,0,50.0,52,
8.10.2026,20:13:59.428,31230,64888,32.4,19898,29116,40.5,1.0,47104,476,1.047,1.044,1.047,1.044,1.046,1.052,1.052,3984.3,3984.3,3984.3,3984.3,3984.3,3984.3,3984.3,99.6,3685.5,996.1,3110.6,3162.9,3034.5,3237.5,3025.1,3261.4,2827.7,3067.1,3166.1,3118.0,2999.5,3407.6,3019.4,3110.6,80.5,84.5,79.2,84.3,78.8,85.3,73.4,79.3,81.5,80.6,79.2,84.9,75.1,85.3,80.5,100.0,112.2,117.5,110.3,117.6,110.0,118.6,102.7,110.4,113.4,112.3,110.4,118.1,104.8,112.2,40.0,40.0,40.0,40.0,40.0,40.0,40.0,37.0,149,151,154,149,149,145,147,63,61,58,63,63,67,65,154,154,Không,Không,Không,Không,Không,Không,Không,Không,Không,Không,Không,Không,Không,Không,Không,Không,Không,Không,Không,Không,Không,Không,Không,Không,153,153,50.930,50.374,47.697,2.719,65.0,85.0,134.0,134.0,50.000,77.9,79.2,76.0,81.1,75.8,81.7,70.9,76.8,79.3,78.1,75.2,85.4,75.7,0.0,0.0,0.0,0.0,0.0,0.0,0.0,1593.7,16.00,22,22,22,52,74,880,2,Đúng,Không,Không,Không,Không,Không,Không,Không,Không,Không,Không,Không,Đúng,Không,Không,Không,Không,Không,Không,Không,Không,Không,Không,Không,Không,Không,Không,Không,Không,Không,Không,Không,Không,Không,Không,Không,Không,Không,Không,Không,Không,168.8,115,138,153,160,1.020,3.285,11.808,4.980,0.024,1.308,1.212,3.360,3.144,3.072,1607,0,0,Đúng,120,Không,Không,113,92.0,Không,Không,8828,12973,45315,133,87.0,100.0,Không,Không,46189,41443,100.0,100.0,100.0,24.637,2.145,37914,22991,0.0,0.1,0.1,0.000,0.090,398,722,0.8,1.4,2.2,1.663,3.607,25499,83594,113.3,127.7,181.4,0.675,6.293,4.902,12.000,0.076,6.024,6.217,0.194,19.600,19.600,139.0,405.0,544.0,134.1,402.4,19.0,18.0,0.0,5.0,41.3,5.3,10.7,0.0,50,Đúng,Không,Không,Không,Không,Đúng,Không,7,0,0,0,0,0,0,0,0,203,0,0,0,0,0,0,0,0,0,0,0,0,0,0,0,0,0,0,0,0,2405,1691,1614,111,2.5,75.0,76.4,73.5,73.2,73.2,73.2,75.0,75.5,74.5,74.4,74.4,74.4,13.33,13.66,13.02,13.01,13.76,13.76,0.72,0.01,13.18,0.15,0.11,16731,1515,197.9,17.4,0,50.0,52,
8.10.2026,20:14:2.752,31224,64894,32.4,19891,29123,40.5,1.0,47104,476,1.047,1.052,1.045,1.047,1.049,1.045,1.045,3984.3,3984.3,3984.3,3984.3,3984.3,3984.3,3984.3,99.6,3685.5,996.1,3104.7,3473.2,2744.9,3226.9,3056.6,3319.6,2863.8,3386.6,3030.4,3157.2,2854.0,3189.9,2953.1,3104.7,78.8,88.9,69.7,81.7,77.4,84.1,72.5,83.6,76.7,80.0,73.8,83.2,74.4,88.9,78.8,100.0,109.9,123.3,97.3,114.0,107.9,117.0,101.3,116.5,106.8,111.6,103.2,115.8,103.9,109.9,40.0,40.0,40.0,40.0,40.0,40.0,40.0,37.0,147,144,149,147,151,145,144,65,68,63,65,61,67,68,147,151,Không,Không,Không,Không,Không,Không,Không,Không,Không,Không,Không,Không,Không,Không,Không,Không,Không,Không,Không,Không,Không,Không,Không,Không,151,151,54.774,53.060,50.305,2.785,65.0,85.0,134.0,134.0,56.000,77.8,87.0,68.8,80.9,76.6,83.2,71.8,84.9,75.9,79.1,71.5,79.9,74.0,0.0,0.0,0.0,0.0,0.0,0.0,0.0,1593.7,16.00,22,22,22,52,74,880,2,Đúng,Không,Không,Không,Không,Không,Không,Không,Không,Không,Không,Không,Đúng,Không,Không,Không,Không,Không,Không,Không,Không,Không,Không,Không,Không,Không,Không,Không,Không,Không,Không,Không,Không,Không,Không,Không,Không,Không,Không,Không,Không,168.8,115,138,149,160,1.020,3.285,11.880,4.980,0.024,1.308,1.212,3.360,3.144,3.072,1610,0,0,Đúng,120,Không,Không,113,92.0,Không,Không,8828,12973,45315,133,87.0,100.0,Không,Không,46189,41443,100.0,65.9,100.0,5.673,2.314,37925,22995,0.0,0.0,0.0,0.000,0.047,398,722,0.6,0.6,1.2,0.111,0.940,25499,83596,113.3,127.7,181.4,0.675,6.295,4.903,12.000,0.076,6.024,6.219,0.195,19.600,19.600,139.0,405.0,544.0,134.1,402.4,19.0,18.0,0.0,5.0,41.3,5.4,10.7,0.0,50,Đúng,Không,Không,Không,Không,Đúng,Không,7,0,0,0,0,0,0,0,0,203,0,0,0,0,0,0,0,0,0,0,0,0,0,0,0,0,0,0,0,0,2405,1691,1614,111,2.5,75.0,77.4,73.0,73.0,73.0,73.0,75.0,75.5,74.4,74.4,74.4,74.4,13.33,13.73,12.84,12.77,13.78,13.78,0.80,0.54,13.19,0.15,0.14,16731,1515,33.2,25.3,0,51.8,52,
8.10.2026,20:14:6.276,31178,64940,32.4,19850,29164,40.4,1.0,47104,476,1.046,1.043,1.051,1.046,1.045,1.046,1.045,3984.3,3984.3,3984.3,3984.3,3984.3,3984.3,3984.3,99.6,3685.5,996.1,2303.1,2783.8,1692.4,2657.4,1954.8,2946.9,2093.4,2289.1,2215.7,2435.4,2039.4,2415.6,2113.6,2303.1,57.1,71.2,43.0,64.4,48.8,73.8,51.2,56.4,53.3,61.6,47.7,65.3,48.9,73.8,57.1,100.0,80.2,99.5,60.7,90.6,69.0,102.8,71.7,79.5,74.7,86.6,67.4,91.5,68.9,80.2,40.0,40.0,40.0,40.0,40.0,40.0,40.0,37.0,144,145,151,144,142,140,145,68,67,61,68,70,72,67,145,151,Không,Không,Không,Không,Không,Không,Không,Không,Không,Không,Không,Không,Không,Không,Không,Không,Không,Không,Không,Không,Không,Không,Không,Không,151,151,43.243,51.107,48.407,2.718,65.0,85.0,134.0,134.0,49.000,57.7,69.8,42.4,66.6,49.0,73.8,52.5,57.4,55.5,61.0,51.1,60.5,53.0,5.1,1.7,6.4,2.1,8.5,2.7,9.2,1593.7,16.00,22,22,22,52,74,880,2,Đúng,Không,Không,Không,Không,Không,Không,Không,Không,Không,Không,Không,Đúng,Đúng,Không,Không,Không,Không,Không,Không,Không,Không,Không,Không,Không,Không,Không,Không,Không,Không,Không,Không,Không,Không,Không,Không,Không,Không,Không,Không,Không,168.8,117,138,147,160,1.020,3.324,11.808,4.950,0.024,1.308,1.212,3.360,3.144,3.072,1614,0,0,Đúng,120,Không,Không,113,92.0,Không,Không,8828,12973,45315,133,87.0,100.0,Không,Không,46189,41443,100.0,100.0,100.0,14.534,2.181,37973,23001,0.0,0.0,0.0,0.000,0.062,398,722,0.7,1.8,2.4,0.213,3.005,25501,83605,113.3,127.7,181.4,0.675,6.289,4.900,12.000,0.076,6.024,6.213,0.189,19.600,19.600,139.0,405.0,544.0,134.1,402.8,19.0,18.0,0.0,5.0,41.3,5.2,10.5,0.0,50,Đúng,Không,Không,Không,Không,Đúng,Không,7,0,0,0,0,0,0,0,0,203,0,0,0,0,0,0,0,0,0,0,0,0,0,0,0,0,0,0,0,0,2405,1691,1614,111,2.5,75.0,76.6,73.2,73.2,73.2,73.2,75.0,75.8,74.1,73.8,73.7,73.7,13.34,13.70,12.99,12.93,13.70,13.70,0.80,0.19,13.19,0.15,0.12,16731,1515,99.1,18.8,0,51.8,52,
8.10.2026,20:14:9.202,31236,64882,32.4,19896,29118,40.5,1.0,47104,476,1.047,1.048,1.047,1.045,1.046,1.048,1.048,3984.3,3984.3,3984.3,3984.3,3984.3,3984.3,3984.3,99.6,3685.5,996.1,2435.1,2839.5,1988.1,2572.4,2408.8,2803.3,2099.4,2624.6,2139.5,2646.8,1868.9,3227.2,2002.2,2435.1,62.2,72.4,49.9,64.8,60.6,69.6,52.2,70.8,55.0,68.1,49.1,80.5,52.9,80.5,62.2,100.0,87.6,101.5,70.9,91.5,85.4,97.8,74.2,99.2,77.8,95.9,70.2,112.2,74.9,87.6,40.0,40.0,40.0,40.0,40.0,40.0,40.0,37.0,147,144,153,151,144,147,145,65,68,59,61,68,65,67,153,153,Không,Không,Không,Không,Không,Không,Không,Không,Không,Không,Không,Không,Không,Không,Không,Không,Không,Không,Không,Không,Không,Không,Không,Không,151,151,49.009,53.412,50.647,2.777,65.0,85.0,134.0,134.0,49.000,61.0,71.1,49.8,64.5,60.4,70.2,52.6,65.8,53.6,66.3,46.8,80.9,50.2,0.6,0.0,0.0,1.2,0.0,2.0,0.1,1593.7,16.00,22,22,22,52,74,880,2,Đúng,Không,Không,Không,Không,Không,Không,Không,Không,Không,Không,Không,Đúng,Không,Không,Không,Không,Không,Không,Không,Không,Không,Không,Không,Không,Không,Không,Không,Không,Không,Không,Không,Không,Không,Không,Không,Không,Không,Không,Không,Không,170.6,115,138,149,160,1.032,3.285,11.880,4.980,0.024,1.308,1.212,3.360,3.144,3.072,1610,0,0,Đúng,120,Không,Không,113,92.0,Không,Không,8828,12973,45315,133,87.0,100.0,Không,Không,46189,41443,100.0,100.0,100.0,7.450,3.015,38004,23010,0.0,0.0,0.0,0.000,0.020,398,722,0.5,1.1,1.6,0.521,1.800,25502,83627,113.5,127.8,181.4,0.675,6.286,4.899,12.000,0.076,6.024,6.210,0.186,19.600,19.600,139.0,405.0,544.0,134.1,402.6,23.0,18.0,0.0,5.0,41.3,5.6,11.2,0.0,50,Đúng,Không,Không,Không,Không,Đúng,Không,7,0,0,0,0,0,0,0,0,203,0,0,0,0,0,0,0,0,0,0,0,0,0,0,0,0,0,0,0,0,2404,1692,1615,113,2.5,75.3,75.8,74.8,74.8,74.8,74.8,0.0,0.0,0.0,0.0,0.0,0.0,13.28,13.42,13.17,13.17,13.42,13.42,1.00,0.01,13.18,0.10,0.00,16732,1515,171.3,9.5,0,51.8,52,
8.10.2026,20:14:14.192,31289,64829,32.5,19960,29054,40.7,1.0,47104,476,1.047,1.051,1.050,1.049,1.046,1.044,1.044,3984.3,3984.3,3984.3,3984.3,3984.3,3984.3,3984.3,99.6,3685.5,996.1,2983.0,3334.3,2787.4,3241.4,2925.0,3288.0,2732.0,3048.5,3004.1,3153.0,2593.7,2860.8,2827.4,2983.0,76.8,85.2,70.4,81.5,73.8,83.2,74.8,76.8,78.2,79.9,67.9,75.6,73.6,85.2,76.8,100.0,107.0,118.4,98.3,113.5,103.1,115.7,104.3,107.2,108.8,111.4,95.2,105.7,102.9,107.0,40.0,40.0,40.0,40.0,40.0,40.0,40.0,37.0,144,149,147,145,140,142,142,68,63,65,67,72,70,70,154,149,Không,Không,Không,Không,Không,Không,Không,Không,Không,Không,Không,Không,Không,Không,Không,Không,Không,Không,Không,Không,Không,Không,Không,Không,153,153,47.087,54.884,52.121,2.807,65.0,85.0,134.0,134.0,48.000,74.7,83.5,69.8,81.2,73.3,82.4,68.5,76.4,75.3,79.0,65.0,71.7,70.8,0.0,0.0,0.0,0.0,0.0,0.0,0.0,1593.7,16.00,22,22,22,52,74,880,2,Đúng,Không,Không,Không,Không,Không,Không,Không,Không,Không,Không,Không,Đúng,Không,Không,Không,Không,Không,Không,Không,Không,Không,Không,Không,Không,Không,Không,Không,Không,Không,Không,Không,Không,Không,Không,Không,Không,Không,Không,Không,Không,170.6,115,138,151,160,1.020,3.265,11.808,4.980,0.024,1.308,1.212,3.360,3.144,3.072,1610,0,0,Đúng,120,Không,Không,113,92.0,Không,Không,8828,12973,45315,133,87.0,100.0,Không,Không,46189,41443,100.0,94.3,100.0,15.921,1.324,38039,23017,0.0,0.1,0.1,0.000,0.106,398,723,1.6,14.5,16.1,1.107,38.392,25505,83747,113.4,127.8,181.4,0.675,6.283,4.898,12.000,0.076,6.024,6.207,0.184,19.600,19.600,139.0,405.0,544.0,134.1,402.3,22.0,18.0,0.0,5.0,41.3,5.3,10.7,0.0,50,Đúng,Không,Không,Không,Không,Đúng,Không,7,0,0,0,0,0,0,0,0,203,0,0,0,0,0,0,0,0,0,0,0,0,0,0,0,0,0,0,0,0,2403,1693,1616,116,2.5,75.0,76.3,73.8,73.6,73.6,73.6,75.0,75.5,74.5,74.4,74.4,74.4,13.33,13.57,13.08,13.07,13.62,13.62,0.77,0.05,13.19,0.14,0.10,16733,1515,194.2,14.7,0,51.8,52,
8.10.2026,20:14:18.015,31287,64831,32.5,19951,29063,40.7,1.0,47104,476,1.045,1.044,1.044,1.049,1.043,1.044,1.044,3984.3,3984.3,3984.3,3984.3,3984.3,3984.3,3984.3,99.6,3685.5,996.1,2382.1,2868.7,1921.8,2727.6,2328.9,2829.8,1824.5,2001.4,2829.2,2695.3,1838.4,2595.0,2124.7,2382.1,61.3,73.3,48.9,67.1,58.3,73.9,46.2,51.6,79.2,71.0,46.3,68.0,51.6,79.2,61.3,100.0,85.7,102.1,68.5,93.9,81.7,103.0,65.0,72.5,109.7,99.1,65.1,95.1,72.2,85.7,40.0,40.0,40.0,40.0,40.0,40.0,40.0,37.0,150,147,153,154,151,149,147,62,65,59,58,61,63,65,153,154,Không,Không,Không,Không,Không,Không,Không,Không,Không,Không,Không,Không,Không,Không,Không,Không,Không,Không,Không,Không,Không,Không,Không,Không,151,151,45.165,55.943,53.096,2.878,65.0,85.0,134.0,134.0,45.000,59.7,71.8,48.2,68.3,58.3,70.9,45.7,50.1,70.9,67.5,46.1,65.0,53.2,2.2,0.1,0.7,4.7,0.0,1.4,6.3,1593.7,16.00,22,22,22,52,74,880,2,Đúng,Không,Không,Không,Không,Không,Không,Không,Không,Không,Không,Không,Đúng,Đúng,Không,Không,Không,Không,Không,Không,Không,Không,Không,Không,Không,Không,Không,Không,Không,Không,Không,Không,Không,Không,Không,Không,Không,Không,Không,Không,Không,170.6,115,138,149,162,1.020,3.285,11.808,4.980,0.024,1.320,1.212,3.360,3.144,3.072,1607,0,0,Đúng,120,Không,Không,113,92.0,Không,Không,8828,12973,45315,131,87.0,100.0,Không,Không,46189,41443,100.0,100.0,100.0,5.329,2.622,38096,23023,0.0,0.0,0.0,0.000,0.040,398,723,0.2,0.7,0.9,0.040,1.109,25505,83760,113.3,127.7,181.4,0.675,6.281,4.897,12.000,0.076,6.024,6.205,0.182,19.600,19.600,139.0,405.0,544.0,134.1,402.0,23.0,18.0,0.0,5.0,41.3,5.2,10.4,0.0,50,Đúng,Không,Không,Không,Không,Đúng,Không,7,0,0,0,0,0,0,0,0,203,0,0,0,0,0,0,0,0,0,0,0,0,0,0,0,0,0,0,0,0,2403,1693,1616,116,2.5,75.0,76.7,73.5,73.1,73.1,73.1,75.0,75.6,74.6,74.5,74.4,74.4,13.33,13.71,12.93,12.90,13.77,13.77,0.75,0.36,13.19,0.14,0.12,16733,1515,323.9,13.9,0,51.8,52,
8.10.2026,20:14:22.345,31267,64851,32.5,19948,29067,40.6,1.0,47104,476,1.051,1.051,1.049,1.052,1.050,1.048,1.058,3984.3,3984.3,3984.3,3984.3,3984.3,3984.3,3984.3,99.6,3685.5,996.1,2507.7,3023.1,1928.0,2975.5,2276.0,2551.0,2400.0,2932.8,2230.1,2744.6,1915.4,2796.8,2318.7,2507.7,63.1,77.2,49.1,75.1,57.6,64.6,59.8,74.0,55.6,68.9,48.7,67.1,59.6,77.2,63.1,100.0,88.2,107.6,68.8,104.7,80.6,90.4,83.6,103.0,77.7,96.4,68.6,93.5,83.4,88.2,40.0,40.0,40.0,40.0,40.0,40.0,40.0,37.0,145,144,151,147,142,145,142,67,68,61,65,70,67,70,149,151,Không,Không,Không,Không,Không,Không,Không,Không,Không,Không,Không,Không,Không,Không,Không,Không,Không,Không,Không,Không,Không,Không,Không,Không,147,147,49.009,54.288,51.515,2.783,65.0,85.0,134.0,134.0,50.000,62.8,75.7,48.3,74.6,57.0,63.9,60.1,73.5,55.9,68.8,48.0,70.1,58.1,0.7,0.0,0.7,0.0,0.4,0.1,2.7,1593.7,16.00,22,22,22,52,74,880,2,Đúng,Không,Không,Không,Không,Không,Không,Không,Không,Không,Không,Không,Đúng,Không,Không,Không,Không,Không,Không,Không,Không,Không,Không,Không,Không,Không,Không,Không,Không,Không,Không,Không,Không,Không,Không,Không,Không,Không,Không,Không,Không,168.8,115,138,151,162,1.020,3.324,11.808,4.980,0.024,1.308,1.212,3.360,3.144,3.072,1610,0,0,Đúng,120,Không,Không,113,92.0,Không,Không,8828,12973,45315,133,87.0,100.0,Không,Không,46189,41443,100.0,100.0,100.0,25.825,2.340,38160,23030,0.0,0.0,0.0,0.000,0.025,398,723,0.2,0.3,0.5,0.098,0.241,25506,83767,113.4,127.8,181.4,0.675,6.286,4.899,12.000,0.076,6.024,6.210,0.187,19.600,19.600,139.0,405.0,544.0,134.1,402.7,23.0,19.0,0.0,5.0,41.3,5.3,10.5,0.0,50,Đúng,Không,Không,Không,Không,Đúng,Không,7,0,0,0,0,0,0,0,0,203,0,0,0,0,0,0,0,0,0,0,0,0,0,0,0,0,0,0,0,0,2403,1693,1616,116,2.5,75.0,77.1,73.2,72.5,72.4,72.4,75.0,75.4,74.6,74.6,74.6,74.6,13.33,13.70,12.92,12.92,13.82,13.82,0.81,0.19,13.20,0.14,0.10,16734,1515,50.3,13.6,0,53.6,54,
8.10.2026,20:14:25.939,31314,64804,32.5,19976,29038,40.7,1.0,47104,476,1.046,1.049,1.048,1.045,1.045,1.045,1.041,3984.3,3984.3,3984.3,3984.3,3984.3,3984.3,3984.3,99.6,3685.5,996.1,2185.4,2731.2,1627.5,2953.4,1881.3,2260.5,1737.0,2219.3,2344.9,2259.8,1715.3,1876.2,2618.7,2185.4,55.6,69.9,41.2,74.6,47.9,57.5,44.4,56.9,59.7,58.0,44.2,48.9,63.6,74.6,55.6,100.0,78.8,98.5,59.2,105.3,68.3,81.9,63.3,80.4,83.6,82.6,63.4,69.7,89.3,78.8,40.0,40.0,40.0,40.0,40.0,40.0,40.0,37.0,142,142,142,142,142,140,144,70,70,70,70,70,72,68,145,144,Không,Không,Không,Không,Không,Không,Không,Không,Không,Không,Không,Không,Không,Không,Không,Không,Không,Không,Không,Không,Không,Không,Không,Không,151,151,37.477,50.716,48.510,2.242,65.0,85.0,134.0,134.0,38.000,54.8,68.4,40.8,74.0,47.1,56.6,43.5,55.6,58.8,56.6,43.0,47.0,65.6,4.9,0.0,2.0,6.7,2.7,13.3,4.5,1593.7,16.00,22,22,22,52,74,880,2,Đúng,Không,Không,Không,Không,Không,Không,Không,Không,Không,Không,Không,Đúng,Đúng,Không,Không,Không,Không,Không,Không,Không,Không,Không,Không,Không,Không,Không,Không,Không,Không,Không,Không,Không,Không,Không,Không,Không,Không,Không,Không,Không,170.6,115,138,147,162,1.020,3.324,11.808,4.950,0.024,1.320,1.212,3.360,3.144,3.072,1610,0,0,Đúng,120,Không,Không,113,92.0,Không,Không,8828,12973,45315,131,87.0,100.0,Không,Không,46189,41443,100.0,95.5,100.0,4.315,2.429,38200,23036,0.0,0.0,0.0,0.000,0.082,398,723,0.8,0.3,1.1,2.735,0.457,25513,83770,114.3,128.7,181.4,0.694,6.297,4.904,12.000,0.076,6.024,6.221,0.198,19.600,19.600,873.0,1050.0,784.5,1060.5,1046.6,7.0,7.0,0.0,2.0,41.3,1.5,3.1,0.0,50,Đúng,Không,Không,Không,Không,Đúng,Không,7,0,0,0,0,0,0,0,0,204,0,0,0,0,0,0,0,0,0,0,0,0,0,0,0,0,0,0,0,0,2403,1693,1616,117,8.0,75.0,76.3,74.0,74.0,74.0,74.0,75.0,75.3,74.7,74.6,74.6,74.6,13.33,13.53,13.09,13.07,13.56,13.56,0.30,1.65,13.20,0.13,0.09,16734,1515,136.0,27.8,0,53.6,54,
8.10.2026,20:14:29.099,31329,64789,32.5,19999,29015,40.8,1.0,47104,476,1.049,1.052,1.049,1.051,1.054,1.042,1.047,3984.3,3984.3,3984.3,3984.3,3984.3,3984.3,3984.3,99.6,3685.5,996.1,2062.9,2484.7,1709.5,2287.5,1773.2,2347.1,1742.1,3174.7,1748.2,1959.2,1706.2,1982.9,1840.1,2062.9,53.8,65.8,44.6,59.6,46.1,60.9,45.5,81.5,44.4,50.7,43.7,51.1,52.1,81.5,53.8,100.0,76.2,92.5,63.1,84.4,65.6,86.1,64.7,113.6,62.9,72.6,62.5,72.9,73.6,76.2,40.0,40.0,40.0,40.0,40.0,40.0,40.0,37.0,145,145,149,149,147,142,140,67,67,63,63,65,70,72,151,149,Không,Không,Không,Không,Không,Không,Không,Không,Không,Không,Không,Không,Không,Không,Không,Không,Không,Không,Không,Không,Không,Không,Không,Không,149,149,28.829,43.042,41.543,1.527,65.0,85.0,134.0,134.0,30.000,51.7,62.3,42.8,57.3,44.4,58.8,43.7,79.5,43.8,49.1,42.8,49.7,46.1,11.4,0.7,18.0,13.1,0.0,20.7,15.8,1593.7,16.00,22,22,22,52,74,880,2,Đúng,Không,Không,Không,Không,Không,Không,Không,Không,Không,Không,Không,Đúng,Đúng,Không,Không,Không,Không,Không,Không,Không,Không,Không,Không,Không,Không,Không,Không,Không,Không,Không,Không,Không,Không,Không,Không,Không,Không,Không,Không,Không,170.6,115,138,147,160,1.020,3.324,11.808,4.980,0.024,1.308,1.212,3.360,3.144,3.072,1607,0,0,Đúng,120,Không,Không,113,92.0,Không,Không,8828,12973,45315,129,87.0,100.0,Không,Không,46189,41443,100.0,61.1,100.0,37.419,1.502,38266,23038,0.0,0.0,0.0,0.000,0.019,398,723,0.3,0.5,0.8,0.059,0.988,25513,83772,114.2,128.6,181.4,0.675,6.283,4.898,12.000,0.076,6.024,6.207,0.184,19.600,19.600,670.5,810.0,607.5,670.8,804.6,10.0,9.0,0.0,3.0,41.3,2.4,4.7,0.0,50,Đúng,Không,Không,Không,Không,Đúng,Không,7,0,0,0,0,0,0,0,0,205,0,0,0,0,0,0,0,0,0,0,0,0,0,0,0,0,0,0,0,0,2403,1693,1616,117,5.0,75.0,76.1,73.9,73.2,73.1,73.1,75.0,75.3,74.7,74.7,74.7,74.7,13.33,13.61,13.09,13.05,13.72,13.72,0.34,1.47,13.19,0.14,0.10,16735,1515,269.1,13.5,0,51.8,52,
8.10.2026,20:14:35.369,31287,64831,32.5,19967,29047,40.7,1.0,47104,476,1.053,1.053,1.047,1.061,1.057,1.049,1.051,3984.3,3984.3,3984.3,3984.3,3984.3,3984.3,3984.3,99.6,3685.5,996.1,1951.3,2340.9,1382.8,2059.0,1482.3,1883.1,1414.3,2526.4,2134.7,2248.3,1735.3,2091.5,2116.8,1951.3,48.0,61.6,36.2,49.7,39.1,49.6,36.8,84.2,37.7,55.0,32.9,45.4,47.9,84.2,48.0,100.0,68.4,87.1,51.7,71.2,56.2,70.9,53.0,117.3,53.7,78.2,47.6,65.1,68.2,68.4,40.0,40.0,40.0,40.0,40.0,40.0,40.0,37.0,137,144,153,129,129,138,131,75,68,59,83,83,74,81,147,153,Không,Không,Không,Không,Không,Không,Không,Không,Không,Không,Không,Không,Không,Không,Không,Không,Không,Không,Không,Không,Không,Không,Không,Không,145,145,45.165,38.077,35.645,2.460,65.0,85.0,134.0,134.0,46.000,48.9,58.7,34.6,51.6,37.1,47.2,35.4,63.3,53.5,56.3,43.5,52.4,53.0,11.0,5.5,22.7,24.3,1.4,10.2,2.0,1593.7,16.00,22,22,22,52,74,880,2,Đúng,Không,Không,Không,Không,Không,Không,Không,Không,Không,Không,Không,Đúng,Đúng,Không,Không,Không,Không,Không,Không,Không,Không,Không,Không,Không,Không,Không,Không,Không,Không,Không,Không,Không,Không,Không,Không,Không,Không,Không,Không,Không,172.4,115,138,147,160,1.032,3.324,11.808,4.950,0.024,1.308,1.212,3.360,3.144,3.072,1603,0,0,Đúng,120,Không,Không,113,92.0,Không,Không,8828,12973,45315,129,87.0,100.0,Không,Không,46189,41443,100.0,89.6,100.0,73.730,0.590,38682,23050,0.3,0.0,0.4,0.172,0.020,399,724,0.7,0.4,1.0,0.302,0.979,25514,83782,113.7,128.1,181.4,0.675,6.286,4.899,12.000,0.076,6.024,6.210,0.186,19.600,19.600,215.0,405.0,544.0,134.1,402.6,20.0,19.0,0.0,5.0,41.3,5.4,10.7,0.0,50,Đúng,Không,Không,Không,Không,Đúng,Không,7,0,0,0,0,0,0,0,0,206,0,0,0,0,0,0,0,0,0,0,0,0,0,0,0,0,0,0,0,0,2403,1693,1616,116,2.5,75.0,77.2,72.8,72.2,72.1,72.1,75.0,75.3,74.6,74.6,74.6,74.6,13.33,13.74,12.94,12.90,13.93,13.93,0.76,0.01,13.19,0.14,0.12,16736,1515,4.1,4.5,0,51.8,52,
8.10.2026,20:14:40.301,31269,64849,32.5,19937,29077,40.6,1.0,47104,476,1.052,1.059,1.052,1.042,1.049,1.059,1.053,3984.3,3984.3,3984.3,3984.3,3984.3,3984.3,3984.3,99.6,3685.5,996.1,1792.5,2305.2,1185.6,1747.2,1620.3,2032.6,1295.9,1782.6,1600.6,1885.8,1957.8,2229.7,1866.2,1792.5,46.1,61.0,31.8,45.9,47.5,51.3,34.0,46.1,49.3,53.2,39.0,50.5,43.5,61.0,46.1,100.0,65.0,86.1,45.0,65.0,66.7,72.5,48.0,65.2,69.2,75.0,54.9,71.2,61.1,65.0,40.0,40.0,40.0,40.0,40.0,40.0,40.0,37.0,141,144,142,138,144,142,138,71,68,70,74,68,70,74,145,144,Không,Không,Không,Không,Không,Không,Không,Không,Không,Không,Không,Không,Không,Không,Không,Không,Không,Không,Không,Không,Không,Không,Không,Không,153,153,43.243,38.433,35.993,2.481,65.0,85.0,134.0,134.0,44.000,44.9,57.8,29.7,43.8,40.6,50.9,32.5,44.7,40.1,47.3,49.1,55.9,46.8,13.8,11.5,19.6,23.1,12.9,10.2,5.6,1593.7,16.00,22,22,22,52,74,880,2,Đúng,Không,Không,Không,Không,Không,Không,Không,Không,Không,Không,Không,Đúng,Đúng,Không,Không,Không,Không,Không,Không,Không,Không,Không,Không,Không,Không,Không,Không,Không,Không,Không,Không,Không,Không,Không,Không,Không,Không,Không,Không,Không,170.6,115,138,145,160,1.020,3.285,11.880,5.010,0.024,1.308,1.212,3.360,3.144,3.072,1599,0,0,Đúng,120,Không,Không,113,92.0,Không,Không,8828,12973,45315,129,87.0,100.0,Không,Không,46189,41443,100.0,100.0,100.0,19.544,2.613,38887,23055,0.1,0.0,0.1,0.032,0.022,399,724,0.5,0.1,0.6,0.250,0.093,25515,83787,113.7,128.1,181.4,0.675,6.286,4.899,12.000,0.076,6.024,6.210,0.186,19.600,19.600,139.0,405.0,544.0,134.1,402.5,20.0,18.0,0.0,5.0,41.3,5.4,10.7,0.0,50,Đúng,Không,Không,Không,Không,Đúng,Không,7,0,0,0,0,0,0,0,0,206,0,0,0,0,0,0,0,0,0,0,0,0,0,0,0,0,0,0,0,0,2403,1693,1616,116,2.5,75.0,76.8,73.0,72.9,72.9,72.9,75.0,75.9,74.0,73.4,73.4,73.4,13.33,13.72,12.98,12.95,13.74,13.74,0.76,0.19,13.20,0.14,0.12,16736,1515,110.5,8.3,0,50.0,52,
8.10.2026,20:14:43.632,31252,64867,32.5,19922,29092,40.6,1.0,47104,476,1.048,1.049,1.048,1.049,1.044,1.048,1.050,3984.3,3984.3,3984.3,3984.3,3984.3,3984.3,3984.3,99.6,3685.5,996.1,2598.1,2870.7,2143.1,2770.7,2666.1,2747.8,2326.2,2810.6,2349.7,2664.5,2233.9,3191.2,2402.6,2598.1,68.0,77.4,58.0,72.9,68.3,72.4,60.8,76.6,58.8,70.8,57.1,80.9,62.5,80.9,68.0,100.0,95.4,108.1,81.5,102.3,95.8,101.8,85.5,107.2,82.7,99.3,80.5,112.8,87.6,95.4,40.0,40.0,40.0,40.0,40.0,40.0,40.0,37.0,146,147,153,142,145,144,147,66,65,59,70,67,68,65,153,153,Không,Không,Không,Không,Không,Không,Không,Không,Không,Không,Không,Không,Không,Không,Không,Không,Không,Không,Không,Không,Không,Không,Không,Không,153,153,51.891,43.712,41.260,2.499,65.0,85.0,134.0,134.0,55.000,65.1,71.9,53.7,69.4,66.8,68.8,58.3,70.4,58.9,66.8,56.0,80.0,60.2,0.9,0.0,0.6,1.7,2.4,0.9,0.0,1593.7,16.00,22,22,22,52,74,880,2,Đúng,Không,Không,Không,Không,Không,Không,Không,Không,Không,Không,Không,Đúng,Đúng,Không,Không,Không,Không,Không,Không,Không,Không,Không,Không,Không,Không,Không,Không,Không,Không,Không,Không,Không,Không,Không,Không,Không,Không,Không,Không,Không,172.4,117,138,149,160,1.008,3.324,11.808,4.980,0.024,1.308,1.212,3.360,3.144,3.072,1610,0,0,Đúng,120,Không,Không,113,92.0,Không,Không,8828,12973,45315,129,87.0,100.0,Không,Không,46189,41443,100.0,96.4,100.0,5.592,2.373,38912,23063,0.0,0.0,0.0,0.000,0.031,399,724,0.2,1.6,1.8,0.078,7.343,25515,83800,113.8,128.2,181.4,0.675,6.287,4.900,12.000,0.076,6.024,6.211,0.188,19.600,19.600,139.0,405.0,544.0,134.1,402.0,23.0,18.0,0.0,5.0,41.3,5.4,10.8,0.0,50,Đúng,Không,Không,Không,Không,Đúng,Không,7,0,0,0,0,0,0,0,0,206,0,0,0,0,0,0,0,0,0,0,0,0,0,0,0,0,0,0,0,0,2403,1693,1616,116,2.5,75.0,76.5,73.7,73.5,73.5,73.5,75.0,75.3,74.7,74.7,74.7,74.7,13.33,13.62,13.02,13.01,13.64,13.64,0.77,0.22,13.19,0.14,0.09,16737,1515,62.4,7.5,0,50.0,52,
8.10.2026,20:14:47.671,31244,64874,32.5,19909,29106,40.6,1.0,47104,476,1.050,1.049,1.047,1.053,1.047,1.046,1.055,3984.3,3984.3,3984.3,3984.3,3984.3,3984.3,3984.3,99.6,3685.5,996.1,2297.0,3236.4,1642.8,2662.0,2193.1,2514.3,2163.9,2570.8,1922.8,2427.7,1800.3,2402.5,2027.2,2297.0,59.9,84.4,43.3,68.7,57.2,65.6,56.0,66.8,49.5,69.5,43.9,60.4,53.7,84.4,59.9,100.0,84.7,117.6,61.8,96.8,80.5,92.6,79.5,94.7,70.6,97.8,63.0,85.2,76.2,84.7,40.0,40.0,40.0,40.0,40.0,40.0,40.0,37.0,147,149,147,149,147,140,147,65,63,65,63,65,72,65,151,149,Không,Không,Không,Không,Không,Không,Không,Không,Không,Không,Không,Không,Không,Không,Không,Không,Không,Không,Không,Không,Không,Không,Không,Không,149,149,42.282,45.826,43.318,2.541,65.0,85.0,134.0,134.0,43.000,57.6,81.1,41.2,66.7,55.0,63.0,54.2,64.4,48.2,60.8,45.1,60.2,50.8,3.6,0.9,0.1,3.7,4.5,6.5,5.7,1593.7,16.00,22,22,22,52,74,880,2,Đúng,Không,Không,Không,Không,Không,Không,Không,Không,Không,Không,Không,Đúng,Đúng,Không,Không,Không,Không,Không,Không,Không,Không,Không,Không,Không,Không,Không,Không,Không,Không,Không,Không,Không,Không,Không,Không,Không,Không,Không,Không,Không,168.8,117,138,147,160,1.008,3.344,11.736,4.980,0.024,1.308,1.212,3.360,3.144,3.072,1614,0,0,Đúng,120,Không,Không,113,92.0,Không,Không,8828,12973,45315,129,87.0,100.0,Không,Không,46189,41443,100.0,95.1,100.0,5.649,2.885,39003,23071,0.1,0.0,0.2,0.052,0.071,399,725,0.2,1.8,1.9,0.071,3.062,25516,83821,113.9,128.3,181.4,0.675,6.282,4.898,12.000,0.076,6.024,6.206,0.182,19.600,19.600,139.0,405.0,544.0,134.1,402.5,23.0,18.0,0.0,5.0,41.3,5.3,10.7,0.0,50,Đúng,Không,Không,Không,Không,Đúng,Không,7,0,0,0,0,0,0,0,0,206,0,0,0,0,0,0,0,0,0,0,0,0,0,0,0,0,0,0,0,0,2403,1693,1616,116,2.5,75.0,76.3,73.5,73.1,73.1,73.1,75.0,75.4,74.6,74.4,74.4,74.4,13.33,13.62,13.06,13.01,13.69,13.69,0.72,0.01,13.20,0.14,0.11,16738,1515,262.9,7.6,0,50.0,52,
8.10.2026,20:14:50.605,31295,64823,32.5,19956,29058,40.7,1.0,47104,476,1.052,1.051,1.052,1.056,1.050,1.050,1.053,3984.3,3984.3,3984.3,3984.3,3984.3,3984.3,3984.3,99.6,3685.5,996.1,2354.1,3469.0,1444.2,2900.2,1935.7,2513.6,2129.4,2317.7,2437.1,2711.2,1684.9,2314.4,2391.2,2354.1,59.7,88.3,37.0,73.6,49.0,63.9,54.3,59.2,61.4,68.0,42.5,58.0,61.3,88.3,59.7,100.0,83.3,122.2,51.5,102.5,68.5,89.4,75.8,82.7,85.4,95.1,59.7,81.2,85.5,83.3,40.0,40.0,40.0,40.0,40.0,40.0,40.0,37.0,143,144,149,140,142,144,142,69,68,63,72,70,68,70,149,149,Không,Không,Không,Không,Không,Không,Không,Không,Không,Không,Không,Không,Không,Không,Không,Không,Không,Không,Không,Không,Không,Không,Không,Không,147,147,40.360,47.747,45.153,2.620,65.0,85.0,134.0,134.0,41.000,59.0,86.9,36.2,72.7,48.5,63.0,53.4,58.1,61.1,67.9,42.2,58.0,59.9,2.0,0.0,0.0,0.7,1.5,7.0,2.8,1593.7,16.00,22,22,22,52,74,880,2,Đúng,Không,Không,Không,Không,Không,Không,Không,Không,Không,Không,Không,Đúng,Đúng,Không,Không,Không,Không,Không,Không,Không,Không,Không,Không,Không,Không,Không,Không,Không,Không,Không,Không,Không,Không,Không,Không,Không,Không,Không,Không,Không,172.4,117,138,149,160,1.020,3.324,11.736,4.920,0.024,1.308,1.212,3.360,3.144,3.072,1607,0,0,Đúng,120,Không,Không,113,92.0,Không,Không,8828,12973,45315,129,87.0,100.0,Không,Không,46189,41443,100.0,69.8,100.0,6.022,1.564,39013,23074,0.1,0.0,0.1,0.047,0.021,399,725,0.4,0.2,0.5,0.221,0.129,25517,83821,113.9,128.3,181.4,0.675,6.287,4.900,12.000,0.076,6.024,6.211,0.188,19.600,19.600,139.0,405.0,544.0,134.1,402.8,23.0,18.0,0.0,5.0,41.3,5.3,10.6,0.0,50,Đúng,Không,Không,Không,Không,Đúng,Không,7,0,0,0,0,0,0,0,0,206,0,0,0,0,0,0,0,0,0,0,0,0,0,0,0,0,0,0,0,0,2403,1693,1616,116,2.5,75.0,77.1,73.5,73.4,73.4,73.4,75.0,75.6,74.5,74.5,74.5,74.5,13.33,13.67,12.88,12.87,13.70,13.70,0.79,0.19,13.20,0.14,0.12,16738,1515,20.4,12.8,0,50.0,52,
8.10.2026,20:14:54.082,31226,64893,32.4,19897,29117,40.5,1.0,47104,476,1.051,1.054,1.042,1.057,1.053,1.053,1.049,3984.3,3984.3,3984.3,3984.3,3984.3,3984.3,3984.3,99.6,3685.5,996.1,1699.1,2072.5,2045.8,2385.6,1349.3,2453.9,1092.1,1856.0,1156.0,1631.5,1220.4,1713.1,1412.9,1699.1,43.9,52.9,51.6,60.4,34.3,62.8,27.5,47.8,29.6,50.2,29.3,44.7,35.2,62.8,43.9,100.0,62.1,74.9,72.3,84.9,48.7,88.2,39.1,67.9,42.0,71.0,42.3,63.8,49.8,62.1,40.0,40.0,40.0,40.0,40.0,40.0,40.0,37.0,142,144,145,149,138,131,145,70,68,67,63,74,81,67,145,149,Không,Không,Không,Không,Không,Không,Không,Không,Không,Không,Không,Không,Không,Không,Không,Không,Không,Không,Không,Không,Không,Không,Không,Không,149,149,41.321,45.498,42.942,2.592,65.0,85.0,134.0,134.0,47.000,42.6,51.9,51.2,59.7,33.8,61.5,27.4,46.5,29.0,40.8,30.6,42.9,35.4,20.2,6.1,17.0,18.2,25.4,25.7,28.9,1593.7,16.00,22,22,22,52,74,880,2,Đúng,Không,Không,Không,Không,Không,Không,Không,Không,Không,Không,Không,Đúng,Đúng,Không,Không,Không,Không,Không,Không,Không,Không,Không,Không,Không,Không,Không,Không,Không,Không,Không,Không,Không,Không,Không,Không,Không,Không,Không,Không,Không,170.6,115,138,147,160,1.032,3.285,11.952,4.980,0.024,1.308,1.212,3.360,3.144,3.072,1610,0,0,Đúng,120,Không,Không,113,92.0,Không,Không,8828,12973,45315,129,87.0,100.0,Không,Không,46189,41443,100.0,87.0,100.0,8.383,2.180,39051,23082,0.0,0.1,0.1,0.000,0.044,399,725,0.1,0.2,0.4,0.103,0.241,25517,83823,113.9,128.3,181.4,0.675,6.315,4.911,12.000,0.076,6.024,6.239,0.215,19.600,19.600,139.0,405.0,544.0,134.1,402.9,23.0,18.0,0.0,5.0,41.3,5.5,11.0,0.0,50,Đúng,Không,Không,Không,Không,Đúng,Không,7,0,0,0,0,0,0,0,0,206,0,0,0,0,0,0,0,0,0,0,0,0,0,0,0,0,0,0,0,0,2403,1693,1616,116,2.5,75.0,76.9,73.4,73.3,73.3,73.3,75.0,75.8,74.2,74.2,74.2,74.2,13.33,13.68,12.95,12.93,13.70,13.70,0.84,0.01,13.20,0.13,0.13,16738,1515,98.9,20.1,0,50.0,52,
8.10.2026,20:14:58.108,31198,64920,32.4,19871,29143,40.5,1.0,47104,476,1.048,1.051,1.049,1.051,1.043,1.045,1.049,3984.3,3984.3,3984.3,3984.3,3984.3,3984.3,3984.3,99.6,3685.5,996.1,1905.4,3419.7,1157.6,2089.7,1931.2,1890.5,1407.0,1953.7,1582.4,2079.1,1532.4,1883.9,1938.0,1905.4,48.1,86.9,29.6,52.9,48.7,47.9,35.7,49.4,40.6,50.2,39.0,48.1,48.3,86.9,48.1,100.0,67.4,120.4,41.5,74.3,68.0,67.7,50.3,69.7,57.0,70.5,54.8,67.7,67.5,67.4,40.0,40.0,40.0,40.0,40.0,40.0,40.0,37.0,144,142,144,144,144,145,144,68,70,68,68,68,67,68,145,145,Không,Không,Không,Không,Không,Không,Không,Không,Không,Không,Không,Không,Không,Không,Không,Không,Không,Không,Không,Không,Không,Không,Không,Không,149,149,48.048,48.348,45.664,2.706,65.0,85.0,134.0,134.0,48.000,47.7,85.6,29.0,52.3,48.4,47.4,35.3,48.9,39.6,52.1,38.4,47.2,48.6,18.1,0.0,17.7,27.2,25.8,20.9,17.0,1593.7,16.00,22,22,22,52,74,880,2,Đúng,Không,Không,Không,Không,Không,Không,Không,Không,Không,Không,Không,Đúng,Đúng,Không,Không,Không,Không,Không,Không,Không,Không,Không,Không,Không,Không,Không,Không,Không,Không,Không,Không,Không,Không,Không,Không,Không,Không,Không,Không,Không,168.8,115,138,145,160,1.008,3.285,11.880,5.040,0.024,1.308,1.212,3.360,3.144,3.072,1610,0,0,Đúng,120,Không,Không,113,92.0,Không,Không,8828,12973,45315,129,87.0,100.0,Không,Không,46189,41443,100.0,90.0,100.0,7.326,1.940,39083,23089,0.0,0.1,0.1,0.019,0.074,399,725,0.3,0.4,0.6,0.187,0.220,25518,83824,113.7,128.1,181.4,0.675,6.279,4.897,12.000,0.076,6.024,6.203,0.180,19.600,19.600,139.0,405.0,544.0,134.1,402.6,24.0,19.0,0.0,5.0,41.3,5.2,10.5,0.0,50,Đúng,Không,Không,Không,Không,Đúng,Không,7,0,0,0,0,0,0,0,0,206,0,0,0,0,0,0,0,0,0,0,0,0,0,0,0,0,0,0,0,0,2403,1693,1616,116,2.5,75.0,77.1,73.3,72.5,72.4,72.4,75.0,75.3,74.8,74.8,74.8,74.8,13.33,13.68,12.94,12.83,13.80,13.80,0.84,0.02,13.20,0.13,0.12,16739,1516,200.8,11.2,0,50.0,52,
8.10.2026,20:15:1.780,31233,64885,32.4,19901,29114,40.6,1.0,47104,476,1.047,1.052,1.053,1.053,1.043,1.027,1.052,3984.3,3984.3,3984.3,3984.3,3984.3,3984.3,3984.3,99.6,3685.5,996.1,1779.0,2496.3,1617.1,2292.9,1460.5,1858.0,1129.1,1758.4,1579.0,2090.5,1537.6,2104.0,1424.0,1779.0,44.8,63.4,40.7,57.5,36.6,46.5,29.8,44.4,39.2,52.8,37.0,52.8,36.4,63.4,44.8,100.0,63.8,89.2,57.7,81.5,52.4,66.8,43.2,63.7,55.8,75.0,53.1,75.1,52.0,63.8,40.0,40.0,40.0,40.0,40.0,40.0,40.0,37.0,139,135,145,142,144,140,127,73,77,67,70,68,72,85,142,145,Không,Không,Không,Không,Không,Không,Không,Không,Không,Không,Không,Không,Không,Không,Không,Không,Không,Không,Không,Không,Không,Không,Không,Không,145,145,40.360,45.744,43.108,2.651,65.0,85.0,134.0,134.0,41.000,44.6,62.5,40.5,57.5,36.6,46.6,28.3,44.1,39.6,52.4,38.5,52.7,35.7,16.8,4.6,15.2,25.0,24.0,14.6,17.6,1593.7,16.00,22,22,22,52,74,880,2,Đúng,Không,Không,Không,Không,Không,Không,Không,Không,Không,Không,Không,Đúng,Đúng,Không,Không,Không,Không,Không,Không,Không,Không,Không,Không,Không,Không,Không,Không,Không,Không,Không,Không,Không,Không,Không,Không,Không,Không,Không,Không,Không,170.6,117,138,145,160,1.020,3.324,11.880,4.950,0.024,1.308,1.212,3.360,3.144,3.072,1614,0,0,Đúng,120,Không,Không,113,92.0,Không,Không,8828,12973,45315,129,87.0,100.0,Không,Không,46189,41443,100.0,96.6,100.0,17.149,2.493,39132,23097,23.0,0.5,23.5,20.279,0.104,438,726,24.3,0.8,25.1,14.995,0.937,25581,83828,113.8,128.2,181.4,0.675,6.283,4.898,12.000,0.076,6.024,6.207,0.184,19.600,19.600,139.0,405.0,544.0,134.1,401.9,20.0,18.0,0.0,5.0,41.3,5.1,10.2,0.0,50,Đúng,Không,Không,Không,Không,Đúng,Không,7,0,0,0,0,0,0,0,0,206,0,0,0,0,0,0,0,0,0,0,0,0,0,0,0,0,0,0,0,0,2403,1693,1616,114,2.5,75.0,76.6,73.4,73.1,73.1,73.1,75.0,75.4,74.7,74.7,74.7,74.7,13.34,13.65,13.00,12.96,13.73,13.73,0.78,0.19,13.21,0.13,0.12,16739,1516,5.2,7.5,0,50.0,52,
8.10.2026,20:15:4.485,31201,64917,32.4,19890,29124,40.5,1.0,47104,476,1.050,1.054,1.046,1.050,1.051,1.051,1.047,3984.3,3984.3,3984.3,3984.3,3984.3,3984.3,3984.3,99.6,3685.5,996.1,2063.7,2303.6,1522.7,2220.5,1755.7,2265.5,1768.2,1928.6,2904.4,2094.3,1606.1,2051.9,2343.5,2063.7,54.3,60.9,41.5,58.8,45.5,59.6,46.0,50.4,75.3,55.5,44.6,53.6,59.8,75.3,54.3,100.0,76.6,86.1,59.1,83.8,64.9,84.2,65.3,71.2,104.8,78.4,62.9,75.6,83.5,76.6,40.0,40.0,40.0,40.0,40.0,40.0,40.0,37.0,143,149,147,145,140,136,140,69,63,65,67,72,76,72,149,149,Không,Không,Không,Không,Không,Không,Không,Không,Không,Không,Không,Không,Không,Không,Không,Không,Không,Không,Không,Không,Không,Không,Không,Không,147,147,39.399,40.464,37.999,2.511,65.0,85.0,134.0,134.0,39.000,51.7,57.7,38.2,55.6,44.0,56.8,44.3,48.3,72.8,52.5,40.2,51.4,58.7,12.8,15.2,15.5,14.6,2.0,17.6,11.7,1593.7,16.00,22,22,22,52,74,880,2,Đúng,Không,Không,Không,Không,Không,Không,Không,Không,Không,Không,Không,Đúng,Đúng,Không,Không,Không,Không,Không,Không,Không,Không,Không,Không,Không,Không,Không,Không,Không,Không,Không,Không,Không,Không,Không,Không,Không,Không,Không,Không,Không,172.4,117,138,145,158,1.032,3.324,11.808,5.010,0.024,1.308,1.212,3.360,3.144,3.072,1577,0,0,Đúng,120,Không,Không,113,92.0,Không,Không,8828,12973,45315,129,87.0,100.0,Không,Không,46189,41443,100.0,73.0,100.0,10.356,1.503,39152,23100,0.0,0.0,0.0,0.000,0.041,438,726,0.9,0.5,1.4,0.081,0.941,25581,83829,113.8,128.2,181.4,0.675,6.288,4.900,12.000,0.076,6.024,6.212,0.188,19.600,19.600,139.0,405.0,544.0,134.1,402.6,20.0,18.0,0.0,5.0,41.3,5.3,10.7,0.0,50,Đúng,Không,Không,Không,Không,Đúng,Không,7,0,0,0,0,0,0,0,0,206,0,0,0,0,0,0,0,0,0,0,0,0,0,0,0,0,0,0,0,0,2403,1693,1616,114,2.5,75.0,76.5,73.2,72.9,72.9,72.9,75.0,75.4,74.7,74.7,74.7,74.7,13.34,13.72,13.03,13.01,13.76,13.76,0.76,0.36,13.20,0.13,0.12,16739,1516,208.5,9.7,0,50.0,52,
8.10.2026,20:15:7.632,31240,64878,32.5,19921,29093,40.6,1.0,47104,476,1.046,1.047,1.042,1.042,1.050,1.054,1.039,3984.3,3984.3,3984.3,3984.3,3984.3,3984.3,3984.3,99.6,3685.5,996.1,1930.6,2239.4,1612.5,2729.9,1482.6,1965.4,1437.3,1828.4,1984.5,2208.6,2035.6,1908.5,1734.6,1930.6,49.9,60.0,41.8,70.3,38.6,52.0,38.1,53.5,47.2,55.2,44.6,51.2,46.7,70.3,49.9,100.0,70.9,85.0,59.5,99.1,55.4,74.3,54.6,75.7,66.7,78.5,63.3,73.0,66.2,70.9,40.0,40.0,40.0,40.0,40.0,40.0,40.0,37.0,139,142,136,140,131,144,144,73,70,76,72,81,68,68,145,144,Không,Không,Không,Không,Không,Không,Không,Không,Không,Không,Không,Không,Không,Không,Không,Không,Không,Không,Không,Không,Không,Không,Không,Không,144,144,35.555,41.276,38.778,2.526,65.0,85.0,134.0,134.0,36.000,48.4,56.1,40.4,68.4,37.1,49.2,36.0,45.8,49.7,55.3,51.0,47.8,43.4,11.6,2.6,5.1,18.1,18.0,12.0,13.8,1593.7,16.00,22,22,22,52,74,880,2,Đúng,Không,Không,Không,Không,Không,Không,Không,Không,Không,Không,Không,Đúng,Đúng,Không,Không,Không,Không,Không,Không,Không,Không,Không,Không,Không,Không,Không,Không,Không,Không,Không,Không,Không,Không,Không,Không,Không,Không,Không,Không,Không,168.8,117,138,145,160,1.008,3.285,11.808,4.980,0.024,1.308,1.212,3.360,3.144,3.072,1591,0,0,Đúng,120,Không,Không,113,92.0,Không,Không,8828,12973,45315,129,87.0,100.0,Không,Không,46189,41443,100.0,100.0,100.0,7.222,2.682,39185,23110,0.1,0.0,0.1,0.038,0.055,439,726,1.1,1.8,2.9,1.831,5.108,25585,83843,113.8,128.2,181.4,0.675,6.282,4.898,12.000,0.076,6.024,6.206,0.183,19.600,19.600,139.0,405.0,544.0,134.1,401.6,20.0,18.0,0.0,5.0,41.3,5.3,10.7,0.0,50,Đúng,Không,Không,Không,Không,Đúng,Không,7,0,0,0,0,0,0,0,0,206,0,0,0,0,0,0,0,0,0,0,0,0,0,0,0,0,0,0,0,0,2403,1693,1616,114,2.5,75.0,76.7,74.0,73.8,73.8,73.8,75.0,75.6,74.5,74.5,74.4,74.4,13.33,13.55,12.99,12.92,13.57,13.57,0.78,0.19,13.20,0.13,0.10,16741,1516,302.5,15.0,0,50.0,52,
8.10.2026,20:15:10.484,31210,64908,32.4,19904,29110,40.6,1.0,47104,476,1.049,1.045,1.046,1.047,1.056,1.050,1.053,3984.3,3984.3,3984.3,3984.3,3984.3,3984.3,3984.3,99.6,3685.5,996.1,2098.1,2715.9,1531.5,2692.1,1780.8,3351.4,1322.6,2160.4,1700.7,2091.0,1672.5,2268.6,1889.9,2098.1,52.5,69.1,38.4,67.7,44.7,80.1,32.6,55.6,41.7,52.1,50.2,54.3,44.0,80.1,52.5,100.0,74.3,96.9,54.5,95.4,63.8,111.4,46.8,79.0,59.6,73.9,70.8,77.1,62.6,74.3,40.0,40.0,40.0,40.0,40.0,40.0,40.0,37.0,144,144,147,145,142,144,145,68,68,65,67,70,68,67,147,147,Không,Không,Không,Không,Không,Không,Không,Không,Không,Không,Không,Không,Không,Không,Không,Không,Không,Không,Không,Không,Không,Không,Không,Không,145,145,33.633,42.629,40.093,2.560,65.0,85.0,134.0,134.0,35.000,52.6,68.0,38.4,67.4,44.6,83.9,33.1,54.1,42.6,52.4,41.9,56.8,47.3,8.1,0.9,2.2,8.5,15.1,10.5,11.2,1593.7,16.00,22,22,22,52,74,880,2,Đúng,Không,Không,Không,Không,Không,Không,Không,Không,Không,Không,Không,Đúng,Đúng,Không,Không,Không,Không,Không,Không,Không,Không,Không,Không,Không,Không,Không,Không,Không,Không,Không,Không,Không,Không,Không,Không,Không,Không,Không,Không,Không,170.6,117,138,147,158,1.020,3.285,11.880,4.980,0.024,1.308,1.212,3.360,3.144,3.072,1603,0,0,Đúng,120,Không,Không,113,92.0,Không,Không,8828,12973,45315,129,87.0,100.0,Không,Không,46189,41443,100.0,80.3,100.0,7.227,2.450,39201,23115,0.1,0.1,0.2,0.045,0.086,439,726,2.1,9.5,11.7,3.735,4.698,25593,83853,114.1,128.5,181.4,0.675,6.286,4.899,12.000,0.076,6.024,6.210,0.186,19.600,19.600,139.0,405.0,544.0,134.1,402.4,19.0,18.0,0.0,5.0,41.3,5.1,10.3,0.0,50,Đúng,Không,Không,Không,Không,Đúng,Không,7,0,0,0,0,0,0,0,0,206,0,0,0,0,0,0,0,0,0,0,0,0,0,0,0,0,0,0,0,0,2403,1693,1616,114,2.5,75.0,76.9,73.4,73.2,73.1,73.1,75.0,75.3,74.7,74.6,74.6,74.6,13.33,13.65,12.98,12.95,13.67,13.67,0.75,0.01,13.19,0.14,0.11,16741,1516,241.5,19.6,0,50.0,52,
8.10.2026,20:15:14.091,31229,64889,32.4,19929,29086,40.6,1.0,47104,476,1.050,1.049,1.050,1.052,1.049,1.049,1.053,3984.3,3984.3,3984.3,3984.3,3984.3,3984.3,3984.3,99.6,3685.5,996.1,2415.4,2936.4,1987.9,2564.4,2247.5,2672.1,1850.1,2421.0,2824.8,2996.8,1863.7,2451.5,2168.9,2415.4,60.9,74.9,50.3,64.9,56.8,67.5,46.8,61.0,71.1,75.6,45.2,63.4,53.7,75.6,60.9,100.0,85.6,104.5,70.8,91.3,80.1,94.6,66.2,85.4,99.2,106.0,64.2,89.1,75.6,85.6,40.0,40.0,40.0,40.0,40.0,40.0,40.0,37.0,145,147,153,144,142,147,136,67,65,59,68,70,65,76,151,153,Không,Không,Không,Không,Không,Không,Không,Không,Không,Không,Không,Không,Không,Không,Không,Không,Không,Không,Không,Không,Không,Không,Không,Không,153,153,52.852,49.520,46.864,2.673,65.0,85.0,134.0,134.0,54.000,60.5,73.6,49.8,64.3,56.3,66.9,46.4,60.7,70.8,75.1,46.7,61.4,54.3,2.0,0.3,3.8,1.9,0.3,2.2,3.3,1593.7,16.00,22,22,22,52,74,880,2,Đúng,Không,Không,Không,Không,Không,Không,Không,Không,Không,Không,Không,Đúng,Đúng,Không,Không,Không,Không,Không,Không,Không,Không,Không,Không,Không,Không,Không,Không,Không,Không,Không,Không,Không,Không,Không,Không,Không,Không,Không,Không,Không,172.4,117,138,149,160,1.020,3.285,11.880,4.980,0.024,1.308,1.212,3.360,3.144,3.072,1614,0,0,Đúng,120,Không,Không,113,92.0,Không,Không,8828,12973,45315,129,87.0,100.0,Không,Không,46189,41443,100.0,95.5,100.0,4.320,2.670,39234,23122,0.0,0.0,0.1,0.022,0.039,439,726,0.2,2.3,2.5,0.166,9.559,25596,83874,114.0,128.4,181.4,0.675,6.283,4.898,12.000,0.076,6.024,6.207,0.184,19.600,19.600,139.0,405.0,544.0,134.1,402.0,20.0,18.0,0.0,5.0,41.3,5.3,10.6,0.0,50,Đúng,Không,Không,Không,Không,Đúng,Không,7,0,0,0,0,0,0,0,0,206,0,0,0,0,0,0,0,0,0,0,0,0,0,0,0,0,0,0,0,0,2403,1693,1616,114,2.5,75.0,76.8,73.3,72.4,72.3,72.3,75.0,75.3,74.7,74.7,74.7,74.7,13.33,13.67,13.01,12.82,13.84,13.84,0.75,0.01,13.20,0.13,0.09,16741,1516,78.1,6.9,0,50.0,52,
8.10.2026,20:15:16.980,31271,64847,32.5,19972,29042,40.7,1.0,47104,476,1.048,1.047,1.051,1.051,1.051,1.040,1.050,3984.3,3984.3,3984.3,3984.3,3984.3,3984.3,3984.3,99.6,3685.5,996.1,2764.8,3143.8,2313.9,2988.4,2671.0,2713.6,2832.8,2923.3,2598.7,2752.0,2519.7,3025.4,2695.4,2764.8,71.8,82.7,60.3,77.4,69.2,71.1,74.4,76.7,67.1,72.0,66.8,77.2,67.0,82.7,71.8,100.0,100.7,115.2,85.0,108.6,97.3,99.8,104.0,107.4,93.8,101.2,93.8,108.0,94.1,100.7,40.0,40.0,40.0,40.0,40.0,40.0,40.0,37.0,142,144,145,147,138,140,138,70,68,67,65,74,72,74,145,147,Không,Không,Không,Không,Không,Không,Không,Không,Không,Không,Không,Không,Không,Không,Không,Không,Không,Không,Không,Không,Không,Không,Không,Không,147,147,41.321,51.716,49.044,2.704,65.0,85.0,134.0,134.0,45.000,69.3,78.8,58.0,74.9,66.9,68.0,71.0,73.2,65.1,69.0,63.1,75.8,67.5,0.1,0.0,0.2,0.0,0.5,0.0,0.1,1593.7,16.00,22,22,22,52,74,880,2,Đúng,Không,Không,Không,Không,Không,Không,Không,Không,Không,Không,Không,Đúng,Không,Không,Không,Không,Không,Không,Không,Không,Không,Không,Không,Không,Không,Không,Không,Không,Không,Không,Không,Không,Không,Không,Không,Không,Không,Không,Không,Không,172.4,117,138,145,160,1.020,3.285,11.880,5.010,0.024,1.308,1.212,3.360,3.144,3.072,1607,0,0,Đúng,120,Không,Không,113,92.0,Không,Không,8828,12973,45315,129,87.0,100.0,Không,Không,46189,41443,100.0,59.2,100.0,17.727,1.284,39269,23125,0.1,0.1,0.2,0.058,0.090,439,727,0.5,2.4,2.9,0.239,7.725,25597,83889,113.9,128.3,181.4,0.675,6.287,4.900,12.000,0.076,6.024,6.211,0.188,19.600,19.600,139.0,405.0,544.0,134.1,402.4,18.0,17.0,0.0,4.0,41.3,5.4,10.8,0.0,50,Đúng,Không,Không,Không,Không,Đúng,Không,7,0,0,0,0,0,0,0,0,206,0,0,0,0,0,0,0,0,0,0,0,0,0,0,0,0,0,0,0,0,2403,1693,1616,114,2.5,75.0,76.4,73.3,73.2,73.2,73.2,75.0,75.4,74.5,74.3,74.3,74.3,13.33,13.68,13.06,13.06,13.69,13.69,0.79,0.03,13.19,0.14,0.10,16742,1516,264.3,19.2,0,50.0,52,
8.10.2026,20:15:20.616,31248,64870,32.5,19972,29042,40.7,1.0,47104,476,1.052,1.054,1.049,1.052,1.054,1.055,1.050,3984.3,3984.3,3984.3,3984.3,3984.3,3984.3,3984.3,99.6,3685.5,996.1,2634.4,2949.4,2118.3,2975.9,2492.6,2803.4,2250.8,2684.8,2473.0,2906.9,2216.4,2924.1,2817.2,2634.4,67.4,77.1,55.4,76.6,64.2,72.9,58.9,70.0,63.1,75.0,60.2,73.3,62.3,77.1,67.4,100.0,95.0,108.1,78.7,107.8,90.8,102.8,83.6,98.6,89.1,105.3,85.1,102.8,87.9,95.0,40.0,40.0,40.0,40.0,40.0,40.0,40.0,37.0,144,145,147,144,142,140,144,68,67,65,68,70,72,68,145,147,Không,Không,Không,Không,Không,Không,Không,Không,Không,Không,Không,Không,Không,Không,Không,Không,Không,Không,Không,Không,Không,Không,Không,Không,149,149,46.126,45.861,43.301,2.582,65.0,85.0,134.0,134.0,50.000,66.0,73.9,53.1,74.6,62.5,70.2,56.4,67.3,62.0,72.8,55.5,73.3,70.6,0.3,0.2,0.6,0.4,0.0,0.8,0.0,1593.7,16.00,22,22,22,52,74,880,2,Đúng,Không,Không,Không,Không,Không,Không,Không,Không,Không,Không,Không,Đúng,Đúng,Không,Không,Không,Không,Không,Không,Không,Không,Không,Không,Không,Không,Không,Không,Không,Không,Không,Không,Không,Không,Không,Không,Không,Không,Không,Không,Không,172.4,117,138,149,160,1.032,3.324,11.808,4.950,0.024,1.308,1.212,3.360,3.144,3.072,1607,0,0,Đúng,120,Không,Không,113,92.0,Không,Không,8828,12973,45315,129,87.0,100.0,Không,Không,46189,41443,100.0,90.2,100.0,11.795,2.203,39309,23135,0.1,0.0,0.2,0.072,0.068,439,727,0.4,0.5,0.9,0.185,0.688,25598,83894,113.7,128.1,181.4,0.675,6.287,4.900,12.000,0.076,6.024,6.211,0.188,19.600,19.600,139.0,405.0,544.0,134.1,403.1,20.0,18.0,0.0,5.0,41.3,5.2,10.4,0.0,50,Đúng,Không,Không,Không,Không,Đúng,Không,7,0,0,0,0,0,0,0,0,206,0,0,0,0,0,0,0,0,0,0,0,0,0,0,0,0,0,0,0,0,2403,1693,1616,122,2.5,75.0,77.0,73.0,72.7,72.7,72.7,75.0,75.3,74.6,74.5,74.5,74.5,13.33,13.80,12.89,12.79,14.00,14.00,0.79,0.20,13.20,0.14,0.14,16742,1516,124.2,12.0,0,50.0,52,
8.10.2026,20:15:24.749,31259,64859,32.5,19978,29037,40.7,1.0,47104,476,1.046,1.048,1.046,1.045,1.044,1.044,1.046,3984.3,3984.3,3984.3,3984.3,3984.3,3984.3,3984.3,99.6,3685.5,996.1,2552.9,2789.2,2100.9,2850.5,2456.5,2527.6,2280.1,2220.8,2679.1,2992.5,2325.6,2812.2,2599.8,2552.9,65.4,73.4,54.4,73.5,63.6,66.1,59.7,57.5,81.1,69.3,58.5,65.7,61.8,81.1,65.4,100.0,92.0,103.0,76.9,103.3,89.5,93.3,84.2,80.9,113.0,97.4,82.5,92.8,87.0,92.0,40.0,40.0,40.0,40.0,40.0,40.0,40.0,37.0,144,145,145,145,144,142,140,68,67,67,67,68,70,72,147,145,Không,Không,Không,Không,Không,Không,Không,Không,Không,Không,Không,Không,Không,Không,Không,Không,Không,Không,Không,Không,Không,Không,Không,Không,151,151,51.891,45.395,42.858,2.580,65.0,85.0,134.0,134.0,52.000,64.0,69.9,52.6,71.4,61.5,63.3,57.1,55.6,67.1,75.0,58.3,70.5,65.1,1.8,2.1,1.6,5.3,0.0,1.5,0.0,1593.7,16.00,22,22,22,52,74,880,2,Đúng,Không,Không,Không,Không,Không,Không,Không,Không,Không,Không,Không,Đúng,Đúng,Không,Không,Không,Không,Không,Không,Không,Không,Không,Không,Không,Không,Không,Không,Không,Không,Không,Không,Không,Không,Không,Không,Không,Không,Không,Không,Không,172.4,117,138,149,160,1.020,3.285,11.880,4.980,0.024,1.320,1.212,3.360,3.144,3.072,1610,0,0,Đúng,120,Không,Không,113,92.0,Không,Không,8828,12973,45315,129,87.0,100.0,Không,Không,46189,41443,100.0,100.0,100.0,10.193,1.877,39334,23141,0.2,0.0,0.2,0.088,0.063,440,727,0.5,1.6,2.0,0.191,3.007,25599,83897,114.0,128.4,181.4,0.675,6.281,4.897,12.000,0.076,6.024,6.205,0.182,19.600,19.600,139.0,405.0,544.0,134.1,402.7,20.0,18.0,0.0,5.0,41.3,5.4,10.7,0.0,50,Đúng,Không,Không,Không,Không,Đúng,Không,7,0,0,0,0,0,0,0,0,206,0,0,0,0,0,0,0,0,0,0,0,0,0,0,0,0,0,0,0,0,2403,1693,1616,122,2.5,75.0,76.9,73.3,73.1,73.1,73.1,75.0,75.3,74.7,74.7,74.7,74.7,13.33,13.70,12.90,12.86,13.77,13.77,0.76,0.54,13.19,0.14,0.13,16743,1516,428.0,10.4,0,50.0,52,
8.10.2026,20:15:27.643,31315,64804,32.5,20017,28997,40.8,1.0,47104,476,1.053,1.056,1.049,1.059,1.051,1.052,1.053,3984.3,3984.3,3984.3,3984.3,3984.3,3984.3,3984.3,99.6,3685.5,996.1,2446.4,2777.9,1968.2,2906.7,2351.7,2608.4,2173.5,2396.5,2303.2,2741.5,2246.8,2620.3,2261.9,2446.4,63.7,73.6,51.6,74.5,60.5,70.4,55.2,62.7,66.3,67.1,55.7,69.0,57.9,74.5,63.7,100.0,89.8,103.3,73.2,104.4,85.3,99.0,78.1,88.5,92.9,94.9,78.7,97.1,81.7,89.8,40.0,40.0,40.0,40.0,40.0,40.0,40.0,37.0,143,144,151,144,142,144,136,69,68,61,68,70,68,76,153,151,Không,Không,Không,Không,Không,Không,Không,Không,Không,Không,Không,Không,Không,Không,Không,Không,Không,Không,Không,Không,Không,Không,Không,Không,151,151,37.477,46.505,43.956,2.571,65.0,85.0,134.0,134.0,40.000,61.3,69.6,49.3,72.8,58.9,65.4,54.5,60.0,57.7,68.7,56.3,65.7,56.7,1.1,0.0,0.0,0.2,2.7,0.0,3.9,1593.7,16.00,22,22,22,52,74,880,2,Đúng,Không,Không,Không,Không,Không,Không,Không,Không,Không,Không,Không,Đúng,Đúng,Không,Không,Không,Không,Không,Không,Không,Không,Không,Không,Không,Không,Không,Không,Không,Không,Không,Không,Không,Không,Không,Không,Không,Không,Không,Không,Không,170.6,117,138,149,160,1.020,3.344,11.808,4.920,0.024,1.320,1.212,3.360,3.144,3.072,1610,0,0,Đúng,120,Không,Không,113,92.0,Không,Không,8828,12973,45315,129,87.0,100.0,Không,Không,46189,41443,100.0,90.0,100.0,7.854,3.236,39366,23149,0.1,0.0,0.1,0.055,0.038,440,727,0.6,0.7,1.3,0.350,2.137,25600,83902,113.7,128.1,181.4,0.675,6.285,4.899,12.000,0.076,6.024,6.209,0.186,19.600,19.600,139.0,405.0,544.0,134.1,401.8,19.0,18.0,0.0,5.0,41.3,5.4,10.7,0.0,50,Đúng,Không,Không,Không,Không,Đúng,Không,7,0,0,0,0,0,0,0,0,206,0,0,0,0,0,0,0,0,0,0,0,0,0,0,0,0,0,0,0,0,2403,1693,1616,122,2.5,75.0,76.9,73.2,73.0,73.0,73.0,75.0,75.5,74.6,74.5,74.5,74.5,13.33,13.73,12.95,12.90,13.76,13.76,0.79,0.03,13.19,0.14,0.12,16743,1516,93.3,6.6,0,50.0,52,
8.10.2026,20:15:31.629,31291,64827,32.5,19999,29015,40.8,1.0,47104,476,1.054,1.055,1.054,1.054,1.053,1.054,1.055,3984.3,3984.3,3984.3,3984.3,3984.3,3984.3,3984.3,99.6,3685.5,996.1,2515.1,2776.7,2165.1,2694.9,2484.9,2727.9,2361.0,2883.3,2211.3,2699.3,2158.3,2443.1,2575.0,2515.1,64.6,73.3,56.4,69.7,64.1,71.1,61.6,76.4,55.3,67.9,53.6,63.1,62.4,76.4,64.6,100.0,90.7,102.6,79.3,97.7,89.9,99.7,86.6,106.9,77.9,95.3,75.6,88.9,87.6,90.7,40.0,40.0,40.0,40.0,40.0,40.0,40.0,37.0,142,145,147,142,142,135,144,70,67,65,70,70,77,68,149,147,Không,Không,Không,Không,Không,Không,Không,Không,Không,Không,Không,Không,Không,Không,Không,Không,Không,Không,Không,Không,Không,Không,Không,Không,149,149,48.048,46.299,43.722,2.595,65.0,85.0,134.0,134.0,48.000,63.0,69.5,54.2,67.5,62.3,68.3,59.2,72.2,55.4,67.6,54.1,61.2,64.5,2.0,0.2,1.0,1.9,1.2,2.9,5.0,1593.7,16.00,22,22,22,52,74,880,2,Đúng,Không,Không,Không,Không,Không,Không,Không,Không,Không,Không,Không,Đúng,Đúng,Không,Không,Không,Không,Không,Không,Không,Không,Không,Không,Không,Không,Không,Không,Không,Không,Không,Không,Không,Không,Không,Không,Không,Không,Không,Không,Không,170.6,117,138,149,160,1.032,3.285,11.808,4.980,0.024,1.308,1.212,3.360,3.144,3.072,1610,0,0,Đúng,120,Không,Không,113,92.0,Không,Không,8828,12973,45315,129,87.0,100.0,Không,Không,46189,41443,100.0,100.0,100.0,40.823,1.419,39461,23156,0.2,0.1,0.3,0.106,0.106,440,727,0.5,1.9,2.4,0.362,4.853,25619,83911,113.9,128.3,181.4,0.675,6.286,4.899,12.000,0.076,6.024,6.210,0.187,19.600,19.600,139.0,405.0,544.0,134.1,401.6,20.0,18.0,0.0,5.0,41.3,5.2,10.4,0.0,50,Đúng,Không,Không,Không,Không,Đúng,Không,7,0,0,0,0,0,0,0,0,206,0,0,0,0,0,0,0,0,0,0,0,0,0,0,0,0,0,0,0,0,2403,1693,1616,122,2.5,75.0,76.9,73.0,72.4,72.4,72.4,75.0,75.6,74.4,74.4,74.4,74.4,13.33,13.75,12.92,12.86,13.99,13.99,0.72,0.37,13.19,0.14,0.14,16744,1516,142.0,6.9,0,50.0,52,
8.10.2026,20:15:34.821,31278,64840,32.5,19982,29032,40.7,1.0,47104,476,1.051,1.057,1.051,1.051,1.048,1.052,1.050,3984.3,3984.3,3984.3,3984.3,3984.3,3984.3,3984.3,99.6,3685.5,996.1,1992.5,2311.5,1511.7,3232.5,1574.1,2180.1,1551.0,2062.5,1693.7,2405.9,1394.6,2200.1,1792.2,1992.5,50.1,58.9,38.0,81.2,39.2,54.7,38.7,51.8,42.2,58.9,35.7,55.3,46.6,81.2,50.1,100.0,70.8,83.1,54.0,113.1,55.8,77.8,55.1,73.4,60.0,83.1,51.1,77.8,65.7,70.8,40.0,40.0,40.0,40.0,40.0,40.0,40.0,37.0,143,144,149,145,144,144,133,69,68,63,67,68,68,79,149,149,Không,Không,Không,Không,Không,Không,Không,Không,Không,Không,Không,Không,Không,Không,Không,Không,Không,Không,Không,Không,Không,Không,Không,Không,153,153,48.048,48.836,46.213,2.657,65.0,85.0,134.0,134.0,49.000,49.9,57.9,37.9,81.0,39.4,54.6,38.8,51.7,42.4,60.3,34.9,55.1,44.9,11.5,10.7,2.3,18.0,16.1,8.6,13.0,1593.7,16.00,22,22,22,52,74,880,2,Đúng,Không,Không,Không,Không,Không,Không,Không,Không,Không,Không,Không,Đúng,Đúng,Không,Không,Không,Không,Không,Không,Không,Không,Không,Không,Không,Không,Không,Không,Không,Không,Không,Không,Không,Không,Không,Không,Không,Không,Không,Không,Không,170.6,117,138,149,160,1.032,3.344,11.808,4.950,0.024,1.308,1.212,3.360,3.144,3.072,1614,0,0,Đúng,120,Không,Không,113,92.0,Không,Không,8828,12973,45315,127,87.0,100.0,Không,Không,46189,41443,100.0,82.5,100.0,33.079,1.823,39525,23159,0.1,0.1,0.2,0.040,0.046,440,727,0.3,0.9,1.2,0.140,2.917,25619,83917,113.8,128.2,181.4,0.675,6.286,4.899,12.000,0.076,6.024,6.210,0.187,19.600,19.600,139.0,405.0,544.0,134.1,402.7,20.0,18.0,0.0,5.0,41.3,5.3,10.6,0.0,50,Đúng,Không,Không,Không,Không,Đúng,Không,7,0,0,0,0,0,0,0,0,206,0,0,0,0,0,0,0,0,0,0,0,0,0,0,0,0,0,0,0,0,2403,1693,1616,123,2.5,75.0,76.5,73.2,72.7,72.6,72.6,75.0,75.5,74.5,74.3,74.3,74.3,13.33,13.72,13.00,12.97,13.85,13.85,0.79,0.01,13.20,0.13,0.11,16744,1516,71.1,6.5,0,50.0,52,
8.10.2026,20:15:45.768,31324,64795,32.5,20047,28967,40.9,1.0,47104,476,1.052,1.051,1.055,1.050,1.051,1.051,1.052,3984.3,3984.3,3984.3,3984.3,3984.3,3984.3,3984.3,99.6,3685.5,996.1,2361.7,2837.6,1800.3,2537.1,2308.2,2972.6,1813.7,2246.2,2807.5,2436.3,1870.6,2421.3,2288.3,2361.7,61.1,73.1,46.6,65.6,59.1,77.3,48.2,57.6,72.6,62.2,49.4,62.6,58.8,77.3,61.1,100.0,85.5,101.8,65.4,91.9,82.8,107.7,67.8,80.7,100.9,87.3,69.6,87.9,82.2,85.5,40.0,40.0,40.0,40.0,40.0,40.0,40.0,37.0,141,142,149,144,140,135,135,71,70,63,68,72,77,77,149,149,Không,Không,Không,Không,Không,Không,Không,Không,Không,Không,Không,Không,Không,Không,Không,Không,Không,Không,Không,Không,Không,Không,Không,Không,151,151,47.087,54.566,51.858,2.757,65.0,85.0,134.0,134.0,47.000,59.2,71.0,45.1,63.6,57.8,74.4,45.4,56.3,70.3,61.0,46.9,60.6,57.3,5.4,2.1,8.1,5.5,3.3,8.4,4.9,1593.7,16.00,22,22,22,52,74,880,2,Đúng,Không,Không,Không,Không,Không,Không,Không,Không,Không,Không,Không,Đúng,Đúng,Không,Không,Không,Không,Không,Không,Không,Không,Không,Không,Không,Không,Không,Không,Không,Không,Không,Không,Không,Không,Không,Không,Không,Không,Không,Không,Không,172.4,117,138,145,160,1.020,3.285,11.880,4.980,0.024,1.308,1.212,3.360,3.144,3.072,1614,0,0,Đúng,120,Không,Không,113,92.0,Không,Không,8828,12973,45315,127,87.0,100.0,Không,Không,46189,41443,100.0,91.7,100.0,7.350,1.993,39636,23177,0.0,0.1,0.1,0.020,0.088,441,728,3.4,1.5,4.9,2.988,6.433,25626,83945,114.0,128.4,181.4,0.675,6.284,4.899,12.000,0.076,6.024,6.208,0.184,19.600,19.600,139.0,405.0,544.0,134.1,402.0,20.0,18.0,0.0,5.0,41.3,5.2,10.4,0.0,50,Đúng,Không,Không,Không,Không,Đúng,Không,7,0,0,0,0,0,0,0,0,206,0,0,0,0,0,0,0,0,0,0,0,0,0,0,0,0,0,0,0,0,2403,1693,1616,123,2.5,75.0,76.0,74.2,74.0,74.0,74.0,75.0,75.3,74.7,74.7,74.7,74.7,13.33,13.51,13.12,13.12,13.56,13.56,0.79,0.01,13.20,0.13,0.07,16746,1516,13.3,10.8,0,51.8,52,
8.10.2026,20:15:52.368,31313,64806,32.5,20055,28959,40.9,1.0,47104,476,1.046,1.049,1.045,1.043,1.046,1.047,1.050,3984.3,3984.3,3984.3,3984.3,3984.3,3984.3,3984.3,99.6,3685.5,996.1,2252.0,2550.5,2004.6,2252.0,2134.0,2757.3,1770.1,2498.6,2091.1,2430.9,2029.6,2352.7,2152.1,2252.0,58.2,67.6,52.5,59.4,55.6,71.5,46.4,63.3,56.9,66.2,48.7,57.1,52.5,71.5,58.2,100.0,81.8,95.0,73.6,83.9,78.1,100.3,65.5,88.7,79.8,93.1,68.7,80.6,73.9,81.7,40.0,40.0,40.0,40.0,40.0,40.0,40.0,37.0,144,145,147,145,145,140,140,68,67,65,67,67,72,72,147,147,Không,Không,Không,Không,Không,Không,Không,Không,Không,Không,Không,Không,Không,Không,Không,Không,Không,Không,Không,Không,Không,Không,Không,Không,151,151,42.282,35.970,33.551,2.438,65.0,85.0,134.0,134.0,40.000,56.4,63.9,50.2,56.4,53.5,69.1,44.4,62.6,52.4,60.9,50.9,59.0,53.9,7.6,2.9,12.7,6.6,9.7,6.5,7.3,1593.7,16.00,22,22,22,52,74,880,2,Đúng,Không,Không,Không,Không,Không,Không,Không,Không,Không,Không,Không,Đúng,Đúng,Không,Không,Không,Không,Không,Không,Không,Không,Không,Không,Không,Không,Không,Không,Không,Không,Không,Không,Không,Không,Không,Không,Không,Không,Không,Không,Không,170.6,117,138,147,160,1.008,3.285,11.880,4.950,0.024,1.320,1.212,3.360,3.144,3.072,1610,0,0,Đúng,120,Không,Không,113,92.0,Không,Không,8828,12973,45315,127,87.0,100.0,Không,Không,46189,41443,100.0,100.0,100.0,26.218,1.963,39709,23191,0.1,0.0,0.1,0.025,0.077,441,729,0.2,0.2,0.5,0.100,0.145,25645,83954,113.8,128.2,181.4,0.675,6.284,4.899,12.000,0.076,6.024,6.208,0.184,19.600,19.600,139.0,405.0,544.0,134.1,401.9,23.0,19.0,0.0,6.0,41.3,5.3,10.6,0.0,50,Đúng,Không,Không,Không,Không,Đúng,Không,7,0,0,0,0,0,0,0,0,206,0,0,0,0,0,0,0,0,0,0,0,0,0,0,0,0,0,0,0,0,2403,1693,1616,123,2.5,75.0,76.6,73.3,73.2,73.2,73.2,75.0,75.4,74.7,74.6,74.6,74.6,13.33,13.66,13.05,13.02,13.69,13.69,0.79,0.01,13.20,0.14,0.11,16747,1516,100.0,20.6,0,50.0,52,
8.10.2026,20:15:56.133,31206,64913,32.4,19977,29037,40.7,1.0,47104,476,1.047,1.062,1.054,1.042,1.032,1.035,1.055,3984.3,3984.3,3984.3,3984.3,3984.3,3984.3,3984.3,99.6,3685.5,996.1,2291.1,2890.7,1756.4,2344.7,2326.9,2515.7,2018.4,2481.7,2095.4,2648.0,1944.9,2438.1,2032.6,2291.1,60.1,76.2,46.5,61.3,60.4,65.4,52.7,64.7,54.4,68.6,52.2,65.7,53.5,76.2,60.1,100.0,84.5,106.5,65.5,86.3,84.8,91.7,74.1,90.9,76.5,96.5,73.5,92.3,75.4,84.5,40.0,40.0,40.0,40.0,40.0,40.0,40.0,37.0,134,133,140,131,129,147,126,78,79,72,81,83,65,86,147,147,Không,Không,Không,Không,Không,Không,Không,Không,Không,Không,Không,Không,Không,Không,Không,Không,Không,Không,Không,Không,Không,Không,Không,Không,149,149,38.438,41.096,38.579,2.534,65.0,85.0,134.0,134.0,40.000,57.4,72.4,44.0,58.7,58.3,63.0,50.6,62.2,52.5,66.3,48.7,61.1,50.9,5.2,1.3,6.4,5.2,6.3,5.0,7.2,1593.7,16.00,22,22,22,52,74,880,2,Đúng,Không,Không,Không,Không,Không,Không,Không,Không,Không,Không,Không,Đúng,Đúng,Không,Không,Không,Không,Không,Không,Không,Không,Không,Không,Không,Không,Không,Không,Không,Không,Không,Không,Không,Không,Không,Không,Không,Không,Không,Không,Không,170.6,117,138,147,160,1.044,3.344,11.808,4.980,0.024,1.308,1.212,3.360,3.144,3.072,1614,0,0,Đúng,120,Không,Không,113,92.0,Không,Không,8828,12973,45315,129,87.0,100.0,Không,Không,46189,41443,100.0,95.1,100.0,32.269,1.846,39835,23196,0.1,0.0,0.1,0.039,0.035,441,729,8.9,0.4,9.3,4.784,1.355,25655,83959,113.8,128.2,181.4,0.675,6.283,4.898,12.000,0.076,6.024,6.207,0.184,19.600,19.600,139.0,405.0,544.0,134.1,402.5,21.0,18.0,0.0,5.0,41.3,5.5,10.9,0.0,50,Đúng,Không,Không,Không,Không,Đúng,Không,7,0,0,0,0,0,0,0,0,206,0,0,0,0,0,0,0,0,0,0,0,0,0,0,0,0,0,0,0,0,2403,1693,1616,123,2.5,75.0,76.9,73.3,73.3,73.3,73.3,75.0,75.4,74.6,74.4,74.4,74.4,13.33,13.74,12.89,12.89,13.84,13.84,0.81,0.19,13.20,0.14,0.12,16747,1516,141.6,21.5,0,50.0,52,
8.10.2026,20:16:0.909,31270,64848,32.5,20034,28980,40.8,1.0,47104,476,1.046,1.056,1.038,1.026,1.053,1.048,1.054,3984.3,3984.3,3984.3,3984.3,3984.3,3984.3,3984.3,99.6,3685.5,996.1,2018.5,2756.9,2050.3,2104.2,1878.4,2145.0,1617.5,2119.2,1805.7,2095.8,1530.4,1996.1,2123.0,2018.5,53.5,72.9,51.7,56.6,50.2,56.2,43.0,55.8,47.9,57.6,41.1,53.6,55.6,72.9,53.5,100.0,75.7,102.0,72.8,80.2,71.0,79.9,61.3,78.9,67.8,81.4,58.7,75.9,78.2,75.7,40.0,40.0,40.0,40.0,40.0,40.0,40.0,37.0,133,151,129,135,133,127,126,79,61,83,77,79,85,86,151,151,Không,Không,Không,Không,Không,Không,Không,Không,Không,Không,Không,Không,Không,Không,Không,Không,Không,Không,Không,Không,Không,Không,Không,Không,151,151,41.321,42.441,39.901,2.577,65.0,85.0,134.0,134.0,45.000,50.6,69.1,51.4,52.7,47.1,53.7,40.5,53.1,45.2,52.5,38.3,50.0,53.2,13.3,0.0,16.4,13.6,16.3,19.8,14.1,1593.7,16.00,22,22,22,52,74,880,2,Đúng,Không,Không,Không,Không,Không,Không,Không,Không,Không,Không,Không,Đúng,Đúng,Không,Không,Không,Không,Không,Không,Không,Không,Không,Không,Không,Không,Không,Không,Không,Không,Không,Không,Không,Không,Không,Không,Không,Không,Không,Không,Không,172.4,117,138,147,160,1.008,3.285,11.880,4.950,0.024,1.308,1.212,3.360,3.144,3.072,1614,0,0,Đúng,120,Không,Không,113,92.0,Không,Không,8828,12973,45315,129,87.0,100.0,Không,Không,46189,41443,100.0,93.4,100.0,16.963,2.018,39932,23203,0.2,0.0,0.3,0.124,0.070,441,729,7.9,0.7,8.6,9.944,0.804,25674,83964,113.8,128.2,181.4,0.675,6.282,4.898,12.000,0.076,6.024,6.206,0.183,19.600,19.600,139.0,405.0,544.0,134.1,402.0,19.0,18.0,0.0,5.0,41.3,5.2,10.5,0.0,50,Đúng,Không,Không,Không,Không,Đúng,Không,7,0,0,0,0,0,0,0,0,206,0,0,0,0,0,0,0,0,0,0,0,0,0,0,0,0,0,0,0,0,2403,1693,1616,123,2.5,75.0,76.4,73.6,73.5,73.5,73.5,75.0,75.3,74.7,74.6,74.6,74.6,13.34,13.64,12.97,12.94,13.69,13.69,0.73,0.02,13.21,0.13,0.09,16748,1516,236.4,52.3,0,50.0,52,
8.10.2026,20:16:4.848,31141,64977,32.3,19899,29116,40.5,1.0,47104,476,1.046,1.042,1.044,1.055,1.044,1.044,1.045,3984.3,3984.3,3984.3,3984.3,3984.3,3984.3,3984.3,99.6,3685.5,996.1,2351.5,2648.7,2109.1,2724.4,2159.1,2866.1,1947.2,2484.4,2046.7,2843.0,1754.4,2504.0,2130.6,2351.5,60.5,69.4,54.6,70.2,55.5,73.4,52.2,59.4,55.2,72.8,45.4,65.3,52.5,73.4,60.5,100.0,85.8,98.2,77.6,99.2,78.8,103.0,74.1,84.8,78.4,103.3,65.7,92.4,74.6,85.8,40.0,40.0,40.0,40.0,40.0,40.0,40.0,37.0,143,144,149,140,145,142,138,69,68,63,72,67,70,74,149,149,Không,Không,Không,Không,Không,Không,Không,Không,Không,Không,Không,Không,Không,Không,Không,Không,Không,Không,Không,Không,Không,Không,Không,Không,144,144,46.126,47.227,44.687,2.580,65.0,85.0,134.0,134.0,47.000,58.9,66.4,52.8,68.3,54.1,71.8,48.8,62.3,51.3,71.2,44.0,62.7,53.4,1.7,0.9,0.0,1.2,4.4,1.5,2.0,1593.7,16.00,22,22,22,52,74,880,2,Đúng,Không,Không,Không,Không,Không,Không,Không,Không,Không,Không,Không,Đúng,Đúng,Không,Không,Không,Không,Không,Không,Không,Không,Không,Không,Không,Không,Không,Không,Không,Không,Không,Không,Không,Không,Không,Không,Không,Không,Không,Không,Không,172.4,117,138,145,160,1.032,3.324,11.808,4.950,0.024,1.308,1.212,3.360,3.144,3.072,1614,0,0,Đúng,120,Không,Không,113,92.0,Không,Không,8828,12973,45315,129,87.0,100.0,Không,Không,46190,41443,100.0,100.0,100.0,14.144,2.428,40023,23209,0.0,0.0,0.0,0.000,0.045,441,729,0.3,0.3,0.6,0.345,0.346,25675,84001,114.1,128.5,181.4,0.675,6.276,4.895,12.000,0.076,6.024,6.200,0.176,19.600,19.600,139.0,405.0,544.0,134.1,402.8,21.0,18.0,0.0,6.0,41.3,5.3,10.6,0.0,50,Đúng,Không,Không,Không,Không,Đúng,Không,7,0,0,0,0,0,0,0,0,206,0,0,0,0,0,0,0,0,0,0,0,0,0,0,0,0,0,0,0,0,2403,1693,1616,123,2.5,75.0,76.1,74.0,73.7,73.7,73.7,75.0,75.4,74.6,74.5,74.5,74.5,13.33,13.55,13.11,13.05,13.59,13.59,0.75,0.01,13.20,0.14,0.09,16748,1516,229.1,9.4,0,50.0,52,
8.10.2026,20:16:8.524,31199,64919,32.4,19935,29079,40.6,1.0,47104,476,1.050,1.050,1.047,1.047,1.058,1.049,1.048,3984.3,3984.3,3984.3,3984.3,3984.3,3984.3,3984.3,99.6,3685.5,996.1,2537.5,2819.7,2176.1,2737.2,2489.8,2735.0,2415.1,2602.4,2514.4,2497.2,2341.6,2728.2,2393.5,2537.5,65.9,74.0,57.1,70.9,64.1,70.8,60.5,67.1,64.9,63.6,62.7,72.2,62.5,74.0,65.9,100.0,93.4,104.3,81.7,100.5,91.1,99.7,85.7,95.4,92.0,90.7,89.6,101.9,88.3,93.4,40.0,40.0,40.0,40.0,40.0,40.0,40.0,37.0,143,147,144,147,142,144,136,69,65,68,65,70,68,76,153,147,Không,Không,Không,Không,Không,Không,Không,Không,Không,Không,Không,Không,Không,Không,Không,Không,Không,Không,Không,Không,Không,Không,Không,Không,147,147,50.930,49.147,46.509,2.657,65.0,85.0,134.0,134.0,52.000,63.6,70.7,54.5,68.6,62.4,68.5,60.5,65.2,63.0,62.6,58.7,68.4,60.0,0.4,0.0,0.0,0.0,0.0,0.3,1.8,1593.7,16.00,22,22,22,52,74,880,2,Đúng,Không,Không,Không,Không,Không,Không,Không,Không,Không,Không,Không,Đúng,Không,Không,Không,Không,Không,Không,Không,Không,Không,Không,Không,Không,Không,Không,Không,Không,Không,Không,Không,Không,Không,Không,Không,Không,Không,Không,Không,Không,172.4,117,138,147,160,1.020,3.324,11.808,4.950,0.024,1.308,1.212,3.360,3.144,3.072,1618,0,0,Đúng,120,Không,Không,113,92.0,Không,Không,8828,12973,45315,127,87.0,100.0,Không,Không,46190,41443,100.0,100.0,100.0,18.215,2.487,40133,23217,0.0,0.0,0.1,0.020,0.041,441,730,0.4,0.2,0.6,0.201,0.239,25675,84007,114.1,128.5,181.4,0.675,6.315,4.911,12.000,0.076,6.024,6.239,0.215,19.600,19.600,139.0,405.0,544.0,134.1,401.8,17.0,17.0,0.0,4.0,41.3,5.5,11.0,0.0,50,Đúng,Không,Không,Không,Không,Đúng,Không,7,0,0,0,0,0,0,0,0,206,0,0,0,0,0,0,0,0,0,0,0,0,0,0,0,0,0,0,0,0,2403,1693,1616,123,2.5,75.0,76.7,73.5,73.0,72.9,72.9,75.0,75.3,74.7,74.7,74.7,74.7,13.34,13.65,13.02,13.01,13.80,13.80,0.76,0.19,13.20,0.14,0.12,16749,1517,14.5,14.5,0,50.0,52,
8.10.2026,20:16:13.252,31281,64837,32.5,19999,29016,40.8,1.0,47104,476,1.049,1.048,1.048,1.048,1.048,1.050,1.049,3984.3,3984.3,3984.3,3984.3,3984.3,3984.3,3984.3,99.6,3685.5,996.1,2334.7,2906.5,1696.6,2479.7,2375.6,2651.9,1941.5,2694.5,1954.0,2706.9,2035.6,2472.1,2101.3,2334.7,60.7,76.7,45.2,63.9,61.4,68.2,51.4,69.8,50.9,69.6,52.5,59.9,59.2,76.7,60.7,100.0,85.4,107.0,63.5,90.1,86.4,95.7,72.9,98.0,72.2,97.6,73.9,84.6,83.4,85.4,40.0,40.0,40.0,40.0,40.0,40.0,40.0,37.0,144,140,149,144,144,142,145,68,72,63,68,68,70,67,147,149,Không,Không,Không,Không,Không,Không,Không,Không,Không,Không,Không,Không,Không,Không,Không,Không,Không,Không,Không,Không,Không,Không,Không,Không,149,149,49.009,48.225,45.617,2.645,65.0,85.0,134.0,134.0,50.000,58.5,72.7,42.5,62.1,59.5,66.4,48.6,67.5,49.0,67.8,51.0,61.9,52.6,1.0,0.0,0.1,0.0,1.5,2.7,1.6,1593.7,16.00,22,22,22,52,74,880,2,Đúng,Không,Không,Không,Không,Không,Không,Không,Không,Không,Không,Không,Đúng,Đúng,Không,Không,Không,Không,Không,Không,Không,Không,Không,Không,Không,Không,Không,Không,Không,Không,Không,Không,Không,Không,Không,Không,Không,Không,Không,Không,Không,172.4,117,138,151,160,1.008,3.285,11.808,4.950,0.024,1.320,1.212,3.360,3.144,3.072,1610,0,0,Đúng,120,Không,Không,113,92.0,Không,Không,8828,12973,45315,129,87.0,100.0,Không,Không,46190,41443,100.0,83.1,100.0,61.999,1.402,40285,23222,0.2,0.0,0.2,0.095,0.045,442,730,0.4,0.5,0.9,0.241,1.278,25706,84010,113.8,128.2,181.4,0.675,6.282,4.898,12.000,0.076,6.024,6.206,0.182,19.600,19.600,139.0,405.0,544.0,134.1,402.5,21.0,18.0,0.0,5.0,41.3,5.3,10.6,0.0,50,Đúng,Không,Không,Không,Không,Đúng,Không,7,0,0,0,0,0,0,0,0,206,0,0,0,0,0,0,0,0,0,0,0,0,0,0,0,0,0,0,0,0,2403,1693,1616,122,2.5,75.0,76.5,73.6,72.7,72.6,72.6,75.0,75.4,74.6,74.6,74.6,74.6,13.33,13.66,13.04,12.93,13.85,13.85,0.75,0.47,13.20,0.13,0.10,16749,1517,4.2,5.1,0,51.8,52,
